$date
	Wed Jun 03 16:21:34 2026
$end
$version
	Icarus Verilog
$end
$timescale
	1ps
$end
$scope module tb_syn_gen $end
$var wire 1 ! O_de $end
$var wire 1 " O_hs $end
$var wire 1 # O_rden $end
$var wire 1 $ O_vs $end
$var reg 16 % I_h_bporch [15:0] $end
$var reg 16 & I_h_res [15:0] $end
$var reg 16 ' I_h_sync [15:0] $end
$var reg 16 ( I_h_total [15:0] $end
$var reg 1 ) I_hs_pol $end
$var reg 1 * I_pxl_clk $end
$var reg 16 + I_rd_hres [15:0] $end
$var reg 16 , I_rd_vres [15:0] $end
$var reg 1 - I_rst_n $end
$var reg 16 . I_v_bporch [15:0] $end
$var reg 16 / I_v_res [15:0] $end
$var reg 16 0 I_v_sync [15:0] $end
$var reg 16 1 I_v_total [15:0] $end
$var reg 1 2 I_vs_pol $end
$scope module dut $end
$var wire 16 3 I_h_bporch [15:0] $end
$var wire 16 4 I_h_res [15:0] $end
$var wire 16 5 I_h_sync [15:0] $end
$var wire 16 6 I_h_total [15:0] $end
$var wire 1 7 I_hs_pol $end
$var wire 1 8 I_pxl_clk $end
$var wire 16 9 I_rd_hres [15:0] $end
$var wire 16 : I_rd_vres [15:0] $end
$var wire 1 ; I_rst_n $end
$var wire 16 < I_v_bporch [15:0] $end
$var wire 16 = I_v_res [15:0] $end
$var wire 16 > I_v_sync [15:0] $end
$var wire 16 ? I_v_total [15:0] $end
$var wire 1 @ I_vs_pol $end
$var wire 1 A Pout_de_w $end
$var wire 1 B Pout_hs_w $end
$var wire 1 C Pout_vs_w $end
$var wire 1 D Rden_w $end
$var reg 16 E H_cnt [15:0] $end
$var reg 1 F O_de $end
$var reg 1 G O_hs $end
$var reg 1 H O_rden $end
$var reg 1 I O_vs $end
$var reg 1 J Pout_de_dn $end
$var reg 1 K Pout_hs_dn $end
$var reg 1 L Pout_vs_dn $end
$var reg 1 M Rden_dn $end
$var reg 16 N V_cnt [15:0] $end
$upscope $end
$upscope $end
$enddefinitions $end
#0
$dumpvars
b0 N
0M
1L
1K
0J
1I
0H
1G
0F
b0 E
0D
0C
0B
0A
0@
b1000001101 ?
b10 >
b111100000 =
b100001 <
0;
b111100000 :
b1010000000 9
08
07
b1100100000 6
b1100000 5
b1010000000 4
b110000 3
02
b1000001101 1
b10 0
b111100000 /
b100001 .
0-
b111100000 ,
b1010000000 +
0*
0)
b1100100000 (
b1100000 '
b1010000000 &
b110000 %
1$
0#
1"
0!
$end
#10000
1*
18
#20000
0*
08
#30000
1*
18
#40000
0*
08
#50000
1*
18
#60000
0*
08
#70000
1*
18
#80000
0*
08
#90000
1*
18
#100000
0*
08
1-
1;
#110000
b1 E
0L
0K
1*
18
#120000
0*
08
#130000
0I
0$
0G
0"
b10 E
1*
18
#140000
0*
08
#150000
b11 E
1*
18
#160000
0*
08
#170000
b100 E
1*
18
#180000
0*
08
#190000
b101 E
1*
18
#200000
0*
08
#210000
b110 E
1*
18
#220000
0*
08
#230000
b111 E
1*
18
#240000
0*
08
#250000
b1000 E
1*
18
#260000
0*
08
#270000
b1001 E
1*
18
#280000
0*
08
#290000
b1010 E
1*
18
#300000
0*
08
#310000
b1011 E
1*
18
#320000
0*
08
#330000
b1100 E
1*
18
#340000
0*
08
#350000
b1101 E
1*
18
#360000
0*
08
#370000
b1110 E
1*
18
#380000
0*
08
#390000
b1111 E
1*
18
#400000
0*
08
#410000
b10000 E
1*
18
#420000
0*
08
#430000
b10001 E
1*
18
#440000
0*
08
#450000
b10010 E
1*
18
#460000
0*
08
#470000
b10011 E
1*
18
#480000
0*
08
#490000
b10100 E
1*
18
#500000
0*
08
#510000
b10101 E
1*
18
#520000
0*
08
#530000
b10110 E
1*
18
#540000
0*
08
#550000
b10111 E
1*
18
#560000
0*
08
#570000
b11000 E
1*
18
#580000
0*
08
#590000
b11001 E
1*
18
#600000
0*
08
#610000
b11010 E
1*
18
#620000
0*
08
#630000
b11011 E
1*
18
#640000
0*
08
#650000
b11100 E
1*
18
#660000
0*
08
#670000
b11101 E
1*
18
#680000
0*
08
#690000
b11110 E
1*
18
#700000
0*
08
#710000
b11111 E
1*
18
#720000
0*
08
#730000
b100000 E
1*
18
#740000
0*
08
#750000
b100001 E
1*
18
#760000
0*
08
#770000
b100010 E
1*
18
#780000
0*
08
#790000
b100011 E
1*
18
#800000
0*
08
#810000
b100100 E
1*
18
#820000
0*
08
#830000
b100101 E
1*
18
#840000
0*
08
#850000
b100110 E
1*
18
#860000
0*
08
#870000
b100111 E
1*
18
#880000
0*
08
#890000
b101000 E
1*
18
#900000
0*
08
#910000
b101001 E
1*
18
#920000
0*
08
#930000
b101010 E
1*
18
#940000
0*
08
#950000
b101011 E
1*
18
#960000
0*
08
#970000
b101100 E
1*
18
#980000
0*
08
#990000
b101101 E
1*
18
#1000000
0*
08
#1010000
b101110 E
1*
18
#1020000
0*
08
#1030000
b101111 E
1*
18
#1040000
0*
08
#1050000
b110000 E
1*
18
#1060000
0*
08
#1070000
b110001 E
1*
18
#1080000
0*
08
#1090000
b110010 E
1*
18
#1100000
0*
08
#1110000
b110011 E
1*
18
#1120000
0*
08
#1130000
b110100 E
1*
18
#1140000
0*
08
#1150000
b110101 E
1*
18
#1160000
0*
08
#1170000
b110110 E
1*
18
#1180000
0*
08
#1190000
b110111 E
1*
18
#1200000
0*
08
#1210000
b111000 E
1*
18
#1220000
0*
08
#1230000
b111001 E
1*
18
#1240000
0*
08
#1250000
b111010 E
1*
18
#1260000
0*
08
#1270000
b111011 E
1*
18
#1280000
0*
08
#1290000
b111100 E
1*
18
#1300000
0*
08
#1310000
b111101 E
1*
18
#1320000
0*
08
#1330000
b111110 E
1*
18
#1340000
0*
08
#1350000
b111111 E
1*
18
#1360000
0*
08
#1370000
b1000000 E
1*
18
#1380000
0*
08
#1390000
b1000001 E
1*
18
#1400000
0*
08
#1410000
b1000010 E
1*
18
#1420000
0*
08
#1430000
b1000011 E
1*
18
#1440000
0*
08
#1450000
b1000100 E
1*
18
#1460000
0*
08
#1470000
b1000101 E
1*
18
#1480000
0*
08
#1490000
b1000110 E
1*
18
#1500000
0*
08
#1510000
b1000111 E
1*
18
#1520000
0*
08
#1530000
b1001000 E
1*
18
#1540000
0*
08
#1550000
b1001001 E
1*
18
#1560000
0*
08
#1570000
b1001010 E
1*
18
#1580000
0*
08
#1590000
b1001011 E
1*
18
#1600000
0*
08
#1610000
b1001100 E
1*
18
#1620000
0*
08
#1630000
b1001101 E
1*
18
#1640000
0*
08
#1650000
b1001110 E
1*
18
#1660000
0*
08
#1670000
b1001111 E
1*
18
#1680000
0*
08
#1690000
b1010000 E
1*
18
#1700000
0*
08
#1710000
b1010001 E
1*
18
#1720000
0*
08
#1730000
b1010010 E
1*
18
#1740000
0*
08
#1750000
b1010011 E
1*
18
#1760000
0*
08
#1770000
b1010100 E
1*
18
#1780000
0*
08
#1790000
b1010101 E
1*
18
#1800000
0*
08
#1810000
b1010110 E
1*
18
#1820000
0*
08
#1830000
b1010111 E
1*
18
#1840000
0*
08
#1850000
b1011000 E
1*
18
#1860000
0*
08
#1870000
b1011001 E
1*
18
#1880000
0*
08
#1890000
b1011010 E
1*
18
#1900000
0*
08
#1910000
b1011011 E
1*
18
#1920000
0*
08
#1930000
b1011100 E
1*
18
#1940000
0*
08
#1950000
b1011101 E
1*
18
#1960000
0*
08
#1970000
b1011110 E
1*
18
#1980000
0*
08
#1990000
b1011111 E
1*
18
#2000000
0*
08
#2010000
1B
b1100000 E
1*
18
#2020000
0*
08
#2030000
b1100001 E
1K
1*
18
#2040000
0*
08
#2050000
1G
1"
b1100010 E
1*
18
#2060000
0*
08
#2070000
b1100011 E
1*
18
#2080000
0*
08
#2090000
b1100100 E
1*
18
#2100000
0*
08
#2110000
b1100101 E
1*
18
#2120000
0*
08
#2130000
b1100110 E
1*
18
#2140000
0*
08
#2150000
b1100111 E
1*
18
#2160000
0*
08
#2170000
b1101000 E
1*
18
#2180000
0*
08
#2190000
b1101001 E
1*
18
#2200000
0*
08
#2210000
b1101010 E
1*
18
#2220000
0*
08
#2230000
b1101011 E
1*
18
#2240000
0*
08
#2250000
b1101100 E
1*
18
#2260000
0*
08
#2270000
b1101101 E
1*
18
#2280000
0*
08
#2290000
b1101110 E
1*
18
#2300000
0*
08
#2310000
b1101111 E
1*
18
#2320000
0*
08
#2330000
b1110000 E
1*
18
#2340000
0*
08
#2350000
b1110001 E
1*
18
#2360000
0*
08
#2370000
b1110010 E
1*
18
#2380000
0*
08
#2390000
b1110011 E
1*
18
#2400000
0*
08
#2410000
b1110100 E
1*
18
#2420000
0*
08
#2430000
b1110101 E
1*
18
#2440000
0*
08
#2450000
b1110110 E
1*
18
#2460000
0*
08
#2470000
b1110111 E
1*
18
#2480000
0*
08
#2490000
b1111000 E
1*
18
#2500000
0*
08
#2510000
b1111001 E
1*
18
#2520000
0*
08
#2530000
b1111010 E
1*
18
#2540000
0*
08
#2550000
b1111011 E
1*
18
#2560000
0*
08
#2570000
b1111100 E
1*
18
#2580000
0*
08
#2590000
b1111101 E
1*
18
#2600000
0*
08
#2610000
b1111110 E
1*
18
#2620000
0*
08
#2630000
b1111111 E
1*
18
#2640000
0*
08
#2650000
b10000000 E
1*
18
#2660000
0*
08
#2670000
b10000001 E
1*
18
#2680000
0*
08
#2690000
b10000010 E
1*
18
#2700000
0*
08
#2710000
b10000011 E
1*
18
#2720000
0*
08
#2730000
b10000100 E
1*
18
#2740000
0*
08
#2750000
b10000101 E
1*
18
#2760000
0*
08
#2770000
b10000110 E
1*
18
#2780000
0*
08
#2790000
b10000111 E
1*
18
#2800000
0*
08
#2810000
b10001000 E
1*
18
#2820000
0*
08
#2830000
b10001001 E
1*
18
#2840000
0*
08
#2850000
b10001010 E
1*
18
#2860000
0*
08
#2870000
b10001011 E
1*
18
#2880000
0*
08
#2890000
b10001100 E
1*
18
#2900000
0*
08
#2910000
b10001101 E
1*
18
#2920000
0*
08
#2930000
b10001110 E
1*
18
#2940000
0*
08
#2950000
b10001111 E
1*
18
#2960000
0*
08
#2970000
b10010000 E
1*
18
#2980000
0*
08
#2990000
b10010001 E
1*
18
#3000000
0*
08
#3010000
b10010010 E
1*
18
#3020000
0*
08
#3030000
b10010011 E
1*
18
#3040000
0*
08
#3050000
b10010100 E
1*
18
#3060000
0*
08
#3070000
b10010101 E
1*
18
#3080000
0*
08
#3090000
b10010110 E
1*
18
#3100000
0*
08
#3110000
b10010111 E
1*
18
#3120000
0*
08
#3130000
b10011000 E
1*
18
#3140000
0*
08
#3150000
b10011001 E
1*
18
#3160000
0*
08
#3170000
b10011010 E
1*
18
#3180000
0*
08
#3190000
b10011011 E
1*
18
#3200000
0*
08
#3210000
b10011100 E
1*
18
#3220000
0*
08
#3230000
b10011101 E
1*
18
#3240000
0*
08
#3250000
b10011110 E
1*
18
#3260000
0*
08
#3270000
b10011111 E
1*
18
#3280000
0*
08
#3290000
b10100000 E
1*
18
#3300000
0*
08
#3310000
b10100001 E
1*
18
#3320000
0*
08
#3330000
b10100010 E
1*
18
#3340000
0*
08
#3350000
b10100011 E
1*
18
#3360000
0*
08
#3370000
b10100100 E
1*
18
#3380000
0*
08
#3390000
b10100101 E
1*
18
#3400000
0*
08
#3410000
b10100110 E
1*
18
#3420000
0*
08
#3430000
b10100111 E
1*
18
#3440000
0*
08
#3450000
b10101000 E
1*
18
#3460000
0*
08
#3470000
b10101001 E
1*
18
#3480000
0*
08
#3490000
b10101010 E
1*
18
#3500000
0*
08
#3510000
b10101011 E
1*
18
#3520000
0*
08
#3530000
b10101100 E
1*
18
#3540000
0*
08
#3550000
b10101101 E
1*
18
#3560000
0*
08
#3570000
b10101110 E
1*
18
#3580000
0*
08
#3590000
b10101111 E
1*
18
#3600000
0*
08
#3610000
b10110000 E
1*
18
#3620000
0*
08
#3630000
b10110001 E
1*
18
#3640000
0*
08
#3650000
b10110010 E
1*
18
#3660000
0*
08
#3670000
b10110011 E
1*
18
#3680000
0*
08
#3690000
b10110100 E
1*
18
#3700000
0*
08
#3710000
b10110101 E
1*
18
#3720000
0*
08
#3730000
b10110110 E
1*
18
#3740000
0*
08
#3750000
b10110111 E
1*
18
#3760000
0*
08
#3770000
b10111000 E
1*
18
#3780000
0*
08
#3790000
b10111001 E
1*
18
#3800000
0*
08
#3810000
b10111010 E
1*
18
#3820000
0*
08
#3830000
b10111011 E
1*
18
#3840000
0*
08
#3850000
b10111100 E
1*
18
#3860000
0*
08
#3870000
b10111101 E
1*
18
#3880000
0*
08
#3890000
b10111110 E
1*
18
#3900000
0*
08
#3910000
b10111111 E
1*
18
#3920000
0*
08
#3930000
b11000000 E
1*
18
#3940000
0*
08
#3950000
b11000001 E
1*
18
#3960000
0*
08
#3970000
b11000010 E
1*
18
#3980000
0*
08
#3990000
b11000011 E
1*
18
#4000000
0*
08
#4010000
b11000100 E
1*
18
#4020000
0*
08
#4030000
b11000101 E
1*
18
#4040000
0*
08
#4050000
b11000110 E
1*
18
#4060000
0*
08
#4070000
b11000111 E
1*
18
#4080000
0*
08
#4090000
b11001000 E
1*
18
#4100000
0*
08
#4110000
b11001001 E
1*
18
#4120000
0*
08
#4130000
b11001010 E
1*
18
#4140000
0*
08
#4150000
b11001011 E
1*
18
#4160000
0*
08
#4170000
b11001100 E
1*
18
#4180000
0*
08
#4190000
b11001101 E
1*
18
#4200000
0*
08
#4210000
b11001110 E
1*
18
#4220000
0*
08
#4230000
b11001111 E
1*
18
#4240000
0*
08
#4250000
b11010000 E
1*
18
#4260000
0*
08
#4270000
b11010001 E
1*
18
#4280000
0*
08
#4290000
b11010010 E
1*
18
#4300000
0*
08
#4310000
b11010011 E
1*
18
#4320000
0*
08
#4330000
b11010100 E
1*
18
#4340000
0*
08
#4350000
b11010101 E
1*
18
#4360000
0*
08
#4370000
b11010110 E
1*
18
#4380000
0*
08
#4390000
b11010111 E
1*
18
#4400000
0*
08
#4410000
b11011000 E
1*
18
#4420000
0*
08
#4430000
b11011001 E
1*
18
#4440000
0*
08
#4450000
b11011010 E
1*
18
#4460000
0*
08
#4470000
b11011011 E
1*
18
#4480000
0*
08
#4490000
b11011100 E
1*
18
#4500000
0*
08
#4510000
b11011101 E
1*
18
#4520000
0*
08
#4530000
b11011110 E
1*
18
#4540000
0*
08
#4550000
b11011111 E
1*
18
#4560000
0*
08
#4570000
b11100000 E
1*
18
#4580000
0*
08
#4590000
b11100001 E
1*
18
#4600000
0*
08
#4610000
b11100010 E
1*
18
#4620000
0*
08
#4630000
b11100011 E
1*
18
#4640000
0*
08
#4650000
b11100100 E
1*
18
#4660000
0*
08
#4670000
b11100101 E
1*
18
#4680000
0*
08
#4690000
b11100110 E
1*
18
#4700000
0*
08
#4710000
b11100111 E
1*
18
#4720000
0*
08
#4730000
b11101000 E
1*
18
#4740000
0*
08
#4750000
b11101001 E
1*
18
#4760000
0*
08
#4770000
b11101010 E
1*
18
#4780000
0*
08
#4790000
b11101011 E
1*
18
#4800000
0*
08
#4810000
b11101100 E
1*
18
#4820000
0*
08
#4830000
b11101101 E
1*
18
#4840000
0*
08
#4850000
b11101110 E
1*
18
#4860000
0*
08
#4870000
b11101111 E
1*
18
#4880000
0*
08
#4890000
b11110000 E
1*
18
#4900000
0*
08
#4910000
b11110001 E
1*
18
#4920000
0*
08
#4930000
b11110010 E
1*
18
#4940000
0*
08
#4950000
b11110011 E
1*
18
#4960000
0*
08
#4970000
b11110100 E
1*
18
#4980000
0*
08
#4990000
b11110101 E
1*
18
#5000000
0*
08
#5010000
b11110110 E
1*
18
#5020000
0*
08
#5030000
b11110111 E
1*
18
#5040000
0*
08
#5050000
b11111000 E
1*
18
#5060000
0*
08
#5070000
b11111001 E
1*
18
#5080000
0*
08
#5090000
b11111010 E
1*
18
#5100000
0*
08
#5110000
b11111011 E
1*
18
#5120000
0*
08
#5130000
b11111100 E
1*
18
#5140000
0*
08
#5150000
b11111101 E
1*
18
#5160000
0*
08
#5170000
b11111110 E
1*
18
#5180000
0*
08
#5190000
b11111111 E
1*
18
#5200000
0*
08
#5210000
b100000000 E
1*
18
#5220000
0*
08
#5230000
b100000001 E
1*
18
#5240000
0*
08
#5250000
b100000010 E
1*
18
#5260000
0*
08
#5270000
b100000011 E
1*
18
#5280000
0*
08
#5290000
b100000100 E
1*
18
#5300000
0*
08
#5310000
b100000101 E
1*
18
#5320000
0*
08
#5330000
b100000110 E
1*
18
#5340000
0*
08
#5350000
b100000111 E
1*
18
#5360000
0*
08
#5370000
b100001000 E
1*
18
#5380000
0*
08
#5390000
b100001001 E
1*
18
#5400000
0*
08
#5410000
b100001010 E
1*
18
#5420000
0*
08
#5430000
b100001011 E
1*
18
#5440000
0*
08
#5450000
b100001100 E
1*
18
#5460000
0*
08
#5470000
b100001101 E
1*
18
#5480000
0*
08
#5490000
b100001110 E
1*
18
#5500000
0*
08
#5510000
b100001111 E
1*
18
#5520000
0*
08
#5530000
b100010000 E
1*
18
#5540000
0*
08
#5550000
b100010001 E
1*
18
#5560000
0*
08
#5570000
b100010010 E
1*
18
#5580000
0*
08
#5590000
b100010011 E
1*
18
#5600000
0*
08
#5610000
b100010100 E
1*
18
#5620000
0*
08
#5630000
b100010101 E
1*
18
#5640000
0*
08
#5650000
b100010110 E
1*
18
#5660000
0*
08
#5670000
b100010111 E
1*
18
#5680000
0*
08
#5690000
b100011000 E
1*
18
#5700000
0*
08
#5710000
b100011001 E
1*
18
#5720000
0*
08
#5730000
b100011010 E
1*
18
#5740000
0*
08
#5750000
b100011011 E
1*
18
#5760000
0*
08
#5770000
b100011100 E
1*
18
#5780000
0*
08
#5790000
b100011101 E
1*
18
#5800000
0*
08
#5810000
b100011110 E
1*
18
#5820000
0*
08
#5830000
b100011111 E
1*
18
#5840000
0*
08
#5850000
b100100000 E
1*
18
#5860000
0*
08
#5870000
b100100001 E
1*
18
#5880000
0*
08
#5890000
b100100010 E
1*
18
#5900000
0*
08
#5910000
b100100011 E
1*
18
#5920000
0*
08
#5930000
b100100100 E
1*
18
#5940000
0*
08
#5950000
b100100101 E
1*
18
#5960000
0*
08
#5970000
b100100110 E
1*
18
#5980000
0*
08
#5990000
b100100111 E
1*
18
#6000000
0*
08
#6010000
b100101000 E
1*
18
#6020000
0*
08
#6030000
b100101001 E
1*
18
#6040000
0*
08
#6050000
b100101010 E
1*
18
#6060000
0*
08
#6070000
b100101011 E
1*
18
#6080000
0*
08
#6090000
b100101100 E
1*
18
#6100000
0*
08
#6110000
b100101101 E
1*
18
#6120000
0*
08
#6130000
b100101110 E
1*
18
#6140000
0*
08
#6150000
b100101111 E
1*
18
#6160000
0*
08
#6170000
b100110000 E
1*
18
#6180000
0*
08
#6190000
b100110001 E
1*
18
#6200000
0*
08
#6210000
b100110010 E
1*
18
#6220000
0*
08
#6230000
b100110011 E
1*
18
#6240000
0*
08
#6250000
b100110100 E
1*
18
#6260000
0*
08
#6270000
b100110101 E
1*
18
#6280000
0*
08
#6290000
b100110110 E
1*
18
#6300000
0*
08
#6310000
b100110111 E
1*
18
#6320000
0*
08
#6330000
b100111000 E
1*
18
#6340000
0*
08
#6350000
b100111001 E
1*
18
#6360000
0*
08
#6370000
b100111010 E
1*
18
#6380000
0*
08
#6390000
b100111011 E
1*
18
#6400000
0*
08
#6410000
b100111100 E
1*
18
#6420000
0*
08
#6430000
b100111101 E
1*
18
#6440000
0*
08
#6450000
b100111110 E
1*
18
#6460000
0*
08
#6470000
b100111111 E
1*
18
#6480000
0*
08
#6490000
b101000000 E
1*
18
#6500000
0*
08
#6510000
b101000001 E
1*
18
#6520000
0*
08
#6530000
b101000010 E
1*
18
#6540000
0*
08
#6550000
b101000011 E
1*
18
#6560000
0*
08
#6570000
b101000100 E
1*
18
#6580000
0*
08
#6590000
b101000101 E
1*
18
#6600000
0*
08
#6610000
b101000110 E
1*
18
#6620000
0*
08
#6630000
b101000111 E
1*
18
#6640000
0*
08
#6650000
b101001000 E
1*
18
#6660000
0*
08
#6670000
b101001001 E
1*
18
#6680000
0*
08
#6690000
b101001010 E
1*
18
#6700000
0*
08
#6710000
b101001011 E
1*
18
#6720000
0*
08
#6730000
b101001100 E
1*
18
#6740000
0*
08
#6750000
b101001101 E
1*
18
#6760000
0*
08
#6770000
b101001110 E
1*
18
#6780000
0*
08
#6790000
b101001111 E
1*
18
#6800000
0*
08
#6810000
b101010000 E
1*
18
#6820000
0*
08
#6830000
b101010001 E
1*
18
#6840000
0*
08
#6850000
b101010010 E
1*
18
#6860000
0*
08
#6870000
b101010011 E
1*
18
#6880000
0*
08
#6890000
b101010100 E
1*
18
#6900000
0*
08
#6910000
b101010101 E
1*
18
#6920000
0*
08
#6930000
b101010110 E
1*
18
#6940000
0*
08
#6950000
b101010111 E
1*
18
#6960000
0*
08
#6970000
b101011000 E
1*
18
#6980000
0*
08
#6990000
b101011001 E
1*
18
#7000000
0*
08
#7010000
b101011010 E
1*
18
#7020000
0*
08
#7030000
b101011011 E
1*
18
#7040000
0*
08
#7050000
b101011100 E
1*
18
#7060000
0*
08
#7070000
b101011101 E
1*
18
#7080000
0*
08
#7090000
b101011110 E
1*
18
#7100000
0*
08
#7110000
b101011111 E
1*
18
#7120000
0*
08
#7130000
b101100000 E
1*
18
#7140000
0*
08
#7150000
b101100001 E
1*
18
#7160000
0*
08
#7170000
b101100010 E
1*
18
#7180000
0*
08
#7190000
b101100011 E
1*
18
#7200000
0*
08
#7210000
b101100100 E
1*
18
#7220000
0*
08
#7230000
b101100101 E
1*
18
#7240000
0*
08
#7250000
b101100110 E
1*
18
#7260000
0*
08
#7270000
b101100111 E
1*
18
#7280000
0*
08
#7290000
b101101000 E
1*
18
#7300000
0*
08
#7310000
b101101001 E
1*
18
#7320000
0*
08
#7330000
b101101010 E
1*
18
#7340000
0*
08
#7350000
b101101011 E
1*
18
#7360000
0*
08
#7370000
b101101100 E
1*
18
#7380000
0*
08
#7390000
b101101101 E
1*
18
#7400000
0*
08
#7410000
b101101110 E
1*
18
#7420000
0*
08
#7430000
b101101111 E
1*
18
#7440000
0*
08
#7450000
b101110000 E
1*
18
#7460000
0*
08
#7470000
b101110001 E
1*
18
#7480000
0*
08
#7490000
b101110010 E
1*
18
#7500000
0*
08
#7510000
b101110011 E
1*
18
#7520000
0*
08
#7530000
b101110100 E
1*
18
#7540000
0*
08
#7550000
b101110101 E
1*
18
#7560000
0*
08
#7570000
b101110110 E
1*
18
#7580000
0*
08
#7590000
b101110111 E
1*
18
#7600000
0*
08
#7610000
b101111000 E
1*
18
#7620000
0*
08
#7630000
b101111001 E
1*
18
#7640000
0*
08
#7650000
b101111010 E
1*
18
#7660000
0*
08
#7670000
b101111011 E
1*
18
#7680000
0*
08
#7690000
b101111100 E
1*
18
#7700000
0*
08
#7710000
b101111101 E
1*
18
#7720000
0*
08
#7730000
b101111110 E
1*
18
#7740000
0*
08
#7750000
b101111111 E
1*
18
#7760000
0*
08
#7770000
b110000000 E
1*
18
#7780000
0*
08
#7790000
b110000001 E
1*
18
#7800000
0*
08
#7810000
b110000010 E
1*
18
#7820000
0*
08
#7830000
b110000011 E
1*
18
#7840000
0*
08
#7850000
b110000100 E
1*
18
#7860000
0*
08
#7870000
b110000101 E
1*
18
#7880000
0*
08
#7890000
b110000110 E
1*
18
#7900000
0*
08
#7910000
b110000111 E
1*
18
#7920000
0*
08
#7930000
b110001000 E
1*
18
#7940000
0*
08
#7950000
b110001001 E
1*
18
#7960000
0*
08
#7970000
b110001010 E
1*
18
#7980000
0*
08
#7990000
b110001011 E
1*
18
#8000000
0*
08
#8010000
b110001100 E
1*
18
#8020000
0*
08
#8030000
b110001101 E
1*
18
#8040000
0*
08
#8050000
b110001110 E
1*
18
#8060000
0*
08
#8070000
b110001111 E
1*
18
#8080000
0*
08
#8090000
b110010000 E
1*
18
#8100000
0*
08
#8110000
b110010001 E
1*
18
#8120000
0*
08
#8130000
b110010010 E
1*
18
#8140000
0*
08
#8150000
b110010011 E
1*
18
#8160000
0*
08
#8170000
b110010100 E
1*
18
#8180000
0*
08
#8190000
b110010101 E
1*
18
#8200000
0*
08
#8210000
b110010110 E
1*
18
#8220000
0*
08
#8230000
b110010111 E
1*
18
#8240000
0*
08
#8250000
b110011000 E
1*
18
#8260000
0*
08
#8270000
b110011001 E
1*
18
#8280000
0*
08
#8290000
b110011010 E
1*
18
#8300000
0*
08
#8310000
b110011011 E
1*
18
#8320000
0*
08
#8330000
b110011100 E
1*
18
#8340000
0*
08
#8350000
b110011101 E
1*
18
#8360000
0*
08
#8370000
b110011110 E
1*
18
#8380000
0*
08
#8390000
b110011111 E
1*
18
#8400000
0*
08
#8410000
b110100000 E
1*
18
#8420000
0*
08
#8430000
b110100001 E
1*
18
#8440000
0*
08
#8450000
b110100010 E
1*
18
#8460000
0*
08
#8470000
b110100011 E
1*
18
#8480000
0*
08
#8490000
b110100100 E
1*
18
#8500000
0*
08
#8510000
b110100101 E
1*
18
#8520000
0*
08
#8530000
b110100110 E
1*
18
#8540000
0*
08
#8550000
b110100111 E
1*
18
#8560000
0*
08
#8570000
b110101000 E
1*
18
#8580000
0*
08
#8590000
b110101001 E
1*
18
#8600000
0*
08
#8610000
b110101010 E
1*
18
#8620000
0*
08
#8630000
b110101011 E
1*
18
#8640000
0*
08
#8650000
b110101100 E
1*
18
#8660000
0*
08
#8670000
b110101101 E
1*
18
#8680000
0*
08
#8690000
b110101110 E
1*
18
#8700000
0*
08
#8710000
b110101111 E
1*
18
#8720000
0*
08
#8730000
b110110000 E
1*
18
#8740000
0*
08
#8750000
b110110001 E
1*
18
#8760000
0*
08
#8770000
b110110010 E
1*
18
#8780000
0*
08
#8790000
b110110011 E
1*
18
#8800000
0*
08
#8810000
b110110100 E
1*
18
#8820000
0*
08
#8830000
b110110101 E
1*
18
#8840000
0*
08
#8850000
b110110110 E
1*
18
#8860000
0*
08
#8870000
b110110111 E
1*
18
#8880000
0*
08
#8890000
b110111000 E
1*
18
#8900000
0*
08
#8910000
b110111001 E
1*
18
#8920000
0*
08
#8930000
b110111010 E
1*
18
#8940000
0*
08
#8950000
b110111011 E
1*
18
#8960000
0*
08
#8970000
b110111100 E
1*
18
#8980000
0*
08
#8990000
b110111101 E
1*
18
#9000000
0*
08
#9010000
b110111110 E
1*
18
#9020000
0*
08
#9030000
b110111111 E
1*
18
#9040000
0*
08
#9050000
b111000000 E
1*
18
#9060000
0*
08
#9070000
b111000001 E
1*
18
#9080000
0*
08
#9090000
b111000010 E
1*
18
#9100000
0*
08
#9110000
b111000011 E
1*
18
#9120000
0*
08
#9130000
b111000100 E
1*
18
#9140000
0*
08
#9150000
b111000101 E
1*
18
#9160000
0*
08
#9170000
b111000110 E
1*
18
#9180000
0*
08
#9190000
b111000111 E
1*
18
#9200000
0*
08
#9210000
b111001000 E
1*
18
#9220000
0*
08
#9230000
b111001001 E
1*
18
#9240000
0*
08
#9250000
b111001010 E
1*
18
#9260000
0*
08
#9270000
b111001011 E
1*
18
#9280000
0*
08
#9290000
b111001100 E
1*
18
#9300000
0*
08
#9310000
b111001101 E
1*
18
#9320000
0*
08
#9330000
b111001110 E
1*
18
#9340000
0*
08
#9350000
b111001111 E
1*
18
#9360000
0*
08
#9370000
b111010000 E
1*
18
#9380000
0*
08
#9390000
b111010001 E
1*
18
#9400000
0*
08
#9410000
b111010010 E
1*
18
#9420000
0*
08
#9430000
b111010011 E
1*
18
#9440000
0*
08
#9450000
b111010100 E
1*
18
#9460000
0*
08
#9470000
b111010101 E
1*
18
#9480000
0*
08
#9490000
b111010110 E
1*
18
#9500000
0*
08
#9510000
b111010111 E
1*
18
#9520000
0*
08
#9530000
b111011000 E
1*
18
#9540000
0*
08
#9550000
b111011001 E
1*
18
#9560000
0*
08
#9570000
b111011010 E
1*
18
#9580000
0*
08
#9590000
b111011011 E
1*
18
#9600000
0*
08
#9610000
b111011100 E
1*
18
#9620000
0*
08
#9630000
b111011101 E
1*
18
#9640000
0*
08
#9650000
b111011110 E
1*
18
#9660000
0*
08
#9670000
b111011111 E
1*
18
#9680000
0*
08
#9690000
b111100000 E
1*
18
#9700000
0*
08
#9710000
b111100001 E
1*
18
#9720000
0*
08
#9730000
b111100010 E
1*
18
#9740000
0*
08
#9750000
b111100011 E
1*
18
#9760000
0*
08
#9770000
b111100100 E
1*
18
#9780000
0*
08
#9790000
b111100101 E
1*
18
#9800000
0*
08
#9810000
b111100110 E
1*
18
#9820000
0*
08
#9830000
b111100111 E
1*
18
#9840000
0*
08
#9850000
b111101000 E
1*
18
#9860000
0*
08
#9870000
b111101001 E
1*
18
#9880000
0*
08
#9890000
b111101010 E
1*
18
#9900000
0*
08
#9910000
b111101011 E
1*
18
#9920000
0*
08
#9930000
b111101100 E
1*
18
#9940000
0*
08
#9950000
b111101101 E
1*
18
#9960000
0*
08
#9970000
b111101110 E
1*
18
#9980000
0*
08
#9990000
b111101111 E
1*
18
#10000000
0*
08
#10010000
b111110000 E
1*
18
#10020000
0*
08
#10030000
b111110001 E
1*
18
#10040000
0*
08
#10050000
b111110010 E
1*
18
#10060000
0*
08
#10070000
b111110011 E
1*
18
#10080000
0*
08
#10090000
b111110100 E
1*
18
#10100000
0*
08
#10110000
b111110101 E
1*
18
#10120000
0*
08
#10130000
b111110110 E
1*
18
#10140000
0*
08
#10150000
b111110111 E
1*
18
#10160000
0*
08
#10170000
b111111000 E
1*
18
#10180000
0*
08
#10190000
b111111001 E
1*
18
#10200000
0*
08
#10210000
b111111010 E
1*
18
#10220000
0*
08
#10230000
b111111011 E
1*
18
#10240000
0*
08
#10250000
b111111100 E
1*
18
#10260000
0*
08
#10270000
b111111101 E
1*
18
#10280000
0*
08
#10290000
b111111110 E
1*
18
#10300000
0*
08
#10310000
b111111111 E
1*
18
#10320000
0*
08
#10330000
b1000000000 E
1*
18
#10340000
0*
08
#10350000
b1000000001 E
1*
18
#10360000
0*
08
#10370000
b1000000010 E
1*
18
#10380000
0*
08
#10390000
b1000000011 E
1*
18
#10400000
0*
08
#10410000
b1000000100 E
1*
18
#10420000
0*
08
#10430000
b1000000101 E
1*
18
#10440000
0*
08
#10450000
b1000000110 E
1*
18
#10460000
0*
08
#10470000
b1000000111 E
1*
18
#10480000
0*
08
#10490000
b1000001000 E
1*
18
#10500000
0*
08
#10510000
b1000001001 E
1*
18
#10520000
0*
08
#10530000
b1000001010 E
1*
18
#10540000
0*
08
#10550000
b1000001011 E
1*
18
#10560000
0*
08
#10570000
b1000001100 E
1*
18
#10580000
0*
08
#10590000
b1000001101 E
1*
18
#10600000
0*
08
#10610000
b1000001110 E
1*
18
#10620000
0*
08
#10630000
b1000001111 E
1*
18
#10640000
0*
08
#10650000
b1000010000 E
1*
18
#10660000
0*
08
#10670000
b1000010001 E
1*
18
#10680000
0*
08
#10690000
b1000010010 E
1*
18
#10700000
0*
08
#10710000
b1000010011 E
1*
18
#10720000
0*
08
#10730000
b1000010100 E
1*
18
#10740000
0*
08
#10750000
b1000010101 E
1*
18
#10760000
0*
08
#10770000
b1000010110 E
1*
18
#10780000
0*
08
#10790000
b1000010111 E
1*
18
#10800000
0*
08
#10810000
b1000011000 E
1*
18
#10820000
0*
08
#10830000
b1000011001 E
1*
18
#10840000
0*
08
#10850000
b1000011010 E
1*
18
#10860000
0*
08
#10870000
b1000011011 E
1*
18
#10880000
0*
08
#10890000
b1000011100 E
1*
18
#10900000
0*
08
#10910000
b1000011101 E
1*
18
#10920000
0*
08
#10930000
b1000011110 E
1*
18
#10940000
0*
08
#10950000
b1000011111 E
1*
18
#10960000
0*
08
#10970000
b1000100000 E
1*
18
#10980000
0*
08
#10990000
b1000100001 E
1*
18
#11000000
0*
08
#11010000
b1000100010 E
1*
18
#11020000
0*
08
#11030000
b1000100011 E
1*
18
#11040000
0*
08
#11050000
b1000100100 E
1*
18
#11060000
0*
08
#11070000
b1000100101 E
1*
18
#11080000
0*
08
#11090000
b1000100110 E
1*
18
#11100000
0*
08
#11110000
b1000100111 E
1*
18
#11120000
0*
08
#11130000
b1000101000 E
1*
18
#11140000
0*
08
#11150000
b1000101001 E
1*
18
#11160000
0*
08
#11170000
b1000101010 E
1*
18
#11180000
0*
08
#11190000
b1000101011 E
1*
18
#11200000
0*
08
#11210000
b1000101100 E
1*
18
#11220000
0*
08
#11230000
b1000101101 E
1*
18
#11240000
0*
08
#11250000
b1000101110 E
1*
18
#11260000
0*
08
#11270000
b1000101111 E
1*
18
#11280000
0*
08
#11290000
b1000110000 E
1*
18
#11300000
0*
08
#11310000
b1000110001 E
1*
18
#11320000
0*
08
#11330000
b1000110010 E
1*
18
#11340000
0*
08
#11350000
b1000110011 E
1*
18
#11360000
0*
08
#11370000
b1000110100 E
1*
18
#11380000
0*
08
#11390000
b1000110101 E
1*
18
#11400000
0*
08
#11410000
b1000110110 E
1*
18
#11420000
0*
08
#11430000
b1000110111 E
1*
18
#11440000
0*
08
#11450000
b1000111000 E
1*
18
#11460000
0*
08
#11470000
b1000111001 E
1*
18
#11480000
0*
08
#11490000
b1000111010 E
1*
18
#11500000
0*
08
#11510000
b1000111011 E
1*
18
#11520000
0*
08
#11530000
b1000111100 E
1*
18
#11540000
0*
08
#11550000
b1000111101 E
1*
18
#11560000
0*
08
#11570000
b1000111110 E
1*
18
#11580000
0*
08
#11590000
b1000111111 E
1*
18
#11600000
0*
08
#11610000
b1001000000 E
1*
18
#11620000
0*
08
#11630000
b1001000001 E
1*
18
#11640000
0*
08
#11650000
b1001000010 E
1*
18
#11660000
0*
08
#11670000
b1001000011 E
1*
18
#11680000
0*
08
#11690000
b1001000100 E
1*
18
#11700000
0*
08
#11710000
b1001000101 E
1*
18
#11720000
0*
08
#11730000
b1001000110 E
1*
18
#11740000
0*
08
#11750000
b1001000111 E
1*
18
#11760000
0*
08
#11770000
b1001001000 E
1*
18
#11780000
0*
08
#11790000
b1001001001 E
1*
18
#11800000
0*
08
#11810000
b1001001010 E
1*
18
#11820000
0*
08
#11830000
b1001001011 E
1*
18
#11840000
0*
08
#11850000
b1001001100 E
1*
18
#11860000
0*
08
#11870000
b1001001101 E
1*
18
#11880000
0*
08
#11890000
b1001001110 E
1*
18
#11900000
0*
08
#11910000
b1001001111 E
1*
18
#11920000
0*
08
#11930000
b1001010000 E
1*
18
#11940000
0*
08
#11950000
b1001010001 E
1*
18
#11960000
0*
08
#11970000
b1001010010 E
1*
18
#11980000
0*
08
#11990000
b1001010011 E
1*
18
#12000000
0*
08
#12010000
b1001010100 E
1*
18
#12020000
0*
08
#12030000
b1001010101 E
1*
18
#12040000
0*
08
#12050000
b1001010110 E
1*
18
#12060000
0*
08
#12070000
b1001010111 E
1*
18
#12080000
0*
08
#12090000
b1001011000 E
1*
18
#12100000
0*
08
#12110000
b1001011001 E
1*
18
#12120000
0*
08
#12130000
b1001011010 E
1*
18
#12140000
0*
08
#12150000
b1001011011 E
1*
18
#12160000
0*
08
#12170000
b1001011100 E
1*
18
#12180000
0*
08
#12190000
b1001011101 E
1*
18
#12200000
0*
08
#12210000
b1001011110 E
1*
18
#12220000
0*
08
#12230000
b1001011111 E
1*
18
#12240000
0*
08
#12250000
b1001100000 E
1*
18
#12260000
0*
08
#12270000
b1001100001 E
1*
18
#12280000
0*
08
#12290000
b1001100010 E
1*
18
#12300000
0*
08
#12310000
b1001100011 E
1*
18
#12320000
0*
08
#12330000
b1001100100 E
1*
18
#12340000
0*
08
#12350000
b1001100101 E
1*
18
#12360000
0*
08
#12370000
b1001100110 E
1*
18
#12380000
0*
08
#12390000
b1001100111 E
1*
18
#12400000
0*
08
#12410000
b1001101000 E
1*
18
#12420000
0*
08
#12430000
b1001101001 E
1*
18
#12440000
0*
08
#12450000
b1001101010 E
1*
18
#12460000
0*
08
#12470000
b1001101011 E
1*
18
#12480000
0*
08
#12490000
b1001101100 E
1*
18
#12500000
0*
08
#12510000
b1001101101 E
1*
18
#12520000
0*
08
#12530000
b1001101110 E
1*
18
#12540000
0*
08
#12550000
b1001101111 E
1*
18
#12560000
0*
08
#12570000
b1001110000 E
1*
18
#12580000
0*
08
#12590000
b1001110001 E
1*
18
#12600000
0*
08
#12610000
b1001110010 E
1*
18
#12620000
0*
08
#12630000
b1001110011 E
1*
18
#12640000
0*
08
#12650000
b1001110100 E
1*
18
#12660000
0*
08
#12670000
b1001110101 E
1*
18
#12680000
0*
08
#12690000
b1001110110 E
1*
18
#12700000
0*
08
#12710000
b1001110111 E
1*
18
#12720000
0*
08
#12730000
b1001111000 E
1*
18
#12740000
0*
08
#12750000
b1001111001 E
1*
18
#12760000
0*
08
#12770000
b1001111010 E
1*
18
#12780000
0*
08
#12790000
b1001111011 E
1*
18
#12800000
0*
08
#12810000
b1001111100 E
1*
18
#12820000
0*
08
#12830000
b1001111101 E
1*
18
#12840000
0*
08
#12850000
b1001111110 E
1*
18
#12860000
0*
08
#12870000
b1001111111 E
1*
18
#12880000
0*
08
#12890000
b1010000000 E
1*
18
#12900000
0*
08
#12910000
b1010000001 E
1*
18
#12920000
0*
08
#12930000
b1010000010 E
1*
18
#12940000
0*
08
#12950000
b1010000011 E
1*
18
#12960000
0*
08
#12970000
b1010000100 E
1*
18
#12980000
0*
08
#12990000
b1010000101 E
1*
18
#13000000
0*
08
#13010000
b1010000110 E
1*
18
#13020000
0*
08
#13030000
b1010000111 E
1*
18
#13040000
0*
08
#13050000
b1010001000 E
1*
18
#13060000
0*
08
#13070000
b1010001001 E
1*
18
#13080000
0*
08
#13090000
b1010001010 E
1*
18
#13100000
0*
08
#13110000
b1010001011 E
1*
18
#13120000
0*
08
#13130000
b1010001100 E
1*
18
#13140000
0*
08
#13150000
b1010001101 E
1*
18
#13160000
0*
08
#13170000
b1010001110 E
1*
18
#13180000
0*
08
#13190000
b1010001111 E
1*
18
#13200000
0*
08
#13210000
b1010010000 E
1*
18
#13220000
0*
08
#13230000
b1010010001 E
1*
18
#13240000
0*
08
#13250000
b1010010010 E
1*
18
#13260000
0*
08
#13270000
b1010010011 E
1*
18
#13280000
0*
08
#13290000
b1010010100 E
1*
18
#13300000
0*
08
#13310000
b1010010101 E
1*
18
#13320000
0*
08
#13330000
b1010010110 E
1*
18
#13340000
0*
08
#13350000
b1010010111 E
1*
18
#13360000
0*
08
#13370000
b1010011000 E
1*
18
#13380000
0*
08
#13390000
b1010011001 E
1*
18
#13400000
0*
08
#13410000
b1010011010 E
1*
18
#13420000
0*
08
#13430000
b1010011011 E
1*
18
#13440000
0*
08
#13450000
b1010011100 E
1*
18
#13460000
0*
08
#13470000
b1010011101 E
1*
18
#13480000
0*
08
#13490000
b1010011110 E
1*
18
#13500000
0*
08
#13510000
b1010011111 E
1*
18
#13520000
0*
08
#13530000
b1010100000 E
1*
18
#13540000
0*
08
#13550000
b1010100001 E
1*
18
#13560000
0*
08
#13570000
b1010100010 E
1*
18
#13580000
0*
08
#13590000
b1010100011 E
1*
18
#13600000
0*
08
#13610000
b1010100100 E
1*
18
#13620000
0*
08
#13630000
b1010100101 E
1*
18
#13640000
0*
08
#13650000
b1010100110 E
1*
18
#13660000
0*
08
#13670000
b1010100111 E
1*
18
#13680000
0*
08
#13690000
b1010101000 E
1*
18
#13700000
0*
08
#13710000
b1010101001 E
1*
18
#13720000
0*
08
#13730000
b1010101010 E
1*
18
#13740000
0*
08
#13750000
b1010101011 E
1*
18
#13760000
0*
08
#13770000
b1010101100 E
1*
18
#13780000
0*
08
#13790000
b1010101101 E
1*
18
#13800000
0*
08
#13810000
b1010101110 E
1*
18
#13820000
0*
08
#13830000
b1010101111 E
1*
18
#13840000
0*
08
#13850000
b1010110000 E
1*
18
#13860000
0*
08
#13870000
b1010110001 E
1*
18
#13880000
0*
08
#13890000
b1010110010 E
1*
18
#13900000
0*
08
#13910000
b1010110011 E
1*
18
#13920000
0*
08
#13930000
b1010110100 E
1*
18
#13940000
0*
08
#13950000
b1010110101 E
1*
18
#13960000
0*
08
#13970000
b1010110110 E
1*
18
#13980000
0*
08
#13990000
b1010110111 E
1*
18
#14000000
0*
08
#14010000
b1010111000 E
1*
18
#14020000
0*
08
#14030000
b1010111001 E
1*
18
#14040000
0*
08
#14050000
b1010111010 E
1*
18
#14060000
0*
08
#14070000
b1010111011 E
1*
18
#14080000
0*
08
#14090000
b1010111100 E
1*
18
#14100000
0*
08
#14110000
b1010111101 E
1*
18
#14120000
0*
08
#14130000
b1010111110 E
1*
18
#14140000
0*
08
#14150000
b1010111111 E
1*
18
#14160000
0*
08
#14170000
b1011000000 E
1*
18
#14180000
0*
08
#14190000
b1011000001 E
1*
18
#14200000
0*
08
#14210000
b1011000010 E
1*
18
#14220000
0*
08
#14230000
b1011000011 E
1*
18
#14240000
0*
08
#14250000
b1011000100 E
1*
18
#14260000
0*
08
#14270000
b1011000101 E
1*
18
#14280000
0*
08
#14290000
b1011000110 E
1*
18
#14300000
0*
08
#14310000
b1011000111 E
1*
18
#14320000
0*
08
#14330000
b1011001000 E
1*
18
#14340000
0*
08
#14350000
b1011001001 E
1*
18
#14360000
0*
08
#14370000
b1011001010 E
1*
18
#14380000
0*
08
#14390000
b1011001011 E
1*
18
#14400000
0*
08
#14410000
b1011001100 E
1*
18
#14420000
0*
08
#14430000
b1011001101 E
1*
18
#14440000
0*
08
#14450000
b1011001110 E
1*
18
#14460000
0*
08
#14470000
b1011001111 E
1*
18
#14480000
0*
08
#14490000
b1011010000 E
1*
18
#14500000
0*
08
#14510000
b1011010001 E
1*
18
#14520000
0*
08
#14530000
b1011010010 E
1*
18
#14540000
0*
08
#14550000
b1011010011 E
1*
18
#14560000
0*
08
#14570000
b1011010100 E
1*
18
#14580000
0*
08
#14590000
b1011010101 E
1*
18
#14600000
0*
08
#14610000
b1011010110 E
1*
18
#14620000
0*
08
#14630000
b1011010111 E
1*
18
#14640000
0*
08
#14650000
b1011011000 E
1*
18
#14660000
0*
08
#14670000
b1011011001 E
1*
18
#14680000
0*
08
#14690000
b1011011010 E
1*
18
#14700000
0*
08
#14710000
b1011011011 E
1*
18
#14720000
0*
08
#14730000
b1011011100 E
1*
18
#14740000
0*
08
#14750000
b1011011101 E
1*
18
#14760000
0*
08
#14770000
b1011011110 E
1*
18
#14780000
0*
08
#14790000
b1011011111 E
1*
18
#14800000
0*
08
#14810000
b1011100000 E
1*
18
#14820000
0*
08
#14830000
b1011100001 E
1*
18
#14840000
0*
08
#14850000
b1011100010 E
1*
18
#14860000
0*
08
#14870000
b1011100011 E
1*
18
#14880000
0*
08
#14890000
b1011100100 E
1*
18
#14900000
0*
08
#14910000
b1011100101 E
1*
18
#14920000
0*
08
#14930000
b1011100110 E
1*
18
#14940000
0*
08
#14950000
b1011100111 E
1*
18
#14960000
0*
08
#14970000
b1011101000 E
1*
18
#14980000
0*
08
#14990000
b1011101001 E
1*
18
#15000000
0*
08
#15010000
b1011101010 E
1*
18
#15020000
0*
08
#15030000
b1011101011 E
1*
18
#15040000
0*
08
#15050000
b1011101100 E
1*
18
#15060000
0*
08
#15070000
b1011101101 E
1*
18
#15080000
0*
08
#15090000
b1011101110 E
1*
18
#15100000
0*
08
#15110000
b1011101111 E
1*
18
#15120000
0*
08
#15130000
b1011110000 E
1*
18
#15140000
0*
08
#15150000
b1011110001 E
1*
18
#15160000
0*
08
#15170000
b1011110010 E
1*
18
#15180000
0*
08
#15190000
b1011110011 E
1*
18
#15200000
0*
08
#15210000
b1011110100 E
1*
18
#15220000
0*
08
#15230000
b1011110101 E
1*
18
#15240000
0*
08
#15250000
b1011110110 E
1*
18
#15260000
0*
08
#15270000
b1011110111 E
1*
18
#15280000
0*
08
#15290000
b1011111000 E
1*
18
#15300000
0*
08
#15310000
b1011111001 E
1*
18
#15320000
0*
08
#15330000
b1011111010 E
1*
18
#15340000
0*
08
#15350000
b1011111011 E
1*
18
#15360000
0*
08
#15370000
b1011111100 E
1*
18
#15380000
0*
08
#15390000
b1011111101 E
1*
18
#15400000
0*
08
#15410000
b1011111110 E
1*
18
#15420000
0*
08
#15430000
b1011111111 E
1*
18
#15440000
0*
08
#15450000
b1100000000 E
1*
18
#15460000
0*
08
#15470000
b1100000001 E
1*
18
#15480000
0*
08
#15490000
b1100000010 E
1*
18
#15500000
0*
08
#15510000
b1100000011 E
1*
18
#15520000
0*
08
#15530000
b1100000100 E
1*
18
#15540000
0*
08
#15550000
b1100000101 E
1*
18
#15560000
0*
08
#15570000
b1100000110 E
1*
18
#15580000
0*
08
#15590000
b1100000111 E
1*
18
#15600000
0*
08
#15610000
b1100001000 E
1*
18
#15620000
0*
08
#15630000
b1100001001 E
1*
18
#15640000
0*
08
#15650000
b1100001010 E
1*
18
#15660000
0*
08
#15670000
b1100001011 E
1*
18
#15680000
0*
08
#15690000
b1100001100 E
1*
18
#15700000
0*
08
#15710000
b1100001101 E
1*
18
#15720000
0*
08
#15730000
b1100001110 E
1*
18
#15740000
0*
08
#15750000
b1100001111 E
1*
18
#15760000
0*
08
#15770000
b1100010000 E
1*
18
#15780000
0*
08
#15790000
b1100010001 E
1*
18
#15800000
0*
08
#15810000
b1100010010 E
1*
18
#15820000
0*
08
#15830000
b1100010011 E
1*
18
#15840000
0*
08
#15850000
b1100010100 E
1*
18
#15860000
0*
08
#15870000
b1100010101 E
1*
18
#15880000
0*
08
#15890000
b1100010110 E
1*
18
#15900000
0*
08
#15910000
b1100010111 E
1*
18
#15920000
0*
08
#15930000
b1100011000 E
1*
18
#15940000
0*
08
#15950000
b1100011001 E
1*
18
#15960000
0*
08
#15970000
b1100011010 E
1*
18
#15980000
0*
08
#15990000
b1100011011 E
1*
18
#16000000
0*
08
#16010000
b1100011100 E
1*
18
#16020000
0*
08
#16030000
b1100011101 E
1*
18
#16040000
0*
08
#16050000
b1100011110 E
1*
18
#16060000
0*
08
#16070000
b1100011111 E
1*
18
#16080000
0*
08
#16090000
0B
b0 E
b1 N
1*
18
#16100000
0*
08
#16110000
b1 E
0K
1*
18
#16120000
0*
08
#16130000
0G
0"
b10 E
1*
18
#16140000
0*
08
#16150000
b11 E
1*
18
#16160000
0*
08
#16170000
b100 E
1*
18
#16180000
0*
08
#16190000
b101 E
1*
18
#16200000
0*
08
#16210000
b110 E
1*
18
#16220000
0*
08
#16230000
b111 E
1*
18
#16240000
0*
08
#16250000
b1000 E
1*
18
#16260000
0*
08
#16270000
b1001 E
1*
18
#16280000
0*
08
#16290000
b1010 E
1*
18
#16300000
0*
08
#16310000
b1011 E
1*
18
#16320000
0*
08
#16330000
b1100 E
1*
18
#16340000
0*
08
#16350000
b1101 E
1*
18
#16360000
0*
08
#16370000
b1110 E
1*
18
#16380000
0*
08
#16390000
b1111 E
1*
18
#16400000
0*
08
#16410000
b10000 E
1*
18
#16420000
0*
08
#16430000
b10001 E
1*
18
#16440000
0*
08
#16450000
b10010 E
1*
18
#16460000
0*
08
#16470000
b10011 E
1*
18
#16480000
0*
08
#16490000
b10100 E
1*
18
#16500000
0*
08
#16510000
b10101 E
1*
18
#16520000
0*
08
#16530000
b10110 E
1*
18
#16540000
0*
08
#16550000
b10111 E
1*
18
#16560000
0*
08
#16570000
b11000 E
1*
18
#16580000
0*
08
#16590000
b11001 E
1*
18
#16600000
0*
08
#16610000
b11010 E
1*
18
#16620000
0*
08
#16630000
b11011 E
1*
18
#16640000
0*
08
#16650000
b11100 E
1*
18
#16660000
0*
08
#16670000
b11101 E
1*
18
#16680000
0*
08
#16690000
b11110 E
1*
18
#16700000
0*
08
#16710000
b11111 E
1*
18
#16720000
0*
08
#16730000
b100000 E
1*
18
#16740000
0*
08
#16750000
b100001 E
1*
18
#16760000
0*
08
#16770000
b100010 E
1*
18
#16780000
0*
08
#16790000
b100011 E
1*
18
#16800000
0*
08
#16810000
b100100 E
1*
18
#16820000
0*
08
#16830000
b100101 E
1*
18
#16840000
0*
08
#16850000
b100110 E
1*
18
#16860000
0*
08
#16870000
b100111 E
1*
18
#16880000
0*
08
#16890000
b101000 E
1*
18
#16900000
0*
08
#16910000
b101001 E
1*
18
#16920000
0*
08
#16930000
b101010 E
1*
18
#16940000
0*
08
#16950000
b101011 E
1*
18
#16960000
0*
08
#16970000
b101100 E
1*
18
#16980000
0*
08
#16990000
b101101 E
1*
18
#17000000
0*
08
#17010000
b101110 E
1*
18
#17020000
0*
08
#17030000
b101111 E
1*
18
#17040000
0*
08
#17050000
b110000 E
1*
18
#17060000
0*
08
#17070000
b110001 E
1*
18
#17080000
0*
08
#17090000
b110010 E
1*
18
#17100000
0*
08
#17110000
b110011 E
1*
18
#17120000
0*
08
#17130000
b110100 E
1*
18
#17140000
0*
08
#17150000
b110101 E
1*
18
#17160000
0*
08
#17170000
b110110 E
1*
18
#17180000
0*
08
#17190000
b110111 E
1*
18
#17200000
0*
08
#17210000
b111000 E
1*
18
#17220000
0*
08
#17230000
b111001 E
1*
18
#17240000
0*
08
#17250000
b111010 E
1*
18
#17260000
0*
08
#17270000
b111011 E
1*
18
#17280000
0*
08
#17290000
b111100 E
1*
18
#17300000
0*
08
#17310000
b111101 E
1*
18
#17320000
0*
08
#17330000
b111110 E
1*
18
#17340000
0*
08
#17350000
b111111 E
1*
18
#17360000
0*
08
#17370000
b1000000 E
1*
18
#17380000
0*
08
#17390000
b1000001 E
1*
18
#17400000
0*
08
#17410000
b1000010 E
1*
18
#17420000
0*
08
#17430000
b1000011 E
1*
18
#17440000
0*
08
#17450000
b1000100 E
1*
18
#17460000
0*
08
#17470000
b1000101 E
1*
18
#17480000
0*
08
#17490000
b1000110 E
1*
18
#17500000
0*
08
#17510000
b1000111 E
1*
18
#17520000
0*
08
#17530000
b1001000 E
1*
18
#17540000
0*
08
#17550000
b1001001 E
1*
18
#17560000
0*
08
#17570000
b1001010 E
1*
18
#17580000
0*
08
#17590000
b1001011 E
1*
18
#17600000
0*
08
#17610000
b1001100 E
1*
18
#17620000
0*
08
#17630000
b1001101 E
1*
18
#17640000
0*
08
#17650000
b1001110 E
1*
18
#17660000
0*
08
#17670000
b1001111 E
1*
18
#17680000
0*
08
#17690000
b1010000 E
1*
18
#17700000
0*
08
#17710000
b1010001 E
1*
18
#17720000
0*
08
#17730000
b1010010 E
1*
18
#17740000
0*
08
#17750000
b1010011 E
1*
18
#17760000
0*
08
#17770000
b1010100 E
1*
18
#17780000
0*
08
#17790000
b1010101 E
1*
18
#17800000
0*
08
#17810000
b1010110 E
1*
18
#17820000
0*
08
#17830000
b1010111 E
1*
18
#17840000
0*
08
#17850000
b1011000 E
1*
18
#17860000
0*
08
#17870000
b1011001 E
1*
18
#17880000
0*
08
#17890000
b1011010 E
1*
18
#17900000
0*
08
#17910000
b1011011 E
1*
18
#17920000
0*
08
#17930000
b1011100 E
1*
18
#17940000
0*
08
#17950000
b1011101 E
1*
18
#17960000
0*
08
#17970000
b1011110 E
1*
18
#17980000
0*
08
#17990000
b1011111 E
1*
18
#18000000
0*
08
#18010000
1B
b1100000 E
1*
18
#18020000
0*
08
#18030000
b1100001 E
1K
1*
18
#18040000
0*
08
#18050000
1G
1"
b1100010 E
1*
18
#18060000
0*
08
#18070000
b1100011 E
1*
18
#18080000
0*
08
#18090000
b1100100 E
1*
18
#18100000
0*
08
#18110000
b1100101 E
1*
18
#18120000
0*
08
#18130000
b1100110 E
1*
18
#18140000
0*
08
#18150000
b1100111 E
1*
18
#18160000
0*
08
#18170000
b1101000 E
1*
18
#18180000
0*
08
#18190000
b1101001 E
1*
18
#18200000
0*
08
#18210000
b1101010 E
1*
18
#18220000
0*
08
#18230000
b1101011 E
1*
18
#18240000
0*
08
#18250000
b1101100 E
1*
18
#18260000
0*
08
#18270000
b1101101 E
1*
18
#18280000
0*
08
#18290000
b1101110 E
1*
18
#18300000
0*
08
#18310000
b1101111 E
1*
18
#18320000
0*
08
#18330000
b1110000 E
1*
18
#18340000
0*
08
#18350000
b1110001 E
1*
18
#18360000
0*
08
#18370000
b1110010 E
1*
18
#18380000
0*
08
#18390000
b1110011 E
1*
18
#18400000
0*
08
#18410000
b1110100 E
1*
18
#18420000
0*
08
#18430000
b1110101 E
1*
18
#18440000
0*
08
#18450000
b1110110 E
1*
18
#18460000
0*
08
#18470000
b1110111 E
1*
18
#18480000
0*
08
#18490000
b1111000 E
1*
18
#18500000
0*
08
#18510000
b1111001 E
1*
18
#18520000
0*
08
#18530000
b1111010 E
1*
18
#18540000
0*
08
#18550000
b1111011 E
1*
18
#18560000
0*
08
#18570000
b1111100 E
1*
18
#18580000
0*
08
#18590000
b1111101 E
1*
18
#18600000
0*
08
#18610000
b1111110 E
1*
18
#18620000
0*
08
#18630000
b1111111 E
1*
18
#18640000
0*
08
#18650000
b10000000 E
1*
18
#18660000
0*
08
#18670000
b10000001 E
1*
18
#18680000
0*
08
#18690000
b10000010 E
1*
18
#18700000
0*
08
#18710000
b10000011 E
1*
18
#18720000
0*
08
#18730000
b10000100 E
1*
18
#18740000
0*
08
#18750000
b10000101 E
1*
18
#18760000
0*
08
#18770000
b10000110 E
1*
18
#18780000
0*
08
#18790000
b10000111 E
1*
18
#18800000
0*
08
#18810000
b10001000 E
1*
18
#18820000
0*
08
#18830000
b10001001 E
1*
18
#18840000
0*
08
#18850000
b10001010 E
1*
18
#18860000
0*
08
#18870000
b10001011 E
1*
18
#18880000
0*
08
#18890000
b10001100 E
1*
18
#18900000
0*
08
#18910000
b10001101 E
1*
18
#18920000
0*
08
#18930000
b10001110 E
1*
18
#18940000
0*
08
#18950000
b10001111 E
1*
18
#18960000
0*
08
#18970000
b10010000 E
1*
18
#18980000
0*
08
#18990000
b10010001 E
1*
18
#19000000
0*
08
#19010000
b10010010 E
1*
18
#19020000
0*
08
#19030000
b10010011 E
1*
18
#19040000
0*
08
#19050000
b10010100 E
1*
18
#19060000
0*
08
#19070000
b10010101 E
1*
18
#19080000
0*
08
#19090000
b10010110 E
1*
18
#19100000
0*
08
#19110000
b10010111 E
1*
18
#19120000
0*
08
#19130000
b10011000 E
1*
18
#19140000
0*
08
#19150000
b10011001 E
1*
18
#19160000
0*
08
#19170000
b10011010 E
1*
18
#19180000
0*
08
#19190000
b10011011 E
1*
18
#19200000
0*
08
#19210000
b10011100 E
1*
18
#19220000
0*
08
#19230000
b10011101 E
1*
18
#19240000
0*
08
#19250000
b10011110 E
1*
18
#19260000
0*
08
#19270000
b10011111 E
1*
18
#19280000
0*
08
#19290000
b10100000 E
1*
18
#19300000
0*
08
#19310000
b10100001 E
1*
18
#19320000
0*
08
#19330000
b10100010 E
1*
18
#19340000
0*
08
#19350000
b10100011 E
1*
18
#19360000
0*
08
#19370000
b10100100 E
1*
18
#19380000
0*
08
#19390000
b10100101 E
1*
18
#19400000
0*
08
#19410000
b10100110 E
1*
18
#19420000
0*
08
#19430000
b10100111 E
1*
18
#19440000
0*
08
#19450000
b10101000 E
1*
18
#19460000
0*
08
#19470000
b10101001 E
1*
18
#19480000
0*
08
#19490000
b10101010 E
1*
18
#19500000
0*
08
#19510000
b10101011 E
1*
18
#19520000
0*
08
#19530000
b10101100 E
1*
18
#19540000
0*
08
#19550000
b10101101 E
1*
18
#19560000
0*
08
#19570000
b10101110 E
1*
18
#19580000
0*
08
#19590000
b10101111 E
1*
18
#19600000
0*
08
#19610000
b10110000 E
1*
18
#19620000
0*
08
#19630000
b10110001 E
1*
18
#19640000
0*
08
#19650000
b10110010 E
1*
18
#19660000
0*
08
#19670000
b10110011 E
1*
18
#19680000
0*
08
#19690000
b10110100 E
1*
18
#19700000
0*
08
#19710000
b10110101 E
1*
18
#19720000
0*
08
#19730000
b10110110 E
1*
18
#19740000
0*
08
#19750000
b10110111 E
1*
18
#19760000
0*
08
#19770000
b10111000 E
1*
18
#19780000
0*
08
#19790000
b10111001 E
1*
18
#19800000
0*
08
#19810000
b10111010 E
1*
18
#19820000
0*
08
#19830000
b10111011 E
1*
18
#19840000
0*
08
#19850000
b10111100 E
1*
18
#19860000
0*
08
#19870000
b10111101 E
1*
18
#19880000
0*
08
#19890000
b10111110 E
1*
18
#19900000
0*
08
#19910000
b10111111 E
1*
18
#19920000
0*
08
#19930000
b11000000 E
1*
18
#19940000
0*
08
#19950000
b11000001 E
1*
18
#19960000
0*
08
#19970000
b11000010 E
1*
18
#19980000
0*
08
#19990000
b11000011 E
1*
18
#20000000
0*
08
#20010000
b11000100 E
1*
18
#20020000
0*
08
#20030000
b11000101 E
1*
18
#20040000
0*
08
#20050000
b11000110 E
1*
18
#20060000
0*
08
#20070000
b11000111 E
1*
18
#20080000
0*
08
#20090000
b11001000 E
1*
18
#20100000
0*
08
#20110000
b11001001 E
1*
18
#20120000
0*
08
#20130000
b11001010 E
1*
18
#20140000
0*
08
#20150000
b11001011 E
1*
18
#20160000
0*
08
#20170000
b11001100 E
1*
18
#20180000
0*
08
#20190000
b11001101 E
1*
18
#20200000
0*
08
#20210000
b11001110 E
1*
18
#20220000
0*
08
#20230000
b11001111 E
1*
18
#20240000
0*
08
#20250000
b11010000 E
1*
18
#20260000
0*
08
#20270000
b11010001 E
1*
18
#20280000
0*
08
#20290000
b11010010 E
1*
18
#20300000
0*
08
#20310000
b11010011 E
1*
18
#20320000
0*
08
#20330000
b11010100 E
1*
18
#20340000
0*
08
#20350000
b11010101 E
1*
18
#20360000
0*
08
#20370000
b11010110 E
1*
18
#20380000
0*
08
#20390000
b11010111 E
1*
18
#20400000
0*
08
#20410000
b11011000 E
1*
18
#20420000
0*
08
#20430000
b11011001 E
1*
18
#20440000
0*
08
#20450000
b11011010 E
1*
18
#20460000
0*
08
#20470000
b11011011 E
1*
18
#20480000
0*
08
#20490000
b11011100 E
1*
18
#20500000
0*
08
#20510000
b11011101 E
1*
18
#20520000
0*
08
#20530000
b11011110 E
1*
18
#20540000
0*
08
#20550000
b11011111 E
1*
18
#20560000
0*
08
#20570000
b11100000 E
1*
18
#20580000
0*
08
#20590000
b11100001 E
1*
18
#20600000
0*
08
#20610000
b11100010 E
1*
18
#20620000
0*
08
#20630000
b11100011 E
1*
18
#20640000
0*
08
#20650000
b11100100 E
1*
18
#20660000
0*
08
#20670000
b11100101 E
1*
18
#20680000
0*
08
#20690000
b11100110 E
1*
18
#20700000
0*
08
#20710000
b11100111 E
1*
18
#20720000
0*
08
#20730000
b11101000 E
1*
18
#20740000
0*
08
#20750000
b11101001 E
1*
18
#20760000
0*
08
#20770000
b11101010 E
1*
18
#20780000
0*
08
#20790000
b11101011 E
1*
18
#20800000
0*
08
#20810000
b11101100 E
1*
18
#20820000
0*
08
#20830000
b11101101 E
1*
18
#20840000
0*
08
#20850000
b11101110 E
1*
18
#20860000
0*
08
#20870000
b11101111 E
1*
18
#20880000
0*
08
#20890000
b11110000 E
1*
18
#20900000
0*
08
#20910000
b11110001 E
1*
18
#20920000
0*
08
#20930000
b11110010 E
1*
18
#20940000
0*
08
#20950000
b11110011 E
1*
18
#20960000
0*
08
#20970000
b11110100 E
1*
18
#20980000
0*
08
#20990000
b11110101 E
1*
18
#21000000
0*
08
#21010000
b11110110 E
1*
18
#21020000
0*
08
#21030000
b11110111 E
1*
18
#21040000
0*
08
#21050000
b11111000 E
1*
18
#21060000
0*
08
#21070000
b11111001 E
1*
18
#21080000
0*
08
#21090000
b11111010 E
1*
18
#21100000
0*
08
#21110000
b11111011 E
1*
18
#21120000
0*
08
#21130000
b11111100 E
1*
18
#21140000
0*
08
#21150000
b11111101 E
1*
18
#21160000
0*
08
#21170000
b11111110 E
1*
18
#21180000
0*
08
#21190000
b11111111 E
1*
18
#21200000
0*
08
#21210000
b100000000 E
1*
18
#21220000
0*
08
#21230000
b100000001 E
1*
18
#21240000
0*
08
#21250000
b100000010 E
1*
18
#21260000
0*
08
#21270000
b100000011 E
1*
18
#21280000
0*
08
#21290000
b100000100 E
1*
18
#21300000
0*
08
#21310000
b100000101 E
1*
18
#21320000
0*
08
#21330000
b100000110 E
1*
18
#21340000
0*
08
#21350000
b100000111 E
1*
18
#21360000
0*
08
#21370000
b100001000 E
1*
18
#21380000
0*
08
#21390000
b100001001 E
1*
18
#21400000
0*
08
#21410000
b100001010 E
1*
18
#21420000
0*
08
#21430000
b100001011 E
1*
18
#21440000
0*
08
#21450000
b100001100 E
1*
18
#21460000
0*
08
#21470000
b100001101 E
1*
18
#21480000
0*
08
#21490000
b100001110 E
1*
18
#21500000
0*
08
#21510000
b100001111 E
1*
18
#21520000
0*
08
#21530000
b100010000 E
1*
18
#21540000
0*
08
#21550000
b100010001 E
1*
18
#21560000
0*
08
#21570000
b100010010 E
1*
18
#21580000
0*
08
#21590000
b100010011 E
1*
18
#21600000
0*
08
#21610000
b100010100 E
1*
18
#21620000
0*
08
#21630000
b100010101 E
1*
18
#21640000
0*
08
#21650000
b100010110 E
1*
18
#21660000
0*
08
#21670000
b100010111 E
1*
18
#21680000
0*
08
#21690000
b100011000 E
1*
18
#21700000
0*
08
#21710000
b100011001 E
1*
18
#21720000
0*
08
#21730000
b100011010 E
1*
18
#21740000
0*
08
#21750000
b100011011 E
1*
18
#21760000
0*
08
#21770000
b100011100 E
1*
18
#21780000
0*
08
#21790000
b100011101 E
1*
18
#21800000
0*
08
#21810000
b100011110 E
1*
18
#21820000
0*
08
#21830000
b100011111 E
1*
18
#21840000
0*
08
#21850000
b100100000 E
1*
18
#21860000
0*
08
#21870000
b100100001 E
1*
18
#21880000
0*
08
#21890000
b100100010 E
1*
18
#21900000
0*
08
#21910000
b100100011 E
1*
18
#21920000
0*
08
#21930000
b100100100 E
1*
18
#21940000
0*
08
#21950000
b100100101 E
1*
18
#21960000
0*
08
#21970000
b100100110 E
1*
18
#21980000
0*
08
#21990000
b100100111 E
1*
18
#22000000
0*
08
#22010000
b100101000 E
1*
18
#22020000
0*
08
#22030000
b100101001 E
1*
18
#22040000
0*
08
#22050000
b100101010 E
1*
18
#22060000
0*
08
#22070000
b100101011 E
1*
18
#22080000
0*
08
#22090000
b100101100 E
1*
18
#22100000
0*
08
#22110000
b100101101 E
1*
18
#22120000
0*
08
#22130000
b100101110 E
1*
18
#22140000
0*
08
#22150000
b100101111 E
1*
18
#22160000
0*
08
#22170000
b100110000 E
1*
18
#22180000
0*
08
#22190000
b100110001 E
1*
18
#22200000
0*
08
#22210000
b100110010 E
1*
18
#22220000
0*
08
#22230000
b100110011 E
1*
18
#22240000
0*
08
#22250000
b100110100 E
1*
18
#22260000
0*
08
#22270000
b100110101 E
1*
18
#22280000
0*
08
#22290000
b100110110 E
1*
18
#22300000
0*
08
#22310000
b100110111 E
1*
18
#22320000
0*
08
#22330000
b100111000 E
1*
18
#22340000
0*
08
#22350000
b100111001 E
1*
18
#22360000
0*
08
#22370000
b100111010 E
1*
18
#22380000
0*
08
#22390000
b100111011 E
1*
18
#22400000
0*
08
#22410000
b100111100 E
1*
18
#22420000
0*
08
#22430000
b100111101 E
1*
18
#22440000
0*
08
#22450000
b100111110 E
1*
18
#22460000
0*
08
#22470000
b100111111 E
1*
18
#22480000
0*
08
#22490000
b101000000 E
1*
18
#22500000
0*
08
#22510000
b101000001 E
1*
18
#22520000
0*
08
#22530000
b101000010 E
1*
18
#22540000
0*
08
#22550000
b101000011 E
1*
18
#22560000
0*
08
#22570000
b101000100 E
1*
18
#22580000
0*
08
#22590000
b101000101 E
1*
18
#22600000
0*
08
#22610000
b101000110 E
1*
18
#22620000
0*
08
#22630000
b101000111 E
1*
18
#22640000
0*
08
#22650000
b101001000 E
1*
18
#22660000
0*
08
#22670000
b101001001 E
1*
18
#22680000
0*
08
#22690000
b101001010 E
1*
18
#22700000
0*
08
#22710000
b101001011 E
1*
18
#22720000
0*
08
#22730000
b101001100 E
1*
18
#22740000
0*
08
#22750000
b101001101 E
1*
18
#22760000
0*
08
#22770000
b101001110 E
1*
18
#22780000
0*
08
#22790000
b101001111 E
1*
18
#22800000
0*
08
#22810000
b101010000 E
1*
18
#22820000
0*
08
#22830000
b101010001 E
1*
18
#22840000
0*
08
#22850000
b101010010 E
1*
18
#22860000
0*
08
#22870000
b101010011 E
1*
18
#22880000
0*
08
#22890000
b101010100 E
1*
18
#22900000
0*
08
#22910000
b101010101 E
1*
18
#22920000
0*
08
#22930000
b101010110 E
1*
18
#22940000
0*
08
#22950000
b101010111 E
1*
18
#22960000
0*
08
#22970000
b101011000 E
1*
18
#22980000
0*
08
#22990000
b101011001 E
1*
18
#23000000
0*
08
#23010000
b101011010 E
1*
18
#23020000
0*
08
#23030000
b101011011 E
1*
18
#23040000
0*
08
#23050000
b101011100 E
1*
18
#23060000
0*
08
#23070000
b101011101 E
1*
18
#23080000
0*
08
#23090000
b101011110 E
1*
18
#23100000
0*
08
#23110000
b101011111 E
1*
18
#23120000
0*
08
#23130000
b101100000 E
1*
18
#23140000
0*
08
#23150000
b101100001 E
1*
18
#23160000
0*
08
#23170000
b101100010 E
1*
18
#23180000
0*
08
#23190000
b101100011 E
1*
18
#23200000
0*
08
#23210000
b101100100 E
1*
18
#23220000
0*
08
#23230000
b101100101 E
1*
18
#23240000
0*
08
#23250000
b101100110 E
1*
18
#23260000
0*
08
#23270000
b101100111 E
1*
18
#23280000
0*
08
#23290000
b101101000 E
1*
18
#23300000
0*
08
#23310000
b101101001 E
1*
18
#23320000
0*
08
#23330000
b101101010 E
1*
18
#23340000
0*
08
#23350000
b101101011 E
1*
18
#23360000
0*
08
#23370000
b101101100 E
1*
18
#23380000
0*
08
#23390000
b101101101 E
1*
18
#23400000
0*
08
#23410000
b101101110 E
1*
18
#23420000
0*
08
#23430000
b101101111 E
1*
18
#23440000
0*
08
#23450000
b101110000 E
1*
18
#23460000
0*
08
#23470000
b101110001 E
1*
18
#23480000
0*
08
#23490000
b101110010 E
1*
18
#23500000
0*
08
#23510000
b101110011 E
1*
18
#23520000
0*
08
#23530000
b101110100 E
1*
18
#23540000
0*
08
#23550000
b101110101 E
1*
18
#23560000
0*
08
#23570000
b101110110 E
1*
18
#23580000
0*
08
#23590000
b101110111 E
1*
18
#23600000
0*
08
#23610000
b101111000 E
1*
18
#23620000
0*
08
#23630000
b101111001 E
1*
18
#23640000
0*
08
#23650000
b101111010 E
1*
18
#23660000
0*
08
#23670000
b101111011 E
1*
18
#23680000
0*
08
#23690000
b101111100 E
1*
18
#23700000
0*
08
#23710000
b101111101 E
1*
18
#23720000
0*
08
#23730000
b101111110 E
1*
18
#23740000
0*
08
#23750000
b101111111 E
1*
18
#23760000
0*
08
#23770000
b110000000 E
1*
18
#23780000
0*
08
#23790000
b110000001 E
1*
18
#23800000
0*
08
#23810000
b110000010 E
1*
18
#23820000
0*
08
#23830000
b110000011 E
1*
18
#23840000
0*
08
#23850000
b110000100 E
1*
18
#23860000
0*
08
#23870000
b110000101 E
1*
18
#23880000
0*
08
#23890000
b110000110 E
1*
18
#23900000
0*
08
#23910000
b110000111 E
1*
18
#23920000
0*
08
#23930000
b110001000 E
1*
18
#23940000
0*
08
#23950000
b110001001 E
1*
18
#23960000
0*
08
#23970000
b110001010 E
1*
18
#23980000
0*
08
#23990000
b110001011 E
1*
18
#24000000
0*
08
#24010000
b110001100 E
1*
18
#24020000
0*
08
#24030000
b110001101 E
1*
18
#24040000
0*
08
#24050000
b110001110 E
1*
18
#24060000
0*
08
#24070000
b110001111 E
1*
18
#24080000
0*
08
#24090000
b110010000 E
1*
18
#24100000
0*
08
#24110000
b110010001 E
1*
18
#24120000
0*
08
#24130000
b110010010 E
1*
18
#24140000
0*
08
#24150000
b110010011 E
1*
18
#24160000
0*
08
#24170000
b110010100 E
1*
18
#24180000
0*
08
#24190000
b110010101 E
1*
18
#24200000
0*
08
#24210000
b110010110 E
1*
18
#24220000
0*
08
#24230000
b110010111 E
1*
18
#24240000
0*
08
#24250000
b110011000 E
1*
18
#24260000
0*
08
#24270000
b110011001 E
1*
18
#24280000
0*
08
#24290000
b110011010 E
1*
18
#24300000
0*
08
#24310000
b110011011 E
1*
18
#24320000
0*
08
#24330000
b110011100 E
1*
18
#24340000
0*
08
#24350000
b110011101 E
1*
18
#24360000
0*
08
#24370000
b110011110 E
1*
18
#24380000
0*
08
#24390000
b110011111 E
1*
18
#24400000
0*
08
#24410000
b110100000 E
1*
18
#24420000
0*
08
#24430000
b110100001 E
1*
18
#24440000
0*
08
#24450000
b110100010 E
1*
18
#24460000
0*
08
#24470000
b110100011 E
1*
18
#24480000
0*
08
#24490000
b110100100 E
1*
18
#24500000
0*
08
#24510000
b110100101 E
1*
18
#24520000
0*
08
#24530000
b110100110 E
1*
18
#24540000
0*
08
#24550000
b110100111 E
1*
18
#24560000
0*
08
#24570000
b110101000 E
1*
18
#24580000
0*
08
#24590000
b110101001 E
1*
18
#24600000
0*
08
#24610000
b110101010 E
1*
18
#24620000
0*
08
#24630000
b110101011 E
1*
18
#24640000
0*
08
#24650000
b110101100 E
1*
18
#24660000
0*
08
#24670000
b110101101 E
1*
18
#24680000
0*
08
#24690000
b110101110 E
1*
18
#24700000
0*
08
#24710000
b110101111 E
1*
18
#24720000
0*
08
#24730000
b110110000 E
1*
18
#24740000
0*
08
#24750000
b110110001 E
1*
18
#24760000
0*
08
#24770000
b110110010 E
1*
18
#24780000
0*
08
#24790000
b110110011 E
1*
18
#24800000
0*
08
#24810000
b110110100 E
1*
18
#24820000
0*
08
#24830000
b110110101 E
1*
18
#24840000
0*
08
#24850000
b110110110 E
1*
18
#24860000
0*
08
#24870000
b110110111 E
1*
18
#24880000
0*
08
#24890000
b110111000 E
1*
18
#24900000
0*
08
#24910000
b110111001 E
1*
18
#24920000
0*
08
#24930000
b110111010 E
1*
18
#24940000
0*
08
#24950000
b110111011 E
1*
18
#24960000
0*
08
#24970000
b110111100 E
1*
18
#24980000
0*
08
#24990000
b110111101 E
1*
18
#25000000
0*
08
#25010000
b110111110 E
1*
18
#25020000
0*
08
#25030000
b110111111 E
1*
18
#25040000
0*
08
#25050000
b111000000 E
1*
18
#25060000
0*
08
#25070000
b111000001 E
1*
18
#25080000
0*
08
#25090000
b111000010 E
1*
18
#25100000
0*
08
#25110000
b111000011 E
1*
18
#25120000
0*
08
#25130000
b111000100 E
1*
18
#25140000
0*
08
#25150000
b111000101 E
1*
18
#25160000
0*
08
#25170000
b111000110 E
1*
18
#25180000
0*
08
#25190000
b111000111 E
1*
18
#25200000
0*
08
#25210000
b111001000 E
1*
18
#25220000
0*
08
#25230000
b111001001 E
1*
18
#25240000
0*
08
#25250000
b111001010 E
1*
18
#25260000
0*
08
#25270000
b111001011 E
1*
18
#25280000
0*
08
#25290000
b111001100 E
1*
18
#25300000
0*
08
#25310000
b111001101 E
1*
18
#25320000
0*
08
#25330000
b111001110 E
1*
18
#25340000
0*
08
#25350000
b111001111 E
1*
18
#25360000
0*
08
#25370000
b111010000 E
1*
18
#25380000
0*
08
#25390000
b111010001 E
1*
18
#25400000
0*
08
#25410000
b111010010 E
1*
18
#25420000
0*
08
#25430000
b111010011 E
1*
18
#25440000
0*
08
#25450000
b111010100 E
1*
18
#25460000
0*
08
#25470000
b111010101 E
1*
18
#25480000
0*
08
#25490000
b111010110 E
1*
18
#25500000
0*
08
#25510000
b111010111 E
1*
18
#25520000
0*
08
#25530000
b111011000 E
1*
18
#25540000
0*
08
#25550000
b111011001 E
1*
18
#25560000
0*
08
#25570000
b111011010 E
1*
18
#25580000
0*
08
#25590000
b111011011 E
1*
18
#25600000
0*
08
#25610000
b111011100 E
1*
18
#25620000
0*
08
#25630000
b111011101 E
1*
18
#25640000
0*
08
#25650000
b111011110 E
1*
18
#25660000
0*
08
#25670000
b111011111 E
1*
18
#25680000
0*
08
#25690000
b111100000 E
1*
18
#25700000
0*
08
#25710000
b111100001 E
1*
18
#25720000
0*
08
#25730000
b111100010 E
1*
18
#25740000
0*
08
#25750000
b111100011 E
1*
18
#25760000
0*
08
#25770000
b111100100 E
1*
18
#25780000
0*
08
#25790000
b111100101 E
1*
18
#25800000
0*
08
#25810000
b111100110 E
1*
18
#25820000
0*
08
#25830000
b111100111 E
1*
18
#25840000
0*
08
#25850000
b111101000 E
1*
18
#25860000
0*
08
#25870000
b111101001 E
1*
18
#25880000
0*
08
#25890000
b111101010 E
1*
18
#25900000
0*
08
#25910000
b111101011 E
1*
18
#25920000
0*
08
#25930000
b111101100 E
1*
18
#25940000
0*
08
#25950000
b111101101 E
1*
18
#25960000
0*
08
#25970000
b111101110 E
1*
18
#25980000
0*
08
#25990000
b111101111 E
1*
18
#26000000
0*
08
#26010000
b111110000 E
1*
18
#26020000
0*
08
#26030000
b111110001 E
1*
18
#26040000
0*
08
#26050000
b111110010 E
1*
18
#26060000
0*
08
#26070000
b111110011 E
1*
18
#26080000
0*
08
#26090000
b111110100 E
1*
18
#26100000
0*
08
#26110000
b111110101 E
1*
18
#26120000
0*
08
#26130000
b111110110 E
1*
18
#26140000
0*
08
#26150000
b111110111 E
1*
18
#26160000
0*
08
#26170000
b111111000 E
1*
18
#26180000
0*
08
#26190000
b111111001 E
1*
18
#26200000
0*
08
#26210000
b111111010 E
1*
18
#26220000
0*
08
#26230000
b111111011 E
1*
18
#26240000
0*
08
#26250000
b111111100 E
1*
18
#26260000
0*
08
#26270000
b111111101 E
1*
18
#26280000
0*
08
#26290000
b111111110 E
1*
18
#26300000
0*
08
#26310000
b111111111 E
1*
18
#26320000
0*
08
#26330000
b1000000000 E
1*
18
#26340000
0*
08
#26350000
b1000000001 E
1*
18
#26360000
0*
08
#26370000
b1000000010 E
1*
18
#26380000
0*
08
#26390000
b1000000011 E
1*
18
#26400000
0*
08
#26410000
b1000000100 E
1*
18
#26420000
0*
08
#26430000
b1000000101 E
1*
18
#26440000
0*
08
#26450000
b1000000110 E
1*
18
#26460000
0*
08
#26470000
b1000000111 E
1*
18
#26480000
0*
08
#26490000
b1000001000 E
1*
18
#26500000
0*
08
#26510000
b1000001001 E
1*
18
#26520000
0*
08
#26530000
b1000001010 E
1*
18
#26540000
0*
08
#26550000
b1000001011 E
1*
18
#26560000
0*
08
#26570000
b1000001100 E
1*
18
#26580000
0*
08
#26590000
b1000001101 E
1*
18
#26600000
0*
08
#26610000
b1000001110 E
1*
18
#26620000
0*
08
#26630000
b1000001111 E
1*
18
#26640000
0*
08
#26650000
b1000010000 E
1*
18
#26660000
0*
08
#26670000
b1000010001 E
1*
18
#26680000
0*
08
#26690000
b1000010010 E
1*
18
#26700000
0*
08
#26710000
b1000010011 E
1*
18
#26720000
0*
08
#26730000
b1000010100 E
1*
18
#26740000
0*
08
#26750000
b1000010101 E
1*
18
#26760000
0*
08
#26770000
b1000010110 E
1*
18
#26780000
0*
08
#26790000
b1000010111 E
1*
18
#26800000
0*
08
#26810000
b1000011000 E
1*
18
#26820000
0*
08
#26830000
b1000011001 E
1*
18
#26840000
0*
08
#26850000
b1000011010 E
1*
18
#26860000
0*
08
#26870000
b1000011011 E
1*
18
#26880000
0*
08
#26890000
b1000011100 E
1*
18
#26900000
0*
08
#26910000
b1000011101 E
1*
18
#26920000
0*
08
#26930000
b1000011110 E
1*
18
#26940000
0*
08
#26950000
b1000011111 E
1*
18
#26960000
0*
08
#26970000
b1000100000 E
1*
18
#26980000
0*
08
#26990000
b1000100001 E
1*
18
#27000000
0*
08
#27010000
b1000100010 E
1*
18
#27020000
0*
08
#27030000
b1000100011 E
1*
18
#27040000
0*
08
#27050000
b1000100100 E
1*
18
#27060000
0*
08
#27070000
b1000100101 E
1*
18
#27080000
0*
08
#27090000
b1000100110 E
1*
18
#27100000
0*
08
#27110000
b1000100111 E
1*
18
#27120000
0*
08
#27130000
b1000101000 E
1*
18
#27140000
0*
08
#27150000
b1000101001 E
1*
18
#27160000
0*
08
#27170000
b1000101010 E
1*
18
#27180000
0*
08
#27190000
b1000101011 E
1*
18
#27200000
0*
08
#27210000
b1000101100 E
1*
18
#27220000
0*
08
#27230000
b1000101101 E
1*
18
#27240000
0*
08
#27250000
b1000101110 E
1*
18
#27260000
0*
08
#27270000
b1000101111 E
1*
18
#27280000
0*
08
#27290000
b1000110000 E
1*
18
#27300000
0*
08
#27310000
b1000110001 E
1*
18
#27320000
0*
08
#27330000
b1000110010 E
1*
18
#27340000
0*
08
#27350000
b1000110011 E
1*
18
#27360000
0*
08
#27370000
b1000110100 E
1*
18
#27380000
0*
08
#27390000
b1000110101 E
1*
18
#27400000
0*
08
#27410000
b1000110110 E
1*
18
#27420000
0*
08
#27430000
b1000110111 E
1*
18
#27440000
0*
08
#27450000
b1000111000 E
1*
18
#27460000
0*
08
#27470000
b1000111001 E
1*
18
#27480000
0*
08
#27490000
b1000111010 E
1*
18
#27500000
0*
08
#27510000
b1000111011 E
1*
18
#27520000
0*
08
#27530000
b1000111100 E
1*
18
#27540000
0*
08
#27550000
b1000111101 E
1*
18
#27560000
0*
08
#27570000
b1000111110 E
1*
18
#27580000
0*
08
#27590000
b1000111111 E
1*
18
#27600000
0*
08
#27610000
b1001000000 E
1*
18
#27620000
0*
08
#27630000
b1001000001 E
1*
18
#27640000
0*
08
#27650000
b1001000010 E
1*
18
#27660000
0*
08
#27670000
b1001000011 E
1*
18
#27680000
0*
08
#27690000
b1001000100 E
1*
18
#27700000
0*
08
#27710000
b1001000101 E
1*
18
#27720000
0*
08
#27730000
b1001000110 E
1*
18
#27740000
0*
08
#27750000
b1001000111 E
1*
18
#27760000
0*
08
#27770000
b1001001000 E
1*
18
#27780000
0*
08
#27790000
b1001001001 E
1*
18
#27800000
0*
08
#27810000
b1001001010 E
1*
18
#27820000
0*
08
#27830000
b1001001011 E
1*
18
#27840000
0*
08
#27850000
b1001001100 E
1*
18
#27860000
0*
08
#27870000
b1001001101 E
1*
18
#27880000
0*
08
#27890000
b1001001110 E
1*
18
#27900000
0*
08
#27910000
b1001001111 E
1*
18
#27920000
0*
08
#27930000
b1001010000 E
1*
18
#27940000
0*
08
#27950000
b1001010001 E
1*
18
#27960000
0*
08
#27970000
b1001010010 E
1*
18
#27980000
0*
08
#27990000
b1001010011 E
1*
18
#28000000
0*
08
#28010000
b1001010100 E
1*
18
#28020000
0*
08
#28030000
b1001010101 E
1*
18
#28040000
0*
08
#28050000
b1001010110 E
1*
18
#28060000
0*
08
#28070000
b1001010111 E
1*
18
#28080000
0*
08
#28090000
b1001011000 E
1*
18
#28100000
0*
08
#28110000
b1001011001 E
1*
18
#28120000
0*
08
#28130000
b1001011010 E
1*
18
#28140000
0*
08
#28150000
b1001011011 E
1*
18
#28160000
0*
08
#28170000
b1001011100 E
1*
18
#28180000
0*
08
#28190000
b1001011101 E
1*
18
#28200000
0*
08
#28210000
b1001011110 E
1*
18
#28220000
0*
08
#28230000
b1001011111 E
1*
18
#28240000
0*
08
#28250000
b1001100000 E
1*
18
#28260000
0*
08
#28270000
b1001100001 E
1*
18
#28280000
0*
08
#28290000
b1001100010 E
1*
18
#28300000
0*
08
#28310000
b1001100011 E
1*
18
#28320000
0*
08
#28330000
b1001100100 E
1*
18
#28340000
0*
08
#28350000
b1001100101 E
1*
18
#28360000
0*
08
#28370000
b1001100110 E
1*
18
#28380000
0*
08
#28390000
b1001100111 E
1*
18
#28400000
0*
08
#28410000
b1001101000 E
1*
18
#28420000
0*
08
#28430000
b1001101001 E
1*
18
#28440000
0*
08
#28450000
b1001101010 E
1*
18
#28460000
0*
08
#28470000
b1001101011 E
1*
18
#28480000
0*
08
#28490000
b1001101100 E
1*
18
#28500000
0*
08
#28510000
b1001101101 E
1*
18
#28520000
0*
08
#28530000
b1001101110 E
1*
18
#28540000
0*
08
#28550000
b1001101111 E
1*
18
#28560000
0*
08
#28570000
b1001110000 E
1*
18
#28580000
0*
08
#28590000
b1001110001 E
1*
18
#28600000
0*
08
#28610000
b1001110010 E
1*
18
#28620000
0*
08
#28630000
b1001110011 E
1*
18
#28640000
0*
08
#28650000
b1001110100 E
1*
18
#28660000
0*
08
#28670000
b1001110101 E
1*
18
#28680000
0*
08
#28690000
b1001110110 E
1*
18
#28700000
0*
08
#28710000
b1001110111 E
1*
18
#28720000
0*
08
#28730000
b1001111000 E
1*
18
#28740000
0*
08
#28750000
b1001111001 E
1*
18
#28760000
0*
08
#28770000
b1001111010 E
1*
18
#28780000
0*
08
#28790000
b1001111011 E
1*
18
#28800000
0*
08
#28810000
b1001111100 E
1*
18
#28820000
0*
08
#28830000
b1001111101 E
1*
18
#28840000
0*
08
#28850000
b1001111110 E
1*
18
#28860000
0*
08
#28870000
b1001111111 E
1*
18
#28880000
0*
08
#28890000
b1010000000 E
1*
18
#28900000
0*
08
#28910000
b1010000001 E
1*
18
#28920000
0*
08
#28930000
b1010000010 E
1*
18
#28940000
0*
08
#28950000
b1010000011 E
1*
18
#28960000
0*
08
#28970000
b1010000100 E
1*
18
#28980000
0*
08
#28990000
b1010000101 E
1*
18
#29000000
0*
08
#29010000
b1010000110 E
1*
18
#29020000
0*
08
#29030000
b1010000111 E
1*
18
#29040000
0*
08
#29050000
b1010001000 E
1*
18
#29060000
0*
08
#29070000
b1010001001 E
1*
18
#29080000
0*
08
#29090000
b1010001010 E
1*
18
#29100000
0*
08
#29110000
b1010001011 E
1*
18
#29120000
0*
08
#29130000
b1010001100 E
1*
18
#29140000
0*
08
#29150000
b1010001101 E
1*
18
#29160000
0*
08
#29170000
b1010001110 E
1*
18
#29180000
0*
08
#29190000
b1010001111 E
1*
18
#29200000
0*
08
#29210000
b1010010000 E
1*
18
#29220000
0*
08
#29230000
b1010010001 E
1*
18
#29240000
0*
08
#29250000
b1010010010 E
1*
18
#29260000
0*
08
#29270000
b1010010011 E
1*
18
#29280000
0*
08
#29290000
b1010010100 E
1*
18
#29300000
0*
08
#29310000
b1010010101 E
1*
18
#29320000
0*
08
#29330000
b1010010110 E
1*
18
#29340000
0*
08
#29350000
b1010010111 E
1*
18
#29360000
0*
08
#29370000
b1010011000 E
1*
18
#29380000
0*
08
#29390000
b1010011001 E
1*
18
#29400000
0*
08
#29410000
b1010011010 E
1*
18
#29420000
0*
08
#29430000
b1010011011 E
1*
18
#29440000
0*
08
#29450000
b1010011100 E
1*
18
#29460000
0*
08
#29470000
b1010011101 E
1*
18
#29480000
0*
08
#29490000
b1010011110 E
1*
18
#29500000
0*
08
#29510000
b1010011111 E
1*
18
#29520000
0*
08
#29530000
b1010100000 E
1*
18
#29540000
0*
08
#29550000
b1010100001 E
1*
18
#29560000
0*
08
#29570000
b1010100010 E
1*
18
#29580000
0*
08
#29590000
b1010100011 E
1*
18
#29600000
0*
08
#29610000
b1010100100 E
1*
18
#29620000
0*
08
#29630000
b1010100101 E
1*
18
#29640000
0*
08
#29650000
b1010100110 E
1*
18
#29660000
0*
08
#29670000
b1010100111 E
1*
18
#29680000
0*
08
#29690000
b1010101000 E
1*
18
#29700000
0*
08
#29710000
b1010101001 E
1*
18
#29720000
0*
08
#29730000
b1010101010 E
1*
18
#29740000
0*
08
#29750000
b1010101011 E
1*
18
#29760000
0*
08
#29770000
b1010101100 E
1*
18
#29780000
0*
08
#29790000
b1010101101 E
1*
18
#29800000
0*
08
#29810000
b1010101110 E
1*
18
#29820000
0*
08
#29830000
b1010101111 E
1*
18
#29840000
0*
08
#29850000
b1010110000 E
1*
18
#29860000
0*
08
#29870000
b1010110001 E
1*
18
#29880000
0*
08
#29890000
b1010110010 E
1*
18
#29900000
0*
08
#29910000
b1010110011 E
1*
18
#29920000
0*
08
#29930000
b1010110100 E
1*
18
#29940000
0*
08
#29950000
b1010110101 E
1*
18
#29960000
0*
08
#29970000
b1010110110 E
1*
18
#29980000
0*
08
#29990000
b1010110111 E
1*
18
#30000000
0*
08
#30010000
b1010111000 E
1*
18
#30020000
0*
08
#30030000
b1010111001 E
1*
18
#30040000
0*
08
#30050000
b1010111010 E
1*
18
#30060000
0*
08
#30070000
b1010111011 E
1*
18
#30080000
0*
08
#30090000
b1010111100 E
1*
18
#30100000
0*
08
#30110000
b1010111101 E
1*
18
#30120000
0*
08
#30130000
b1010111110 E
1*
18
#30140000
0*
08
#30150000
b1010111111 E
1*
18
#30160000
0*
08
#30170000
b1011000000 E
1*
18
#30180000
0*
08
#30190000
b1011000001 E
1*
18
#30200000
0*
08
#30210000
b1011000010 E
1*
18
#30220000
0*
08
#30230000
b1011000011 E
1*
18
#30240000
0*
08
#30250000
b1011000100 E
1*
18
#30260000
0*
08
#30270000
b1011000101 E
1*
18
#30280000
0*
08
#30290000
b1011000110 E
1*
18
#30300000
0*
08
#30310000
b1011000111 E
1*
18
#30320000
0*
08
#30330000
b1011001000 E
1*
18
#30340000
0*
08
#30350000
b1011001001 E
1*
18
#30360000
0*
08
#30370000
b1011001010 E
1*
18
#30380000
0*
08
#30390000
b1011001011 E
1*
18
#30400000
0*
08
#30410000
b1011001100 E
1*
18
#30420000
0*
08
#30430000
b1011001101 E
1*
18
#30440000
0*
08
#30450000
b1011001110 E
1*
18
#30460000
0*
08
#30470000
b1011001111 E
1*
18
#30480000
0*
08
#30490000
b1011010000 E
1*
18
#30500000
0*
08
#30510000
b1011010001 E
1*
18
#30520000
0*
08
#30530000
b1011010010 E
1*
18
#30540000
0*
08
#30550000
b1011010011 E
1*
18
#30560000
0*
08
#30570000
b1011010100 E
1*
18
#30580000
0*
08
#30590000
b1011010101 E
1*
18
#30600000
0*
08
#30610000
b1011010110 E
1*
18
#30620000
0*
08
#30630000
b1011010111 E
1*
18
#30640000
0*
08
#30650000
b1011011000 E
1*
18
#30660000
0*
08
#30670000
b1011011001 E
1*
18
#30680000
0*
08
#30690000
b1011011010 E
1*
18
#30700000
0*
08
#30710000
b1011011011 E
1*
18
#30720000
0*
08
#30730000
b1011011100 E
1*
18
#30740000
0*
08
#30750000
b1011011101 E
1*
18
#30760000
0*
08
#30770000
b1011011110 E
1*
18
#30780000
0*
08
#30790000
b1011011111 E
1*
18
#30800000
0*
08
#30810000
b1011100000 E
1*
18
#30820000
0*
08
#30830000
b1011100001 E
1*
18
#30840000
0*
08
#30850000
b1011100010 E
1*
18
#30860000
0*
08
#30870000
b1011100011 E
1*
18
#30880000
0*
08
#30890000
b1011100100 E
1*
18
#30900000
0*
08
#30910000
b1011100101 E
1*
18
#30920000
0*
08
#30930000
b1011100110 E
1*
18
#30940000
0*
08
#30950000
b1011100111 E
1*
18
#30960000
0*
08
#30970000
b1011101000 E
1*
18
#30980000
0*
08
#30990000
b1011101001 E
1*
18
#31000000
0*
08
#31010000
b1011101010 E
1*
18
#31020000
0*
08
#31030000
b1011101011 E
1*
18
#31040000
0*
08
#31050000
b1011101100 E
1*
18
#31060000
0*
08
#31070000
b1011101101 E
1*
18
#31080000
0*
08
#31090000
b1011101110 E
1*
18
#31100000
0*
08
#31110000
b1011101111 E
1*
18
#31120000
0*
08
#31130000
b1011110000 E
1*
18
#31140000
0*
08
#31150000
b1011110001 E
1*
18
#31160000
0*
08
#31170000
b1011110010 E
1*
18
#31180000
0*
08
#31190000
b1011110011 E
1*
18
#31200000
0*
08
#31210000
b1011110100 E
1*
18
#31220000
0*
08
#31230000
b1011110101 E
1*
18
#31240000
0*
08
#31250000
b1011110110 E
1*
18
#31260000
0*
08
#31270000
b1011110111 E
1*
18
#31280000
0*
08
#31290000
b1011111000 E
1*
18
#31300000
0*
08
#31310000
b1011111001 E
1*
18
#31320000
0*
08
#31330000
b1011111010 E
1*
18
#31340000
0*
08
#31350000
b1011111011 E
1*
18
#31360000
0*
08
#31370000
b1011111100 E
1*
18
#31380000
0*
08
#31390000
b1011111101 E
1*
18
#31400000
0*
08
#31410000
b1011111110 E
1*
18
#31420000
0*
08
#31430000
b1011111111 E
1*
18
#31440000
0*
08
#31450000
b1100000000 E
1*
18
#31460000
0*
08
#31470000
b1100000001 E
1*
18
#31480000
0*
08
#31490000
b1100000010 E
1*
18
#31500000
0*
08
#31510000
b1100000011 E
1*
18
#31520000
0*
08
#31530000
b1100000100 E
1*
18
#31540000
0*
08
#31550000
b1100000101 E
1*
18
#31560000
0*
08
#31570000
b1100000110 E
1*
18
#31580000
0*
08
#31590000
b1100000111 E
1*
18
#31600000
0*
08
#31610000
b1100001000 E
1*
18
#31620000
0*
08
#31630000
b1100001001 E
1*
18
#31640000
0*
08
#31650000
b1100001010 E
1*
18
#31660000
0*
08
#31670000
b1100001011 E
1*
18
#31680000
0*
08
#31690000
b1100001100 E
1*
18
#31700000
0*
08
#31710000
b1100001101 E
1*
18
#31720000
0*
08
#31730000
b1100001110 E
1*
18
#31740000
0*
08
#31750000
b1100001111 E
1*
18
#31760000
0*
08
#31770000
b1100010000 E
1*
18
#31780000
0*
08
#31790000
b1100010001 E
1*
18
#31800000
0*
08
#31810000
b1100010010 E
1*
18
#31820000
0*
08
#31830000
b1100010011 E
1*
18
#31840000
0*
08
#31850000
b1100010100 E
1*
18
#31860000
0*
08
#31870000
b1100010101 E
1*
18
#31880000
0*
08
#31890000
b1100010110 E
1*
18
#31900000
0*
08
#31910000
b1100010111 E
1*
18
#31920000
0*
08
#31930000
b1100011000 E
1*
18
#31940000
0*
08
#31950000
b1100011001 E
1*
18
#31960000
0*
08
#31970000
b1100011010 E
1*
18
#31980000
0*
08
#31990000
b1100011011 E
1*
18
#32000000
0*
08
#32010000
b1100011100 E
1*
18
#32020000
0*
08
#32030000
b1100011101 E
1*
18
#32040000
0*
08
#32050000
b1100011110 E
1*
18
#32060000
0*
08
#32070000
b1100011111 E
1*
18
#32080000
0*
08
#32090000
0B
1C
b0 E
b10 N
1*
18
#32100000
0*
08
#32110000
b1 E
1L
0K
1*
18
#32120000
0*
08
#32130000
1I
1$
0G
0"
b10 E
1*
18
#32140000
0*
08
#32150000
b11 E
1*
18
#32160000
0*
08
#32170000
b100 E
1*
18
#32180000
0*
08
#32190000
b101 E
1*
18
#32200000
0*
08
#32210000
b110 E
1*
18
#32220000
0*
08
#32230000
b111 E
1*
18
#32240000
0*
08
#32250000
b1000 E
1*
18
#32260000
0*
08
#32270000
b1001 E
1*
18
#32280000
0*
08
#32290000
b1010 E
1*
18
#32300000
0*
08
#32310000
b1011 E
1*
18
#32320000
0*
08
#32330000
b1100 E
1*
18
#32340000
0*
08
#32350000
b1101 E
1*
18
#32360000
0*
08
#32370000
b1110 E
1*
18
#32380000
0*
08
#32390000
b1111 E
1*
18
#32400000
0*
08
#32410000
b10000 E
1*
18
#32420000
0*
08
#32430000
b10001 E
1*
18
#32440000
0*
08
#32450000
b10010 E
1*
18
#32460000
0*
08
#32470000
b10011 E
1*
18
#32480000
0*
08
#32490000
b10100 E
1*
18
#32500000
0*
08
#32510000
b10101 E
1*
18
#32520000
0*
08
#32530000
b10110 E
1*
18
#32540000
0*
08
#32550000
b10111 E
1*
18
#32560000
0*
08
#32570000
b11000 E
1*
18
#32580000
0*
08
#32590000
b11001 E
1*
18
#32600000
0*
08
#32610000
b11010 E
1*
18
#32620000
0*
08
#32630000
b11011 E
1*
18
#32640000
0*
08
#32650000
b11100 E
1*
18
#32660000
0*
08
#32670000
b11101 E
1*
18
#32680000
0*
08
#32690000
b11110 E
1*
18
#32700000
0*
08
#32710000
b11111 E
1*
18
#32720000
0*
08
#32730000
b100000 E
1*
18
#32740000
0*
08
#32750000
b100001 E
1*
18
#32760000
0*
08
#32770000
b100010 E
1*
18
#32780000
0*
08
#32790000
b100011 E
1*
18
#32800000
0*
08
#32810000
b100100 E
1*
18
#32820000
0*
08
#32830000
b100101 E
1*
18
#32840000
0*
08
#32850000
b100110 E
1*
18
#32860000
0*
08
#32870000
b100111 E
1*
18
#32880000
0*
08
#32890000
b101000 E
1*
18
#32900000
0*
08
#32910000
b101001 E
1*
18
#32920000
0*
08
#32930000
b101010 E
1*
18
#32940000
0*
08
#32950000
b101011 E
1*
18
#32960000
0*
08
#32970000
b101100 E
1*
18
#32980000
0*
08
#32990000
b101101 E
1*
18
#33000000
0*
08
#33010000
b101110 E
1*
18
#33020000
0*
08
#33030000
b101111 E
1*
18
#33040000
0*
08
#33050000
b110000 E
1*
18
#33060000
0*
08
#33070000
b110001 E
1*
18
#33080000
0*
08
#33090000
b110010 E
1*
18
#33100000
0*
08
#33110000
b110011 E
1*
18
#33120000
0*
08
#33130000
b110100 E
1*
18
#33140000
0*
08
#33150000
b110101 E
1*
18
#33160000
0*
08
#33170000
b110110 E
1*
18
#33180000
0*
08
#33190000
b110111 E
1*
18
#33200000
0*
08
#33210000
b111000 E
1*
18
#33220000
0*
08
#33230000
b111001 E
1*
18
#33240000
0*
08
#33250000
b111010 E
1*
18
#33260000
0*
08
#33270000
b111011 E
1*
18
#33280000
0*
08
#33290000
b111100 E
1*
18
#33300000
0*
08
#33310000
b111101 E
1*
18
#33320000
0*
08
#33330000
b111110 E
1*
18
#33340000
0*
08
#33350000
b111111 E
1*
18
#33360000
0*
08
#33370000
b1000000 E
1*
18
#33380000
0*
08
#33390000
b1000001 E
1*
18
#33400000
0*
08
#33410000
b1000010 E
1*
18
#33420000
0*
08
#33430000
b1000011 E
1*
18
#33440000
0*
08
#33450000
b1000100 E
1*
18
#33460000
0*
08
#33470000
b1000101 E
1*
18
#33480000
0*
08
#33490000
b1000110 E
1*
18
#33500000
0*
08
#33510000
b1000111 E
1*
18
#33520000
0*
08
#33530000
b1001000 E
1*
18
#33540000
0*
08
#33550000
b1001001 E
1*
18
#33560000
0*
08
#33570000
b1001010 E
1*
18
#33580000
0*
08
#33590000
b1001011 E
1*
18
#33600000
0*
08
#33610000
b1001100 E
1*
18
#33620000
0*
08
#33630000
b1001101 E
1*
18
#33640000
0*
08
#33650000
b1001110 E
1*
18
#33660000
0*
08
#33670000
b1001111 E
1*
18
#33680000
0*
08
#33690000
b1010000 E
1*
18
#33700000
0*
08
#33710000
b1010001 E
1*
18
#33720000
0*
08
#33730000
b1010010 E
1*
18
#33740000
0*
08
#33750000
b1010011 E
1*
18
#33760000
0*
08
#33770000
b1010100 E
1*
18
#33780000
0*
08
#33790000
b1010101 E
1*
18
#33800000
0*
08
#33810000
b1010110 E
1*
18
#33820000
0*
08
#33830000
b1010111 E
1*
18
#33840000
0*
08
#33850000
b1011000 E
1*
18
#33860000
0*
08
#33870000
b1011001 E
1*
18
#33880000
0*
08
#33890000
b1011010 E
1*
18
#33900000
0*
08
#33910000
b1011011 E
1*
18
#33920000
0*
08
#33930000
b1011100 E
1*
18
#33940000
0*
08
#33950000
b1011101 E
1*
18
#33960000
0*
08
#33970000
b1011110 E
1*
18
#33980000
0*
08
#33990000
b1011111 E
1*
18
#34000000
0*
08
#34010000
1B
b1100000 E
1*
18
#34020000
0*
08
#34030000
b1100001 E
1K
1*
18
#34040000
0*
08
#34050000
1G
1"
b1100010 E
1*
18
#34060000
0*
08
#34070000
b1100011 E
1*
18
#34080000
0*
08
#34090000
b1100100 E
1*
18
#34100000
0*
08
#34110000
b1100101 E
1*
18
#34120000
0*
08
#34130000
b1100110 E
1*
18
#34140000
0*
08
#34150000
b1100111 E
1*
18
#34160000
0*
08
#34170000
b1101000 E
1*
18
#34180000
0*
08
#34190000
b1101001 E
1*
18
#34200000
0*
08
#34210000
b1101010 E
1*
18
#34220000
0*
08
#34230000
b1101011 E
1*
18
#34240000
0*
08
#34250000
b1101100 E
1*
18
#34260000
0*
08
#34270000
b1101101 E
1*
18
#34280000
0*
08
#34290000
b1101110 E
1*
18
#34300000
0*
08
#34310000
b1101111 E
1*
18
#34320000
0*
08
#34330000
b1110000 E
1*
18
#34340000
0*
08
#34350000
b1110001 E
1*
18
#34360000
0*
08
#34370000
b1110010 E
1*
18
#34380000
0*
08
#34390000
b1110011 E
1*
18
#34400000
0*
08
#34410000
b1110100 E
1*
18
#34420000
0*
08
#34430000
b1110101 E
1*
18
#34440000
0*
08
#34450000
b1110110 E
1*
18
#34460000
0*
08
#34470000
b1110111 E
1*
18
#34480000
0*
08
#34490000
b1111000 E
1*
18
#34500000
0*
08
#34510000
b1111001 E
1*
18
#34520000
0*
08
#34530000
b1111010 E
1*
18
#34540000
0*
08
#34550000
b1111011 E
1*
18
#34560000
0*
08
#34570000
b1111100 E
1*
18
#34580000
0*
08
#34590000
b1111101 E
1*
18
#34600000
0*
08
#34610000
b1111110 E
1*
18
#34620000
0*
08
#34630000
b1111111 E
1*
18
#34640000
0*
08
#34650000
b10000000 E
1*
18
#34660000
0*
08
#34670000
b10000001 E
1*
18
#34680000
0*
08
#34690000
b10000010 E
1*
18
#34700000
0*
08
#34710000
b10000011 E
1*
18
#34720000
0*
08
#34730000
b10000100 E
1*
18
#34740000
0*
08
#34750000
b10000101 E
1*
18
#34760000
0*
08
#34770000
b10000110 E
1*
18
#34780000
0*
08
#34790000
b10000111 E
1*
18
#34800000
0*
08
#34810000
b10001000 E
1*
18
#34820000
0*
08
#34830000
b10001001 E
1*
18
#34840000
0*
08
#34850000
b10001010 E
1*
18
#34860000
0*
08
#34870000
b10001011 E
1*
18
#34880000
0*
08
#34890000
b10001100 E
1*
18
#34900000
0*
08
#34910000
b10001101 E
1*
18
#34920000
0*
08
#34930000
b10001110 E
1*
18
#34940000
0*
08
#34950000
b10001111 E
1*
18
#34960000
0*
08
#34970000
b10010000 E
1*
18
#34980000
0*
08
#34990000
b10010001 E
1*
18
#35000000
0*
08
#35010000
b10010010 E
1*
18
#35020000
0*
08
#35030000
b10010011 E
1*
18
#35040000
0*
08
#35050000
b10010100 E
1*
18
#35060000
0*
08
#35070000
b10010101 E
1*
18
#35080000
0*
08
#35090000
b10010110 E
1*
18
#35100000
0*
08
#35110000
b10010111 E
1*
18
#35120000
0*
08
#35130000
b10011000 E
1*
18
#35140000
0*
08
#35150000
b10011001 E
1*
18
#35160000
0*
08
#35170000
b10011010 E
1*
18
#35180000
0*
08
#35190000
b10011011 E
1*
18
#35200000
0*
08
#35210000
b10011100 E
1*
18
#35220000
0*
08
#35230000
b10011101 E
1*
18
#35240000
0*
08
#35250000
b10011110 E
1*
18
#35260000
0*
08
#35270000
b10011111 E
1*
18
#35280000
0*
08
#35290000
b10100000 E
1*
18
#35300000
0*
08
#35310000
b10100001 E
1*
18
#35320000
0*
08
#35330000
b10100010 E
1*
18
#35340000
0*
08
#35350000
b10100011 E
1*
18
#35360000
0*
08
#35370000
b10100100 E
1*
18
#35380000
0*
08
#35390000
b10100101 E
1*
18
#35400000
0*
08
#35410000
b10100110 E
1*
18
#35420000
0*
08
#35430000
b10100111 E
1*
18
#35440000
0*
08
#35450000
b10101000 E
1*
18
#35460000
0*
08
#35470000
b10101001 E
1*
18
#35480000
0*
08
#35490000
b10101010 E
1*
18
#35500000
0*
08
#35510000
b10101011 E
1*
18
#35520000
0*
08
#35530000
b10101100 E
1*
18
#35540000
0*
08
#35550000
b10101101 E
1*
18
#35560000
0*
08
#35570000
b10101110 E
1*
18
#35580000
0*
08
#35590000
b10101111 E
1*
18
#35600000
0*
08
#35610000
b10110000 E
1*
18
#35620000
0*
08
#35630000
b10110001 E
1*
18
#35640000
0*
08
#35650000
b10110010 E
1*
18
#35660000
0*
08
#35670000
b10110011 E
1*
18
#35680000
0*
08
#35690000
b10110100 E
1*
18
#35700000
0*
08
#35710000
b10110101 E
1*
18
#35720000
0*
08
#35730000
b10110110 E
1*
18
#35740000
0*
08
#35750000
b10110111 E
1*
18
#35760000
0*
08
#35770000
b10111000 E
1*
18
#35780000
0*
08
#35790000
b10111001 E
1*
18
#35800000
0*
08
#35810000
b10111010 E
1*
18
#35820000
0*
08
#35830000
b10111011 E
1*
18
#35840000
0*
08
#35850000
b10111100 E
1*
18
#35860000
0*
08
#35870000
b10111101 E
1*
18
#35880000
0*
08
#35890000
b10111110 E
1*
18
#35900000
0*
08
#35910000
b10111111 E
1*
18
#35920000
0*
08
#35930000
b11000000 E
1*
18
#35940000
0*
08
#35950000
b11000001 E
1*
18
#35960000
0*
08
#35970000
b11000010 E
1*
18
#35980000
0*
08
#35990000
b11000011 E
1*
18
#36000000
0*
08
#36010000
b11000100 E
1*
18
#36020000
0*
08
#36030000
b11000101 E
1*
18
#36040000
0*
08
#36050000
b11000110 E
1*
18
#36060000
0*
08
#36070000
b11000111 E
1*
18
#36080000
0*
08
#36090000
b11001000 E
1*
18
#36100000
0*
08
#36110000
b11001001 E
1*
18
#36120000
0*
08
#36130000
b11001010 E
1*
18
#36140000
0*
08
#36150000
b11001011 E
1*
18
#36160000
0*
08
#36170000
b11001100 E
1*
18
#36180000
0*
08
#36190000
b11001101 E
1*
18
#36200000
0*
08
#36210000
b11001110 E
1*
18
#36220000
0*
08
#36230000
b11001111 E
1*
18
#36240000
0*
08
#36250000
b11010000 E
1*
18
#36260000
0*
08
#36270000
b11010001 E
1*
18
#36280000
0*
08
#36290000
b11010010 E
1*
18
#36300000
0*
08
#36310000
b11010011 E
1*
18
#36320000
0*
08
#36330000
b11010100 E
1*
18
#36340000
0*
08
#36350000
b11010101 E
1*
18
#36360000
0*
08
#36370000
b11010110 E
1*
18
#36380000
0*
08
#36390000
b11010111 E
1*
18
#36400000
0*
08
#36410000
b11011000 E
1*
18
#36420000
0*
08
#36430000
b11011001 E
1*
18
#36440000
0*
08
#36450000
b11011010 E
1*
18
#36460000
0*
08
#36470000
b11011011 E
1*
18
#36480000
0*
08
#36490000
b11011100 E
1*
18
#36500000
0*
08
#36510000
b11011101 E
1*
18
#36520000
0*
08
#36530000
b11011110 E
1*
18
#36540000
0*
08
#36550000
b11011111 E
1*
18
#36560000
0*
08
#36570000
b11100000 E
1*
18
#36580000
0*
08
#36590000
b11100001 E
1*
18
#36600000
0*
08
#36610000
b11100010 E
1*
18
#36620000
0*
08
#36630000
b11100011 E
1*
18
#36640000
0*
08
#36650000
b11100100 E
1*
18
#36660000
0*
08
#36670000
b11100101 E
1*
18
#36680000
0*
08
#36690000
b11100110 E
1*
18
#36700000
0*
08
#36710000
b11100111 E
1*
18
#36720000
0*
08
#36730000
b11101000 E
1*
18
#36740000
0*
08
#36750000
b11101001 E
1*
18
#36760000
0*
08
#36770000
b11101010 E
1*
18
#36780000
0*
08
#36790000
b11101011 E
1*
18
#36800000
0*
08
#36810000
b11101100 E
1*
18
#36820000
0*
08
#36830000
b11101101 E
1*
18
#36840000
0*
08
#36850000
b11101110 E
1*
18
#36860000
0*
08
#36870000
b11101111 E
1*
18
#36880000
0*
08
#36890000
b11110000 E
1*
18
#36900000
0*
08
#36910000
b11110001 E
1*
18
#36920000
0*
08
#36930000
b11110010 E
1*
18
#36940000
0*
08
#36950000
b11110011 E
1*
18
#36960000
0*
08
#36970000
b11110100 E
1*
18
#36980000
0*
08
#36990000
b11110101 E
1*
18
#37000000
0*
08
#37010000
b11110110 E
1*
18
#37020000
0*
08
#37030000
b11110111 E
1*
18
#37040000
0*
08
#37050000
b11111000 E
1*
18
#37060000
0*
08
#37070000
b11111001 E
1*
18
#37080000
0*
08
#37090000
b11111010 E
1*
18
#37100000
0*
08
#37110000
b11111011 E
1*
18
#37120000
0*
08
#37130000
b11111100 E
1*
18
#37140000
0*
08
#37150000
b11111101 E
1*
18
#37160000
0*
08
#37170000
b11111110 E
1*
18
#37180000
0*
08
#37190000
b11111111 E
1*
18
#37200000
0*
08
#37210000
b100000000 E
1*
18
#37220000
0*
08
#37230000
b100000001 E
1*
18
#37240000
0*
08
#37250000
b100000010 E
1*
18
#37260000
0*
08
#37270000
b100000011 E
1*
18
#37280000
0*
08
#37290000
b100000100 E
1*
18
#37300000
0*
08
#37310000
b100000101 E
1*
18
#37320000
0*
08
#37330000
b100000110 E
1*
18
#37340000
0*
08
#37350000
b100000111 E
1*
18
#37360000
0*
08
#37370000
b100001000 E
1*
18
#37380000
0*
08
#37390000
b100001001 E
1*
18
#37400000
0*
08
#37410000
b100001010 E
1*
18
#37420000
0*
08
#37430000
b100001011 E
1*
18
#37440000
0*
08
#37450000
b100001100 E
1*
18
#37460000
0*
08
#37470000
b100001101 E
1*
18
#37480000
0*
08
#37490000
b100001110 E
1*
18
#37500000
0*
08
#37510000
b100001111 E
1*
18
#37520000
0*
08
#37530000
b100010000 E
1*
18
#37540000
0*
08
#37550000
b100010001 E
1*
18
#37560000
0*
08
#37570000
b100010010 E
1*
18
#37580000
0*
08
#37590000
b100010011 E
1*
18
#37600000
0*
08
#37610000
b100010100 E
1*
18
#37620000
0*
08
#37630000
b100010101 E
1*
18
#37640000
0*
08
#37650000
b100010110 E
1*
18
#37660000
0*
08
#37670000
b100010111 E
1*
18
#37680000
0*
08
#37690000
b100011000 E
1*
18
#37700000
0*
08
#37710000
b100011001 E
1*
18
#37720000
0*
08
#37730000
b100011010 E
1*
18
#37740000
0*
08
#37750000
b100011011 E
1*
18
#37760000
0*
08
#37770000
b100011100 E
1*
18
#37780000
0*
08
#37790000
b100011101 E
1*
18
#37800000
0*
08
#37810000
b100011110 E
1*
18
#37820000
0*
08
#37830000
b100011111 E
1*
18
#37840000
0*
08
#37850000
b100100000 E
1*
18
#37860000
0*
08
#37870000
b100100001 E
1*
18
#37880000
0*
08
#37890000
b100100010 E
1*
18
#37900000
0*
08
#37910000
b100100011 E
1*
18
#37920000
0*
08
#37930000
b100100100 E
1*
18
#37940000
0*
08
#37950000
b100100101 E
1*
18
#37960000
0*
08
#37970000
b100100110 E
1*
18
#37980000
0*
08
#37990000
b100100111 E
1*
18
#38000000
0*
08
#38010000
b100101000 E
1*
18
#38020000
0*
08
#38030000
b100101001 E
1*
18
#38040000
0*
08
#38050000
b100101010 E
1*
18
#38060000
0*
08
#38070000
b100101011 E
1*
18
#38080000
0*
08
#38090000
b100101100 E
1*
18
#38100000
0*
08
#38110000
b100101101 E
1*
18
#38120000
0*
08
#38130000
b100101110 E
1*
18
#38140000
0*
08
#38150000
b100101111 E
1*
18
#38160000
0*
08
#38170000
b100110000 E
1*
18
#38180000
0*
08
#38190000
b100110001 E
1*
18
#38200000
0*
08
#38210000
b100110010 E
1*
18
#38220000
0*
08
#38230000
b100110011 E
1*
18
#38240000
0*
08
#38250000
b100110100 E
1*
18
#38260000
0*
08
#38270000
b100110101 E
1*
18
#38280000
0*
08
#38290000
b100110110 E
1*
18
#38300000
0*
08
#38310000
b100110111 E
1*
18
#38320000
0*
08
#38330000
b100111000 E
1*
18
#38340000
0*
08
#38350000
b100111001 E
1*
18
#38360000
0*
08
#38370000
b100111010 E
1*
18
#38380000
0*
08
#38390000
b100111011 E
1*
18
#38400000
0*
08
#38410000
b100111100 E
1*
18
#38420000
0*
08
#38430000
b100111101 E
1*
18
#38440000
0*
08
#38450000
b100111110 E
1*
18
#38460000
0*
08
#38470000
b100111111 E
1*
18
#38480000
0*
08
#38490000
b101000000 E
1*
18
#38500000
0*
08
#38510000
b101000001 E
1*
18
#38520000
0*
08
#38530000
b101000010 E
1*
18
#38540000
0*
08
#38550000
b101000011 E
1*
18
#38560000
0*
08
#38570000
b101000100 E
1*
18
#38580000
0*
08
#38590000
b101000101 E
1*
18
#38600000
0*
08
#38610000
b101000110 E
1*
18
#38620000
0*
08
#38630000
b101000111 E
1*
18
#38640000
0*
08
#38650000
b101001000 E
1*
18
#38660000
0*
08
#38670000
b101001001 E
1*
18
#38680000
0*
08
#38690000
b101001010 E
1*
18
#38700000
0*
08
#38710000
b101001011 E
1*
18
#38720000
0*
08
#38730000
b101001100 E
1*
18
#38740000
0*
08
#38750000
b101001101 E
1*
18
#38760000
0*
08
#38770000
b101001110 E
1*
18
#38780000
0*
08
#38790000
b101001111 E
1*
18
#38800000
0*
08
#38810000
b101010000 E
1*
18
#38820000
0*
08
#38830000
b101010001 E
1*
18
#38840000
0*
08
#38850000
b101010010 E
1*
18
#38860000
0*
08
#38870000
b101010011 E
1*
18
#38880000
0*
08
#38890000
b101010100 E
1*
18
#38900000
0*
08
#38910000
b101010101 E
1*
18
#38920000
0*
08
#38930000
b101010110 E
1*
18
#38940000
0*
08
#38950000
b101010111 E
1*
18
#38960000
0*
08
#38970000
b101011000 E
1*
18
#38980000
0*
08
#38990000
b101011001 E
1*
18
#39000000
0*
08
#39010000
b101011010 E
1*
18
#39020000
0*
08
#39030000
b101011011 E
1*
18
#39040000
0*
08
#39050000
b101011100 E
1*
18
#39060000
0*
08
#39070000
b101011101 E
1*
18
#39080000
0*
08
#39090000
b101011110 E
1*
18
#39100000
0*
08
#39110000
b101011111 E
1*
18
#39120000
0*
08
#39130000
b101100000 E
1*
18
#39140000
0*
08
#39150000
b101100001 E
1*
18
#39160000
0*
08
#39170000
b101100010 E
1*
18
#39180000
0*
08
#39190000
b101100011 E
1*
18
#39200000
0*
08
#39210000
b101100100 E
1*
18
#39220000
0*
08
#39230000
b101100101 E
1*
18
#39240000
0*
08
#39250000
b101100110 E
1*
18
#39260000
0*
08
#39270000
b101100111 E
1*
18
#39280000
0*
08
#39290000
b101101000 E
1*
18
#39300000
0*
08
#39310000
b101101001 E
1*
18
#39320000
0*
08
#39330000
b101101010 E
1*
18
#39340000
0*
08
#39350000
b101101011 E
1*
18
#39360000
0*
08
#39370000
b101101100 E
1*
18
#39380000
0*
08
#39390000
b101101101 E
1*
18
#39400000
0*
08
#39410000
b101101110 E
1*
18
#39420000
0*
08
#39430000
b101101111 E
1*
18
#39440000
0*
08
#39450000
b101110000 E
1*
18
#39460000
0*
08
#39470000
b101110001 E
1*
18
#39480000
0*
08
#39490000
b101110010 E
1*
18
#39500000
0*
08
#39510000
b101110011 E
1*
18
#39520000
0*
08
#39530000
b101110100 E
1*
18
#39540000
0*
08
#39550000
b101110101 E
1*
18
#39560000
0*
08
#39570000
b101110110 E
1*
18
#39580000
0*
08
#39590000
b101110111 E
1*
18
#39600000
0*
08
#39610000
b101111000 E
1*
18
#39620000
0*
08
#39630000
b101111001 E
1*
18
#39640000
0*
08
#39650000
b101111010 E
1*
18
#39660000
0*
08
#39670000
b101111011 E
1*
18
#39680000
0*
08
#39690000
b101111100 E
1*
18
#39700000
0*
08
#39710000
b101111101 E
1*
18
#39720000
0*
08
#39730000
b101111110 E
1*
18
#39740000
0*
08
#39750000
b101111111 E
1*
18
#39760000
0*
08
#39770000
b110000000 E
1*
18
#39780000
0*
08
#39790000
b110000001 E
1*
18
#39800000
0*
08
#39810000
b110000010 E
1*
18
#39820000
0*
08
#39830000
b110000011 E
1*
18
#39840000
0*
08
#39850000
b110000100 E
1*
18
#39860000
0*
08
#39870000
b110000101 E
1*
18
#39880000
0*
08
#39890000
b110000110 E
1*
18
#39900000
0*
08
#39910000
b110000111 E
1*
18
#39920000
0*
08
#39930000
b110001000 E
1*
18
#39940000
0*
08
#39950000
b110001001 E
1*
18
#39960000
0*
08
#39970000
b110001010 E
1*
18
#39980000
0*
08
#39990000
b110001011 E
1*
18
#40000000
0*
08
#40010000
b110001100 E
1*
18
#40020000
0*
08
#40030000
b110001101 E
1*
18
#40040000
0*
08
#40050000
b110001110 E
1*
18
#40060000
0*
08
#40070000
b110001111 E
1*
18
#40080000
0*
08
#40090000
b110010000 E
1*
18
#40100000
0*
08
#40110000
b110010001 E
1*
18
#40120000
0*
08
#40130000
b110010010 E
1*
18
#40140000
0*
08
#40150000
b110010011 E
1*
18
#40160000
0*
08
#40170000
b110010100 E
1*
18
#40180000
0*
08
#40190000
b110010101 E
1*
18
#40200000
0*
08
#40210000
b110010110 E
1*
18
#40220000
0*
08
#40230000
b110010111 E
1*
18
#40240000
0*
08
#40250000
b110011000 E
1*
18
#40260000
0*
08
#40270000
b110011001 E
1*
18
#40280000
0*
08
#40290000
b110011010 E
1*
18
#40300000
0*
08
#40310000
b110011011 E
1*
18
#40320000
0*
08
#40330000
b110011100 E
1*
18
#40340000
0*
08
#40350000
b110011101 E
1*
18
#40360000
0*
08
#40370000
b110011110 E
1*
18
#40380000
0*
08
#40390000
b110011111 E
1*
18
#40400000
0*
08
#40410000
b110100000 E
1*
18
#40420000
0*
08
#40430000
b110100001 E
1*
18
#40440000
0*
08
#40450000
b110100010 E
1*
18
#40460000
0*
08
#40470000
b110100011 E
1*
18
#40480000
0*
08
#40490000
b110100100 E
1*
18
#40500000
0*
08
#40510000
b110100101 E
1*
18
#40520000
0*
08
#40530000
b110100110 E
1*
18
#40540000
0*
08
#40550000
b110100111 E
1*
18
#40560000
0*
08
#40570000
b110101000 E
1*
18
#40580000
0*
08
#40590000
b110101001 E
1*
18
#40600000
0*
08
#40610000
b110101010 E
1*
18
#40620000
0*
08
#40630000
b110101011 E
1*
18
#40640000
0*
08
#40650000
b110101100 E
1*
18
#40660000
0*
08
#40670000
b110101101 E
1*
18
#40680000
0*
08
#40690000
b110101110 E
1*
18
#40700000
0*
08
#40710000
b110101111 E
1*
18
#40720000
0*
08
#40730000
b110110000 E
1*
18
#40740000
0*
08
#40750000
b110110001 E
1*
18
#40760000
0*
08
#40770000
b110110010 E
1*
18
#40780000
0*
08
#40790000
b110110011 E
1*
18
#40800000
0*
08
#40810000
b110110100 E
1*
18
#40820000
0*
08
#40830000
b110110101 E
1*
18
#40840000
0*
08
#40850000
b110110110 E
1*
18
#40860000
0*
08
#40870000
b110110111 E
1*
18
#40880000
0*
08
#40890000
b110111000 E
1*
18
#40900000
0*
08
#40910000
b110111001 E
1*
18
#40920000
0*
08
#40930000
b110111010 E
1*
18
#40940000
0*
08
#40950000
b110111011 E
1*
18
#40960000
0*
08
#40970000
b110111100 E
1*
18
#40980000
0*
08
#40990000
b110111101 E
1*
18
#41000000
0*
08
#41010000
b110111110 E
1*
18
#41020000
0*
08
#41030000
b110111111 E
1*
18
#41040000
0*
08
#41050000
b111000000 E
1*
18
#41060000
0*
08
#41070000
b111000001 E
1*
18
#41080000
0*
08
#41090000
b111000010 E
1*
18
#41100000
0*
08
#41110000
b111000011 E
1*
18
#41120000
0*
08
#41130000
b111000100 E
1*
18
#41140000
0*
08
#41150000
b111000101 E
1*
18
#41160000
0*
08
#41170000
b111000110 E
1*
18
#41180000
0*
08
#41190000
b111000111 E
1*
18
#41200000
0*
08
#41210000
b111001000 E
1*
18
#41220000
0*
08
#41230000
b111001001 E
1*
18
#41240000
0*
08
#41250000
b111001010 E
1*
18
#41260000
0*
08
#41270000
b111001011 E
1*
18
#41280000
0*
08
#41290000
b111001100 E
1*
18
#41300000
0*
08
#41310000
b111001101 E
1*
18
#41320000
0*
08
#41330000
b111001110 E
1*
18
#41340000
0*
08
#41350000
b111001111 E
1*
18
#41360000
0*
08
#41370000
b111010000 E
1*
18
#41380000
0*
08
#41390000
b111010001 E
1*
18
#41400000
0*
08
#41410000
b111010010 E
1*
18
#41420000
0*
08
#41430000
b111010011 E
1*
18
#41440000
0*
08
#41450000
b111010100 E
1*
18
#41460000
0*
08
#41470000
b111010101 E
1*
18
#41480000
0*
08
#41490000
b111010110 E
1*
18
#41500000
0*
08
#41510000
b111010111 E
1*
18
#41520000
0*
08
#41530000
b111011000 E
1*
18
#41540000
0*
08
#41550000
b111011001 E
1*
18
#41560000
0*
08
#41570000
b111011010 E
1*
18
#41580000
0*
08
#41590000
b111011011 E
1*
18
#41600000
0*
08
#41610000
b111011100 E
1*
18
#41620000
0*
08
#41630000
b111011101 E
1*
18
#41640000
0*
08
#41650000
b111011110 E
1*
18
#41660000
0*
08
#41670000
b111011111 E
1*
18
#41680000
0*
08
#41690000
b111100000 E
1*
18
#41700000
0*
08
#41710000
b111100001 E
1*
18
#41720000
0*
08
#41730000
b111100010 E
1*
18
#41740000
0*
08
#41750000
b111100011 E
1*
18
#41760000
0*
08
#41770000
b111100100 E
1*
18
#41780000
0*
08
#41790000
b111100101 E
1*
18
#41800000
0*
08
#41810000
b111100110 E
1*
18
#41820000
0*
08
#41830000
b111100111 E
1*
18
#41840000
0*
08
#41850000
b111101000 E
1*
18
#41860000
0*
08
#41870000
b111101001 E
1*
18
#41880000
0*
08
#41890000
b111101010 E
1*
18
#41900000
0*
08
#41910000
b111101011 E
1*
18
#41920000
0*
08
#41930000
b111101100 E
1*
18
#41940000
0*
08
#41950000
b111101101 E
1*
18
#41960000
0*
08
#41970000
b111101110 E
1*
18
#41980000
0*
08
#41990000
b111101111 E
1*
18
#42000000
0*
08
#42010000
b111110000 E
1*
18
#42020000
0*
08
#42030000
b111110001 E
1*
18
#42040000
0*
08
#42050000
b111110010 E
1*
18
#42060000
0*
08
#42070000
b111110011 E
1*
18
#42080000
0*
08
#42090000
b111110100 E
1*
18
#42100000
0*
08
#42110000
b111110101 E
1*
18
#42120000
0*
08
#42130000
b111110110 E
1*
18
#42140000
0*
08
#42150000
b111110111 E
1*
18
#42160000
0*
08
#42170000
b111111000 E
1*
18
#42180000
0*
08
#42190000
b111111001 E
1*
18
#42200000
0*
08
#42210000
b111111010 E
1*
18
#42220000
0*
08
#42230000
b111111011 E
1*
18
#42240000
0*
08
#42250000
b111111100 E
1*
18
#42260000
0*
08
#42270000
b111111101 E
1*
18
#42280000
0*
08
#42290000
b111111110 E
1*
18
#42300000
0*
08
#42310000
b111111111 E
1*
18
#42320000
0*
08
#42330000
b1000000000 E
1*
18
#42340000
0*
08
#42350000
b1000000001 E
1*
18
#42360000
0*
08
#42370000
b1000000010 E
1*
18
#42380000
0*
08
#42390000
b1000000011 E
1*
18
#42400000
0*
08
#42410000
b1000000100 E
1*
18
#42420000
0*
08
#42430000
b1000000101 E
1*
18
#42440000
0*
08
#42450000
b1000000110 E
1*
18
#42460000
0*
08
#42470000
b1000000111 E
1*
18
#42480000
0*
08
#42490000
b1000001000 E
1*
18
#42500000
0*
08
#42510000
b1000001001 E
1*
18
#42520000
0*
08
#42530000
b1000001010 E
1*
18
#42540000
0*
08
#42550000
b1000001011 E
1*
18
#42560000
0*
08
#42570000
b1000001100 E
1*
18
#42580000
0*
08
#42590000
b1000001101 E
1*
18
#42600000
0*
08
#42610000
b1000001110 E
1*
18
#42620000
0*
08
#42630000
b1000001111 E
1*
18
#42640000
0*
08
#42650000
b1000010000 E
1*
18
#42660000
0*
08
#42670000
b1000010001 E
1*
18
#42680000
0*
08
#42690000
b1000010010 E
1*
18
#42700000
0*
08
#42710000
b1000010011 E
1*
18
#42720000
0*
08
#42730000
b1000010100 E
1*
18
#42740000
0*
08
#42750000
b1000010101 E
1*
18
#42760000
0*
08
#42770000
b1000010110 E
1*
18
#42780000
0*
08
#42790000
b1000010111 E
1*
18
#42800000
0*
08
#42810000
b1000011000 E
1*
18
#42820000
0*
08
#42830000
b1000011001 E
1*
18
#42840000
0*
08
#42850000
b1000011010 E
1*
18
#42860000
0*
08
#42870000
b1000011011 E
1*
18
#42880000
0*
08
#42890000
b1000011100 E
1*
18
#42900000
0*
08
#42910000
b1000011101 E
1*
18
#42920000
0*
08
#42930000
b1000011110 E
1*
18
#42940000
0*
08
#42950000
b1000011111 E
1*
18
#42960000
0*
08
#42970000
b1000100000 E
1*
18
#42980000
0*
08
#42990000
b1000100001 E
1*
18
#43000000
0*
08
#43010000
b1000100010 E
1*
18
#43020000
0*
08
#43030000
b1000100011 E
1*
18
#43040000
0*
08
#43050000
b1000100100 E
1*
18
#43060000
0*
08
#43070000
b1000100101 E
1*
18
#43080000
0*
08
#43090000
b1000100110 E
1*
18
#43100000
0*
08
#43110000
b1000100111 E
1*
18
#43120000
0*
08
#43130000
b1000101000 E
1*
18
#43140000
0*
08
#43150000
b1000101001 E
1*
18
#43160000
0*
08
#43170000
b1000101010 E
1*
18
#43180000
0*
08
#43190000
b1000101011 E
1*
18
#43200000
0*
08
#43210000
b1000101100 E
1*
18
#43220000
0*
08
#43230000
b1000101101 E
1*
18
#43240000
0*
08
#43250000
b1000101110 E
1*
18
#43260000
0*
08
#43270000
b1000101111 E
1*
18
#43280000
0*
08
#43290000
b1000110000 E
1*
18
#43300000
0*
08
#43310000
b1000110001 E
1*
18
#43320000
0*
08
#43330000
b1000110010 E
1*
18
#43340000
0*
08
#43350000
b1000110011 E
1*
18
#43360000
0*
08
#43370000
b1000110100 E
1*
18
#43380000
0*
08
#43390000
b1000110101 E
1*
18
#43400000
0*
08
#43410000
b1000110110 E
1*
18
#43420000
0*
08
#43430000
b1000110111 E
1*
18
#43440000
0*
08
#43450000
b1000111000 E
1*
18
#43460000
0*
08
#43470000
b1000111001 E
1*
18
#43480000
0*
08
#43490000
b1000111010 E
1*
18
#43500000
0*
08
#43510000
b1000111011 E
1*
18
#43520000
0*
08
#43530000
b1000111100 E
1*
18
#43540000
0*
08
#43550000
b1000111101 E
1*
18
#43560000
0*
08
#43570000
b1000111110 E
1*
18
#43580000
0*
08
#43590000
b1000111111 E
1*
18
#43600000
0*
08
#43610000
b1001000000 E
1*
18
#43620000
0*
08
#43630000
b1001000001 E
1*
18
#43640000
0*
08
#43650000
b1001000010 E
1*
18
#43660000
0*
08
#43670000
b1001000011 E
1*
18
#43680000
0*
08
#43690000
b1001000100 E
1*
18
#43700000
0*
08
#43710000
b1001000101 E
1*
18
#43720000
0*
08
#43730000
b1001000110 E
1*
18
#43740000
0*
08
#43750000
b1001000111 E
1*
18
#43760000
0*
08
#43770000
b1001001000 E
1*
18
#43780000
0*
08
#43790000
b1001001001 E
1*
18
#43800000
0*
08
#43810000
b1001001010 E
1*
18
#43820000
0*
08
#43830000
b1001001011 E
1*
18
#43840000
0*
08
#43850000
b1001001100 E
1*
18
#43860000
0*
08
#43870000
b1001001101 E
1*
18
#43880000
0*
08
#43890000
b1001001110 E
1*
18
#43900000
0*
08
#43910000
b1001001111 E
1*
18
#43920000
0*
08
#43930000
b1001010000 E
1*
18
#43940000
0*
08
#43950000
b1001010001 E
1*
18
#43960000
0*
08
#43970000
b1001010010 E
1*
18
#43980000
0*
08
#43990000
b1001010011 E
1*
18
#44000000
0*
08
#44010000
b1001010100 E
1*
18
#44020000
0*
08
#44030000
b1001010101 E
1*
18
#44040000
0*
08
#44050000
b1001010110 E
1*
18
#44060000
0*
08
#44070000
b1001010111 E
1*
18
#44080000
0*
08
#44090000
b1001011000 E
1*
18
#44100000
0*
08
#44110000
b1001011001 E
1*
18
#44120000
0*
08
#44130000
b1001011010 E
1*
18
#44140000
0*
08
#44150000
b1001011011 E
1*
18
#44160000
0*
08
#44170000
b1001011100 E
1*
18
#44180000
0*
08
#44190000
b1001011101 E
1*
18
#44200000
0*
08
#44210000
b1001011110 E
1*
18
#44220000
0*
08
#44230000
b1001011111 E
1*
18
#44240000
0*
08
#44250000
b1001100000 E
1*
18
#44260000
0*
08
#44270000
b1001100001 E
1*
18
#44280000
0*
08
#44290000
b1001100010 E
1*
18
#44300000
0*
08
#44310000
b1001100011 E
1*
18
#44320000
0*
08
#44330000
b1001100100 E
1*
18
#44340000
0*
08
#44350000
b1001100101 E
1*
18
#44360000
0*
08
#44370000
b1001100110 E
1*
18
#44380000
0*
08
#44390000
b1001100111 E
1*
18
#44400000
0*
08
#44410000
b1001101000 E
1*
18
#44420000
0*
08
#44430000
b1001101001 E
1*
18
#44440000
0*
08
#44450000
b1001101010 E
1*
18
#44460000
0*
08
#44470000
b1001101011 E
1*
18
#44480000
0*
08
#44490000
b1001101100 E
1*
18
#44500000
0*
08
#44510000
b1001101101 E
1*
18
#44520000
0*
08
#44530000
b1001101110 E
1*
18
#44540000
0*
08
#44550000
b1001101111 E
1*
18
#44560000
0*
08
#44570000
b1001110000 E
1*
18
#44580000
0*
08
#44590000
b1001110001 E
1*
18
#44600000
0*
08
#44610000
b1001110010 E
1*
18
#44620000
0*
08
#44630000
b1001110011 E
1*
18
#44640000
0*
08
#44650000
b1001110100 E
1*
18
#44660000
0*
08
#44670000
b1001110101 E
1*
18
#44680000
0*
08
#44690000
b1001110110 E
1*
18
#44700000
0*
08
#44710000
b1001110111 E
1*
18
#44720000
0*
08
#44730000
b1001111000 E
1*
18
#44740000
0*
08
#44750000
b1001111001 E
1*
18
#44760000
0*
08
#44770000
b1001111010 E
1*
18
#44780000
0*
08
#44790000
b1001111011 E
1*
18
#44800000
0*
08
#44810000
b1001111100 E
1*
18
#44820000
0*
08
#44830000
b1001111101 E
1*
18
#44840000
0*
08
#44850000
b1001111110 E
1*
18
#44860000
0*
08
#44870000
b1001111111 E
1*
18
#44880000
0*
08
#44890000
b1010000000 E
1*
18
#44900000
0*
08
#44910000
b1010000001 E
1*
18
#44920000
0*
08
#44930000
b1010000010 E
1*
18
#44940000
0*
08
#44950000
b1010000011 E
1*
18
#44960000
0*
08
#44970000
b1010000100 E
1*
18
#44980000
0*
08
#44990000
b1010000101 E
1*
18
#45000000
0*
08
#45010000
b1010000110 E
1*
18
#45020000
0*
08
#45030000
b1010000111 E
1*
18
#45040000
0*
08
#45050000
b1010001000 E
1*
18
#45060000
0*
08
#45070000
b1010001001 E
1*
18
#45080000
0*
08
#45090000
b1010001010 E
1*
18
#45100000
0*
08
#45110000
b1010001011 E
1*
18
#45120000
0*
08
#45130000
b1010001100 E
1*
18
#45140000
0*
08
#45150000
b1010001101 E
1*
18
#45160000
0*
08
#45170000
b1010001110 E
1*
18
#45180000
0*
08
#45190000
b1010001111 E
1*
18
#45200000
0*
08
#45210000
b1010010000 E
1*
18
#45220000
0*
08
#45230000
b1010010001 E
1*
18
#45240000
0*
08
#45250000
b1010010010 E
1*
18
#45260000
0*
08
#45270000
b1010010011 E
1*
18
#45280000
0*
08
#45290000
b1010010100 E
1*
18
#45300000
0*
08
#45310000
b1010010101 E
1*
18
#45320000
0*
08
#45330000
b1010010110 E
1*
18
#45340000
0*
08
#45350000
b1010010111 E
1*
18
#45360000
0*
08
#45370000
b1010011000 E
1*
18
#45380000
0*
08
#45390000
b1010011001 E
1*
18
#45400000
0*
08
#45410000
b1010011010 E
1*
18
#45420000
0*
08
#45430000
b1010011011 E
1*
18
#45440000
0*
08
#45450000
b1010011100 E
1*
18
#45460000
0*
08
#45470000
b1010011101 E
1*
18
#45480000
0*
08
#45490000
b1010011110 E
1*
18
#45500000
0*
08
#45510000
b1010011111 E
1*
18
#45520000
0*
08
#45530000
b1010100000 E
1*
18
#45540000
0*
08
#45550000
b1010100001 E
1*
18
#45560000
0*
08
#45570000
b1010100010 E
1*
18
#45580000
0*
08
#45590000
b1010100011 E
1*
18
#45600000
0*
08
#45610000
b1010100100 E
1*
18
#45620000
0*
08
#45630000
b1010100101 E
1*
18
#45640000
0*
08
#45650000
b1010100110 E
1*
18
#45660000
0*
08
#45670000
b1010100111 E
1*
18
#45680000
0*
08
#45690000
b1010101000 E
1*
18
#45700000
0*
08
#45710000
b1010101001 E
1*
18
#45720000
0*
08
#45730000
b1010101010 E
1*
18
#45740000
0*
08
#45750000
b1010101011 E
1*
18
#45760000
0*
08
#45770000
b1010101100 E
1*
18
#45780000
0*
08
#45790000
b1010101101 E
1*
18
#45800000
0*
08
#45810000
b1010101110 E
1*
18
#45820000
0*
08
#45830000
b1010101111 E
1*
18
#45840000
0*
08
#45850000
b1010110000 E
1*
18
#45860000
0*
08
#45870000
b1010110001 E
1*
18
#45880000
0*
08
#45890000
b1010110010 E
1*
18
#45900000
0*
08
#45910000
b1010110011 E
1*
18
#45920000
0*
08
#45930000
b1010110100 E
1*
18
#45940000
0*
08
#45950000
b1010110101 E
1*
18
#45960000
0*
08
#45970000
b1010110110 E
1*
18
#45980000
0*
08
#45990000
b1010110111 E
1*
18
#46000000
0*
08
#46010000
b1010111000 E
1*
18
#46020000
0*
08
#46030000
b1010111001 E
1*
18
#46040000
0*
08
#46050000
b1010111010 E
1*
18
#46060000
0*
08
#46070000
b1010111011 E
1*
18
#46080000
0*
08
#46090000
b1010111100 E
1*
18
#46100000
0*
08
#46110000
b1010111101 E
1*
18
#46120000
0*
08
#46130000
b1010111110 E
1*
18
#46140000
0*
08
#46150000
b1010111111 E
1*
18
#46160000
0*
08
#46170000
b1011000000 E
1*
18
#46180000
0*
08
#46190000
b1011000001 E
1*
18
#46200000
0*
08
#46210000
b1011000010 E
1*
18
#46220000
0*
08
#46230000
b1011000011 E
1*
18
#46240000
0*
08
#46250000
b1011000100 E
1*
18
#46260000
0*
08
#46270000
b1011000101 E
1*
18
#46280000
0*
08
#46290000
b1011000110 E
1*
18
#46300000
0*
08
#46310000
b1011000111 E
1*
18
#46320000
0*
08
#46330000
b1011001000 E
1*
18
#46340000
0*
08
#46350000
b1011001001 E
1*
18
#46360000
0*
08
#46370000
b1011001010 E
1*
18
#46380000
0*
08
#46390000
b1011001011 E
1*
18
#46400000
0*
08
#46410000
b1011001100 E
1*
18
#46420000
0*
08
#46430000
b1011001101 E
1*
18
#46440000
0*
08
#46450000
b1011001110 E
1*
18
#46460000
0*
08
#46470000
b1011001111 E
1*
18
#46480000
0*
08
#46490000
b1011010000 E
1*
18
#46500000
0*
08
#46510000
b1011010001 E
1*
18
#46520000
0*
08
#46530000
b1011010010 E
1*
18
#46540000
0*
08
#46550000
b1011010011 E
1*
18
#46560000
0*
08
#46570000
b1011010100 E
1*
18
#46580000
0*
08
#46590000
b1011010101 E
1*
18
#46600000
0*
08
#46610000
b1011010110 E
1*
18
#46620000
0*
08
#46630000
b1011010111 E
1*
18
#46640000
0*
08
#46650000
b1011011000 E
1*
18
#46660000
0*
08
#46670000
b1011011001 E
1*
18
#46680000
0*
08
#46690000
b1011011010 E
1*
18
#46700000
0*
08
#46710000
b1011011011 E
1*
18
#46720000
0*
08
#46730000
b1011011100 E
1*
18
#46740000
0*
08
#46750000
b1011011101 E
1*
18
#46760000
0*
08
#46770000
b1011011110 E
1*
18
#46780000
0*
08
#46790000
b1011011111 E
1*
18
#46800000
0*
08
#46810000
b1011100000 E
1*
18
#46820000
0*
08
#46830000
b1011100001 E
1*
18
#46840000
0*
08
#46850000
b1011100010 E
1*
18
#46860000
0*
08
#46870000
b1011100011 E
1*
18
#46880000
0*
08
#46890000
b1011100100 E
1*
18
#46900000
0*
08
#46910000
b1011100101 E
1*
18
#46920000
0*
08
#46930000
b1011100110 E
1*
18
#46940000
0*
08
#46950000
b1011100111 E
1*
18
#46960000
0*
08
#46970000
b1011101000 E
1*
18
#46980000
0*
08
#46990000
b1011101001 E
1*
18
#47000000
0*
08
#47010000
b1011101010 E
1*
18
#47020000
0*
08
#47030000
b1011101011 E
1*
18
#47040000
0*
08
#47050000
b1011101100 E
1*
18
#47060000
0*
08
#47070000
b1011101101 E
1*
18
#47080000
0*
08
#47090000
b1011101110 E
1*
18
#47100000
0*
08
#47110000
b1011101111 E
1*
18
#47120000
0*
08
#47130000
b1011110000 E
1*
18
#47140000
0*
08
#47150000
b1011110001 E
1*
18
#47160000
0*
08
#47170000
b1011110010 E
1*
18
#47180000
0*
08
#47190000
b1011110011 E
1*
18
#47200000
0*
08
#47210000
b1011110100 E
1*
18
#47220000
0*
08
#47230000
b1011110101 E
1*
18
#47240000
0*
08
#47250000
b1011110110 E
1*
18
#47260000
0*
08
#47270000
b1011110111 E
1*
18
#47280000
0*
08
#47290000
b1011111000 E
1*
18
#47300000
0*
08
#47310000
b1011111001 E
1*
18
#47320000
0*
08
#47330000
b1011111010 E
1*
18
#47340000
0*
08
#47350000
b1011111011 E
1*
18
#47360000
0*
08
#47370000
b1011111100 E
1*
18
#47380000
0*
08
#47390000
b1011111101 E
1*
18
#47400000
0*
08
#47410000
b1011111110 E
1*
18
#47420000
0*
08
#47430000
b1011111111 E
1*
18
#47440000
0*
08
#47450000
b1100000000 E
1*
18
#47460000
0*
08
#47470000
b1100000001 E
1*
18
#47480000
0*
08
#47490000
b1100000010 E
1*
18
#47500000
0*
08
#47510000
b1100000011 E
1*
18
#47520000
0*
08
#47530000
b1100000100 E
1*
18
#47540000
0*
08
#47550000
b1100000101 E
1*
18
#47560000
0*
08
#47570000
b1100000110 E
1*
18
#47580000
0*
08
#47590000
b1100000111 E
1*
18
#47600000
0*
08
#47610000
b1100001000 E
1*
18
#47620000
0*
08
#47630000
b1100001001 E
1*
18
#47640000
0*
08
#47650000
b1100001010 E
1*
18
#47660000
0*
08
#47670000
b1100001011 E
1*
18
#47680000
0*
08
#47690000
b1100001100 E
1*
18
#47700000
0*
08
#47710000
b1100001101 E
1*
18
#47720000
0*
08
#47730000
b1100001110 E
1*
18
#47740000
0*
08
#47750000
b1100001111 E
1*
18
#47760000
0*
08
#47770000
b1100010000 E
1*
18
#47780000
0*
08
#47790000
b1100010001 E
1*
18
#47800000
0*
08
#47810000
b1100010010 E
1*
18
#47820000
0*
08
#47830000
b1100010011 E
1*
18
#47840000
0*
08
#47850000
b1100010100 E
1*
18
#47860000
0*
08
#47870000
b1100010101 E
1*
18
#47880000
0*
08
#47890000
b1100010110 E
1*
18
#47900000
0*
08
#47910000
b1100010111 E
1*
18
#47920000
0*
08
#47930000
b1100011000 E
1*
18
#47940000
0*
08
#47950000
b1100011001 E
1*
18
#47960000
0*
08
#47970000
b1100011010 E
1*
18
#47980000
0*
08
#47990000
b1100011011 E
1*
18
#48000000
0*
08
#48010000
b1100011100 E
1*
18
#48020000
0*
08
#48030000
b1100011101 E
1*
18
#48040000
0*
08
#48050000
b1100011110 E
1*
18
#48060000
0*
08
#48070000
b1100011111 E
1*
18
#48080000
0*
08
#48090000
0B
b0 E
b11 N
1*
18
#48100000
0*
08
#48110000
b1 E
0K
1*
18
#48120000
0*
08
#48130000
0G
0"
b10 E
1*
18
#48140000
0*
08
#48150000
b11 E
1*
18
#48160000
0*
08
#48170000
b100 E
1*
18
#48180000
0*
08
#48190000
b101 E
1*
18
#48200000
0*
08
#48210000
b110 E
1*
18
#48220000
0*
08
#48230000
b111 E
1*
18
#48240000
0*
08
#48250000
b1000 E
1*
18
#48260000
0*
08
#48270000
b1001 E
1*
18
#48280000
0*
08
#48290000
b1010 E
1*
18
#48300000
0*
08
#48310000
b1011 E
1*
18
#48320000
0*
08
#48330000
b1100 E
1*
18
#48340000
0*
08
#48350000
b1101 E
1*
18
#48360000
0*
08
#48370000
b1110 E
1*
18
#48380000
0*
08
#48390000
b1111 E
1*
18
#48400000
0*
08
#48410000
b10000 E
1*
18
#48420000
0*
08
#48430000
b10001 E
1*
18
#48440000
0*
08
#48450000
b10010 E
1*
18
#48460000
0*
08
#48470000
b10011 E
1*
18
#48480000
0*
08
#48490000
b10100 E
1*
18
#48500000
0*
08
#48510000
b10101 E
1*
18
#48520000
0*
08
#48530000
b10110 E
1*
18
#48540000
0*
08
#48550000
b10111 E
1*
18
#48560000
0*
08
#48570000
b11000 E
1*
18
#48580000
0*
08
#48590000
b11001 E
1*
18
#48600000
0*
08
#48610000
b11010 E
1*
18
#48620000
0*
08
#48630000
b11011 E
1*
18
#48640000
0*
08
#48650000
b11100 E
1*
18
#48660000
0*
08
#48670000
b11101 E
1*
18
#48680000
0*
08
#48690000
b11110 E
1*
18
#48700000
0*
08
#48710000
b11111 E
1*
18
#48720000
0*
08
#48730000
b100000 E
1*
18
#48740000
0*
08
#48750000
b100001 E
1*
18
#48760000
0*
08
#48770000
b100010 E
1*
18
#48780000
0*
08
#48790000
b100011 E
1*
18
#48800000
0*
08
#48810000
b100100 E
1*
18
#48820000
0*
08
#48830000
b100101 E
1*
18
#48840000
0*
08
#48850000
b100110 E
1*
18
#48860000
0*
08
#48870000
b100111 E
1*
18
#48880000
0*
08
#48890000
b101000 E
1*
18
#48900000
0*
08
#48910000
b101001 E
1*
18
#48920000
0*
08
#48930000
b101010 E
1*
18
#48940000
0*
08
#48950000
b101011 E
1*
18
#48960000
0*
08
#48970000
b101100 E
1*
18
#48980000
0*
08
#48990000
b101101 E
1*
18
#49000000
0*
08
#49010000
b101110 E
1*
18
#49020000
0*
08
#49030000
b101111 E
1*
18
#49040000
0*
08
#49050000
b110000 E
1*
18
#49060000
0*
08
#49070000
b110001 E
1*
18
#49080000
0*
08
#49090000
b110010 E
1*
18
#49100000
0*
08
#49110000
b110011 E
1*
18
#49120000
0*
08
#49130000
b110100 E
1*
18
#49140000
0*
08
#49150000
b110101 E
1*
18
#49160000
0*
08
#49170000
b110110 E
1*
18
#49180000
0*
08
#49190000
b110111 E
1*
18
#49200000
0*
08
#49210000
b111000 E
1*
18
#49220000
0*
08
#49230000
b111001 E
1*
18
#49240000
0*
08
#49250000
b111010 E
1*
18
#49260000
0*
08
#49270000
b111011 E
1*
18
#49280000
0*
08
#49290000
b111100 E
1*
18
#49300000
0*
08
#49310000
b111101 E
1*
18
#49320000
0*
08
#49330000
b111110 E
1*
18
#49340000
0*
08
#49350000
b111111 E
1*
18
#49360000
0*
08
#49370000
b1000000 E
1*
18
#49380000
0*
08
#49390000
b1000001 E
1*
18
#49400000
0*
08
#49410000
b1000010 E
1*
18
#49420000
0*
08
#49430000
b1000011 E
1*
18
#49440000
0*
08
#49450000
b1000100 E
1*
18
#49460000
0*
08
#49470000
b1000101 E
1*
18
#49480000
0*
08
#49490000
b1000110 E
1*
18
#49500000
0*
08
#49510000
b1000111 E
1*
18
#49520000
0*
08
#49530000
b1001000 E
1*
18
#49540000
0*
08
#49550000
b1001001 E
1*
18
#49560000
0*
08
#49570000
b1001010 E
1*
18
#49580000
0*
08
#49590000
b1001011 E
1*
18
#49600000
0*
08
#49610000
b1001100 E
1*
18
#49620000
0*
08
#49630000
b1001101 E
1*
18
#49640000
0*
08
#49650000
b1001110 E
1*
18
#49660000
0*
08
#49670000
b1001111 E
1*
18
#49680000
0*
08
#49690000
b1010000 E
1*
18
#49700000
0*
08
#49710000
b1010001 E
1*
18
#49720000
0*
08
#49730000
b1010010 E
1*
18
#49740000
0*
08
#49750000
b1010011 E
1*
18
#49760000
0*
08
#49770000
b1010100 E
1*
18
#49780000
0*
08
#49790000
b1010101 E
1*
18
#49800000
0*
08
#49810000
b1010110 E
1*
18
#49820000
0*
08
#49830000
b1010111 E
1*
18
#49840000
0*
08
#49850000
b1011000 E
1*
18
#49860000
0*
08
#49870000
b1011001 E
1*
18
#49880000
0*
08
#49890000
b1011010 E
1*
18
#49900000
0*
08
#49910000
b1011011 E
1*
18
#49920000
0*
08
#49930000
b1011100 E
1*
18
#49940000
0*
08
#49950000
b1011101 E
1*
18
#49960000
0*
08
#49970000
b1011110 E
1*
18
#49980000
0*
08
#49990000
b1011111 E
1*
18
#50000000
0*
08
#50010000
1B
b1100000 E
1*
18
#50020000
0*
08
#50030000
b1100001 E
1K
1*
18
#50040000
0*
08
#50050000
1G
1"
b1100010 E
1*
18
#50060000
0*
08
#50070000
b1100011 E
1*
18
#50080000
0*
08
#50090000
b1100100 E
1*
18
#50100000
0*
08
#50110000
b1100101 E
1*
18
#50120000
0*
08
#50130000
b1100110 E
1*
18
#50140000
0*
08
#50150000
b1100111 E
1*
18
#50160000
0*
08
#50170000
b1101000 E
1*
18
#50180000
0*
08
#50190000
b1101001 E
1*
18
#50200000
0*
08
#50210000
b1101010 E
1*
18
#50220000
0*
08
#50230000
b1101011 E
1*
18
#50240000
0*
08
#50250000
b1101100 E
1*
18
#50260000
0*
08
#50270000
b1101101 E
1*
18
#50280000
0*
08
#50290000
b1101110 E
1*
18
#50300000
0*
08
#50310000
b1101111 E
1*
18
#50320000
0*
08
#50330000
b1110000 E
1*
18
#50340000
0*
08
#50350000
b1110001 E
1*
18
#50360000
0*
08
#50370000
b1110010 E
1*
18
#50380000
0*
08
#50390000
b1110011 E
1*
18
#50400000
0*
08
#50410000
b1110100 E
1*
18
#50420000
0*
08
#50430000
b1110101 E
1*
18
#50440000
0*
08
#50450000
b1110110 E
1*
18
#50460000
0*
08
#50470000
b1110111 E
1*
18
#50480000
0*
08
#50490000
b1111000 E
1*
18
#50500000
0*
08
#50510000
b1111001 E
1*
18
#50520000
0*
08
#50530000
b1111010 E
1*
18
#50540000
0*
08
#50550000
b1111011 E
1*
18
#50560000
0*
08
#50570000
b1111100 E
1*
18
#50580000
0*
08
#50590000
b1111101 E
1*
18
#50600000
0*
08
#50610000
b1111110 E
1*
18
#50620000
0*
08
#50630000
b1111111 E
1*
18
#50640000
0*
08
#50650000
b10000000 E
1*
18
#50660000
0*
08
#50670000
b10000001 E
1*
18
#50680000
0*
08
#50690000
b10000010 E
1*
18
#50700000
0*
08
#50710000
b10000011 E
1*
18
#50720000
0*
08
#50730000
b10000100 E
1*
18
#50740000
0*
08
#50750000
b10000101 E
1*
18
#50760000
0*
08
#50770000
b10000110 E
1*
18
#50780000
0*
08
#50790000
b10000111 E
1*
18
#50800000
0*
08
#50810000
b10001000 E
1*
18
#50820000
0*
08
#50830000
b10001001 E
1*
18
#50840000
0*
08
#50850000
b10001010 E
1*
18
#50860000
0*
08
#50870000
b10001011 E
1*
18
#50880000
0*
08
#50890000
b10001100 E
1*
18
#50900000
0*
08
#50910000
b10001101 E
1*
18
#50920000
0*
08
#50930000
b10001110 E
1*
18
#50940000
0*
08
#50950000
b10001111 E
1*
18
#50960000
0*
08
#50970000
b10010000 E
1*
18
#50980000
0*
08
#50990000
b10010001 E
1*
18
#51000000
0*
08
#51010000
b10010010 E
1*
18
#51020000
0*
08
#51030000
b10010011 E
1*
18
#51040000
0*
08
#51050000
b10010100 E
1*
18
#51060000
0*
08
#51070000
b10010101 E
1*
18
#51080000
0*
08
#51090000
b10010110 E
1*
18
#51100000
0*
08
#51110000
b10010111 E
1*
18
#51120000
0*
08
#51130000
b10011000 E
1*
18
#51140000
0*
08
#51150000
b10011001 E
1*
18
#51160000
0*
08
#51170000
b10011010 E
1*
18
#51180000
0*
08
#51190000
b10011011 E
1*
18
#51200000
0*
08
#51210000
b10011100 E
1*
18
#51220000
0*
08
#51230000
b10011101 E
1*
18
#51240000
0*
08
#51250000
b10011110 E
1*
18
#51260000
0*
08
#51270000
b10011111 E
1*
18
#51280000
0*
08
#51290000
b10100000 E
1*
18
#51300000
0*
08
#51310000
b10100001 E
1*
18
#51320000
0*
08
#51330000
b10100010 E
1*
18
#51340000
0*
08
#51350000
b10100011 E
1*
18
#51360000
0*
08
#51370000
b10100100 E
1*
18
#51380000
0*
08
#51390000
b10100101 E
1*
18
#51400000
0*
08
#51410000
b10100110 E
1*
18
#51420000
0*
08
#51430000
b10100111 E
1*
18
#51440000
0*
08
#51450000
b10101000 E
1*
18
#51460000
0*
08
#51470000
b10101001 E
1*
18
#51480000
0*
08
#51490000
b10101010 E
1*
18
#51500000
0*
08
#51510000
b10101011 E
1*
18
#51520000
0*
08
#51530000
b10101100 E
1*
18
#51540000
0*
08
#51550000
b10101101 E
1*
18
#51560000
0*
08
#51570000
b10101110 E
1*
18
#51580000
0*
08
#51590000
b10101111 E
1*
18
#51600000
0*
08
#51610000
b10110000 E
1*
18
#51620000
0*
08
#51630000
b10110001 E
1*
18
#51640000
0*
08
#51650000
b10110010 E
1*
18
#51660000
0*
08
#51670000
b10110011 E
1*
18
#51680000
0*
08
#51690000
b10110100 E
1*
18
#51700000
0*
08
#51710000
b10110101 E
1*
18
#51720000
0*
08
#51730000
b10110110 E
1*
18
#51740000
0*
08
#51750000
b10110111 E
1*
18
#51760000
0*
08
#51770000
b10111000 E
1*
18
#51780000
0*
08
#51790000
b10111001 E
1*
18
#51800000
0*
08
#51810000
b10111010 E
1*
18
#51820000
0*
08
#51830000
b10111011 E
1*
18
#51840000
0*
08
#51850000
b10111100 E
1*
18
#51860000
0*
08
#51870000
b10111101 E
1*
18
#51880000
0*
08
#51890000
b10111110 E
1*
18
#51900000
0*
08
#51910000
b10111111 E
1*
18
#51920000
0*
08
#51930000
b11000000 E
1*
18
#51940000
0*
08
#51950000
b11000001 E
1*
18
#51960000
0*
08
#51970000
b11000010 E
1*
18
#51980000
0*
08
#51990000
b11000011 E
1*
18
#52000000
0*
08
#52010000
b11000100 E
1*
18
#52020000
0*
08
#52030000
b11000101 E
1*
18
#52040000
0*
08
#52050000
b11000110 E
1*
18
#52060000
0*
08
#52070000
b11000111 E
1*
18
#52080000
0*
08
#52090000
b11001000 E
1*
18
#52100000
0*
08
#52110000
b11001001 E
1*
18
#52120000
0*
08
#52130000
b11001010 E
1*
18
#52140000
0*
08
#52150000
b11001011 E
1*
18
#52160000
0*
08
#52170000
b11001100 E
1*
18
#52180000
0*
08
#52190000
b11001101 E
1*
18
#52200000
0*
08
#52210000
b11001110 E
1*
18
#52220000
0*
08
#52230000
b11001111 E
1*
18
#52240000
0*
08
#52250000
b11010000 E
1*
18
#52260000
0*
08
#52270000
b11010001 E
1*
18
#52280000
0*
08
#52290000
b11010010 E
1*
18
#52300000
0*
08
#52310000
b11010011 E
1*
18
#52320000
0*
08
#52330000
b11010100 E
1*
18
#52340000
0*
08
#52350000
b11010101 E
1*
18
#52360000
0*
08
#52370000
b11010110 E
1*
18
#52380000
0*
08
#52390000
b11010111 E
1*
18
#52400000
0*
08
#52410000
b11011000 E
1*
18
#52420000
0*
08
#52430000
b11011001 E
1*
18
#52440000
0*
08
#52450000
b11011010 E
1*
18
#52460000
0*
08
#52470000
b11011011 E
1*
18
#52480000
0*
08
#52490000
b11011100 E
1*
18
#52500000
0*
08
#52510000
b11011101 E
1*
18
#52520000
0*
08
#52530000
b11011110 E
1*
18
#52540000
0*
08
#52550000
b11011111 E
1*
18
#52560000
0*
08
#52570000
b11100000 E
1*
18
#52580000
0*
08
#52590000
b11100001 E
1*
18
#52600000
0*
08
#52610000
b11100010 E
1*
18
#52620000
0*
08
#52630000
b11100011 E
1*
18
#52640000
0*
08
#52650000
b11100100 E
1*
18
#52660000
0*
08
#52670000
b11100101 E
1*
18
#52680000
0*
08
#52690000
b11100110 E
1*
18
#52700000
0*
08
#52710000
b11100111 E
1*
18
#52720000
0*
08
#52730000
b11101000 E
1*
18
#52740000
0*
08
#52750000
b11101001 E
1*
18
#52760000
0*
08
#52770000
b11101010 E
1*
18
#52780000
0*
08
#52790000
b11101011 E
1*
18
#52800000
0*
08
#52810000
b11101100 E
1*
18
#52820000
0*
08
#52830000
b11101101 E
1*
18
#52840000
0*
08
#52850000
b11101110 E
1*
18
#52860000
0*
08
#52870000
b11101111 E
1*
18
#52880000
0*
08
#52890000
b11110000 E
1*
18
#52900000
0*
08
#52910000
b11110001 E
1*
18
#52920000
0*
08
#52930000
b11110010 E
1*
18
#52940000
0*
08
#52950000
b11110011 E
1*
18
#52960000
0*
08
#52970000
b11110100 E
1*
18
#52980000
0*
08
#52990000
b11110101 E
1*
18
#53000000
0*
08
#53010000
b11110110 E
1*
18
#53020000
0*
08
#53030000
b11110111 E
1*
18
#53040000
0*
08
#53050000
b11111000 E
1*
18
#53060000
0*
08
#53070000
b11111001 E
1*
18
#53080000
0*
08
#53090000
b11111010 E
1*
18
#53100000
0*
08
#53110000
b11111011 E
1*
18
#53120000
0*
08
#53130000
b11111100 E
1*
18
#53140000
0*
08
#53150000
b11111101 E
1*
18
#53160000
0*
08
#53170000
b11111110 E
1*
18
#53180000
0*
08
#53190000
b11111111 E
1*
18
#53200000
0*
08
#53210000
b100000000 E
1*
18
#53220000
0*
08
#53230000
b100000001 E
1*
18
#53240000
0*
08
#53250000
b100000010 E
1*
18
#53260000
0*
08
#53270000
b100000011 E
1*
18
#53280000
0*
08
#53290000
b100000100 E
1*
18
#53300000
0*
08
#53310000
b100000101 E
1*
18
#53320000
0*
08
#53330000
b100000110 E
1*
18
#53340000
0*
08
#53350000
b100000111 E
1*
18
#53360000
0*
08
#53370000
b100001000 E
1*
18
#53380000
0*
08
#53390000
b100001001 E
1*
18
#53400000
0*
08
#53410000
b100001010 E
1*
18
#53420000
0*
08
#53430000
b100001011 E
1*
18
#53440000
0*
08
#53450000
b100001100 E
1*
18
#53460000
0*
08
#53470000
b100001101 E
1*
18
#53480000
0*
08
#53490000
b100001110 E
1*
18
#53500000
0*
08
#53510000
b100001111 E
1*
18
#53520000
0*
08
#53530000
b100010000 E
1*
18
#53540000
0*
08
#53550000
b100010001 E
1*
18
#53560000
0*
08
#53570000
b100010010 E
1*
18
#53580000
0*
08
#53590000
b100010011 E
1*
18
#53600000
0*
08
#53610000
b100010100 E
1*
18
#53620000
0*
08
#53630000
b100010101 E
1*
18
#53640000
0*
08
#53650000
b100010110 E
1*
18
#53660000
0*
08
#53670000
b100010111 E
1*
18
#53680000
0*
08
#53690000
b100011000 E
1*
18
#53700000
0*
08
#53710000
b100011001 E
1*
18
#53720000
0*
08
#53730000
b100011010 E
1*
18
#53740000
0*
08
#53750000
b100011011 E
1*
18
#53760000
0*
08
#53770000
b100011100 E
1*
18
#53780000
0*
08
#53790000
b100011101 E
1*
18
#53800000
0*
08
#53810000
b100011110 E
1*
18
#53820000
0*
08
#53830000
b100011111 E
1*
18
#53840000
0*
08
#53850000
b100100000 E
1*
18
#53860000
0*
08
#53870000
b100100001 E
1*
18
#53880000
0*
08
#53890000
b100100010 E
1*
18
#53900000
0*
08
#53910000
b100100011 E
1*
18
#53920000
0*
08
#53930000
b100100100 E
1*
18
#53940000
0*
08
#53950000
b100100101 E
1*
18
#53960000
0*
08
#53970000
b100100110 E
1*
18
#53980000
0*
08
#53990000
b100100111 E
1*
18
#54000000
0*
08
#54010000
b100101000 E
1*
18
#54020000
0*
08
#54030000
b100101001 E
1*
18
#54040000
0*
08
#54050000
b100101010 E
1*
18
#54060000
0*
08
#54070000
b100101011 E
1*
18
#54080000
0*
08
#54090000
b100101100 E
1*
18
#54100000
0*
08
#54110000
b100101101 E
1*
18
#54120000
0*
08
#54130000
b100101110 E
1*
18
#54140000
0*
08
#54150000
b100101111 E
1*
18
#54160000
0*
08
#54170000
b100110000 E
1*
18
#54180000
0*
08
#54190000
b100110001 E
1*
18
#54200000
0*
08
#54210000
b100110010 E
1*
18
#54220000
0*
08
#54230000
b100110011 E
1*
18
#54240000
0*
08
#54250000
b100110100 E
1*
18
#54260000
0*
08
#54270000
b100110101 E
1*
18
#54280000
0*
08
#54290000
b100110110 E
1*
18
#54300000
0*
08
#54310000
b100110111 E
1*
18
#54320000
0*
08
#54330000
b100111000 E
1*
18
#54340000
0*
08
#54350000
b100111001 E
1*
18
#54360000
0*
08
#54370000
b100111010 E
1*
18
#54380000
0*
08
#54390000
b100111011 E
1*
18
#54400000
0*
08
#54410000
b100111100 E
1*
18
#54420000
0*
08
#54430000
b100111101 E
1*
18
#54440000
0*
08
#54450000
b100111110 E
1*
18
#54460000
0*
08
#54470000
b100111111 E
1*
18
#54480000
0*
08
#54490000
b101000000 E
1*
18
#54500000
0*
08
#54510000
b101000001 E
1*
18
#54520000
0*
08
#54530000
b101000010 E
1*
18
#54540000
0*
08
#54550000
b101000011 E
1*
18
#54560000
0*
08
#54570000
b101000100 E
1*
18
#54580000
0*
08
#54590000
b101000101 E
1*
18
#54600000
0*
08
#54610000
b101000110 E
1*
18
#54620000
0*
08
#54630000
b101000111 E
1*
18
#54640000
0*
08
#54650000
b101001000 E
1*
18
#54660000
0*
08
#54670000
b101001001 E
1*
18
#54680000
0*
08
#54690000
b101001010 E
1*
18
#54700000
0*
08
#54710000
b101001011 E
1*
18
#54720000
0*
08
#54730000
b101001100 E
1*
18
#54740000
0*
08
#54750000
b101001101 E
1*
18
#54760000
0*
08
#54770000
b101001110 E
1*
18
#54780000
0*
08
#54790000
b101001111 E
1*
18
#54800000
0*
08
#54810000
b101010000 E
1*
18
#54820000
0*
08
#54830000
b101010001 E
1*
18
#54840000
0*
08
#54850000
b101010010 E
1*
18
#54860000
0*
08
#54870000
b101010011 E
1*
18
#54880000
0*
08
#54890000
b101010100 E
1*
18
#54900000
0*
08
#54910000
b101010101 E
1*
18
#54920000
0*
08
#54930000
b101010110 E
1*
18
#54940000
0*
08
#54950000
b101010111 E
1*
18
#54960000
0*
08
#54970000
b101011000 E
1*
18
#54980000
0*
08
#54990000
b101011001 E
1*
18
#55000000
0*
08
#55010000
b101011010 E
1*
18
#55020000
0*
08
#55030000
b101011011 E
1*
18
#55040000
0*
08
#55050000
b101011100 E
1*
18
#55060000
0*
08
#55070000
b101011101 E
1*
18
#55080000
0*
08
#55090000
b101011110 E
1*
18
#55100000
0*
08
#55110000
b101011111 E
1*
18
#55120000
0*
08
#55130000
b101100000 E
1*
18
#55140000
0*
08
#55150000
b101100001 E
1*
18
#55160000
0*
08
#55170000
b101100010 E
1*
18
#55180000
0*
08
#55190000
b101100011 E
1*
18
#55200000
0*
08
#55210000
b101100100 E
1*
18
#55220000
0*
08
#55230000
b101100101 E
1*
18
#55240000
0*
08
#55250000
b101100110 E
1*
18
#55260000
0*
08
#55270000
b101100111 E
1*
18
#55280000
0*
08
#55290000
b101101000 E
1*
18
#55300000
0*
08
#55310000
b101101001 E
1*
18
#55320000
0*
08
#55330000
b101101010 E
1*
18
#55340000
0*
08
#55350000
b101101011 E
1*
18
#55360000
0*
08
#55370000
b101101100 E
1*
18
#55380000
0*
08
#55390000
b101101101 E
1*
18
#55400000
0*
08
#55410000
b101101110 E
1*
18
#55420000
0*
08
#55430000
b101101111 E
1*
18
#55440000
0*
08
#55450000
b101110000 E
1*
18
#55460000
0*
08
#55470000
b101110001 E
1*
18
#55480000
0*
08
#55490000
b101110010 E
1*
18
#55500000
0*
08
#55510000
b101110011 E
1*
18
#55520000
0*
08
#55530000
b101110100 E
1*
18
#55540000
0*
08
#55550000
b101110101 E
1*
18
#55560000
0*
08
#55570000
b101110110 E
1*
18
#55580000
0*
08
#55590000
b101110111 E
1*
18
#55600000
0*
08
#55610000
b101111000 E
1*
18
#55620000
0*
08
#55630000
b101111001 E
1*
18
#55640000
0*
08
#55650000
b101111010 E
1*
18
#55660000
0*
08
#55670000
b101111011 E
1*
18
#55680000
0*
08
#55690000
b101111100 E
1*
18
#55700000
0*
08
#55710000
b101111101 E
1*
18
#55720000
0*
08
#55730000
b101111110 E
1*
18
#55740000
0*
08
#55750000
b101111111 E
1*
18
#55760000
0*
08
#55770000
b110000000 E
1*
18
#55780000
0*
08
#55790000
b110000001 E
1*
18
#55800000
0*
08
#55810000
b110000010 E
1*
18
#55820000
0*
08
#55830000
b110000011 E
1*
18
#55840000
0*
08
#55850000
b110000100 E
1*
18
#55860000
0*
08
#55870000
b110000101 E
1*
18
#55880000
0*
08
#55890000
b110000110 E
1*
18
#55900000
0*
08
#55910000
b110000111 E
1*
18
#55920000
0*
08
#55930000
b110001000 E
1*
18
#55940000
0*
08
#55950000
b110001001 E
1*
18
#55960000
0*
08
#55970000
b110001010 E
1*
18
#55980000
0*
08
#55990000
b110001011 E
1*
18
#56000000
0*
08
#56010000
b110001100 E
1*
18
#56020000
0*
08
#56030000
b110001101 E
1*
18
#56040000
0*
08
#56050000
b110001110 E
1*
18
#56060000
0*
08
#56070000
b110001111 E
1*
18
#56080000
0*
08
#56090000
b110010000 E
1*
18
#56100000
0*
08
#56110000
b110010001 E
1*
18
#56120000
0*
08
#56130000
b110010010 E
1*
18
#56140000
0*
08
#56150000
b110010011 E
1*
18
#56160000
0*
08
#56170000
b110010100 E
1*
18
#56180000
0*
08
#56190000
b110010101 E
1*
18
#56200000
0*
08
#56210000
b110010110 E
1*
18
#56220000
0*
08
#56230000
b110010111 E
1*
18
#56240000
0*
08
#56250000
b110011000 E
1*
18
#56260000
0*
08
#56270000
b110011001 E
1*
18
#56280000
0*
08
#56290000
b110011010 E
1*
18
#56300000
0*
08
#56310000
b110011011 E
1*
18
#56320000
0*
08
#56330000
b110011100 E
1*
18
#56340000
0*
08
#56350000
b110011101 E
1*
18
#56360000
0*
08
#56370000
b110011110 E
1*
18
#56380000
0*
08
#56390000
b110011111 E
1*
18
#56400000
0*
08
#56410000
b110100000 E
1*
18
#56420000
0*
08
#56430000
b110100001 E
1*
18
#56440000
0*
08
#56450000
b110100010 E
1*
18
#56460000
0*
08
#56470000
b110100011 E
1*
18
#56480000
0*
08
#56490000
b110100100 E
1*
18
#56500000
0*
08
#56510000
b110100101 E
1*
18
#56520000
0*
08
#56530000
b110100110 E
1*
18
#56540000
0*
08
#56550000
b110100111 E
1*
18
#56560000
0*
08
#56570000
b110101000 E
1*
18
#56580000
0*
08
#56590000
b110101001 E
1*
18
#56600000
0*
08
#56610000
b110101010 E
1*
18
#56620000
0*
08
#56630000
b110101011 E
1*
18
#56640000
0*
08
#56650000
b110101100 E
1*
18
#56660000
0*
08
#56670000
b110101101 E
1*
18
#56680000
0*
08
#56690000
b110101110 E
1*
18
#56700000
0*
08
#56710000
b110101111 E
1*
18
#56720000
0*
08
#56730000
b110110000 E
1*
18
#56740000
0*
08
#56750000
b110110001 E
1*
18
#56760000
0*
08
#56770000
b110110010 E
1*
18
#56780000
0*
08
#56790000
b110110011 E
1*
18
#56800000
0*
08
#56810000
b110110100 E
1*
18
#56820000
0*
08
#56830000
b110110101 E
1*
18
#56840000
0*
08
#56850000
b110110110 E
1*
18
#56860000
0*
08
#56870000
b110110111 E
1*
18
#56880000
0*
08
#56890000
b110111000 E
1*
18
#56900000
0*
08
#56910000
b110111001 E
1*
18
#56920000
0*
08
#56930000
b110111010 E
1*
18
#56940000
0*
08
#56950000
b110111011 E
1*
18
#56960000
0*
08
#56970000
b110111100 E
1*
18
#56980000
0*
08
#56990000
b110111101 E
1*
18
#57000000
0*
08
#57010000
b110111110 E
1*
18
#57020000
0*
08
#57030000
b110111111 E
1*
18
#57040000
0*
08
#57050000
b111000000 E
1*
18
#57060000
0*
08
#57070000
b111000001 E
1*
18
#57080000
0*
08
#57090000
b111000010 E
1*
18
#57100000
0*
08
#57110000
b111000011 E
1*
18
#57120000
0*
08
#57130000
b111000100 E
1*
18
#57140000
0*
08
#57150000
b111000101 E
1*
18
#57160000
0*
08
#57170000
b111000110 E
1*
18
#57180000
0*
08
#57190000
b111000111 E
1*
18
#57200000
0*
08
#57210000
b111001000 E
1*
18
#57220000
0*
08
#57230000
b111001001 E
1*
18
#57240000
0*
08
#57250000
b111001010 E
1*
18
#57260000
0*
08
#57270000
b111001011 E
1*
18
#57280000
0*
08
#57290000
b111001100 E
1*
18
#57300000
0*
08
#57310000
b111001101 E
1*
18
#57320000
0*
08
#57330000
b111001110 E
1*
18
#57340000
0*
08
#57350000
b111001111 E
1*
18
#57360000
0*
08
#57370000
b111010000 E
1*
18
#57380000
0*
08
#57390000
b111010001 E
1*
18
#57400000
0*
08
#57410000
b111010010 E
1*
18
#57420000
0*
08
#57430000
b111010011 E
1*
18
#57440000
0*
08
#57450000
b111010100 E
1*
18
#57460000
0*
08
#57470000
b111010101 E
1*
18
#57480000
0*
08
#57490000
b111010110 E
1*
18
#57500000
0*
08
#57510000
b111010111 E
1*
18
#57520000
0*
08
#57530000
b111011000 E
1*
18
#57540000
0*
08
#57550000
b111011001 E
1*
18
#57560000
0*
08
#57570000
b111011010 E
1*
18
#57580000
0*
08
#57590000
b111011011 E
1*
18
#57600000
0*
08
#57610000
b111011100 E
1*
18
#57620000
0*
08
#57630000
b111011101 E
1*
18
#57640000
0*
08
#57650000
b111011110 E
1*
18
#57660000
0*
08
#57670000
b111011111 E
1*
18
#57680000
0*
08
#57690000
b111100000 E
1*
18
#57700000
0*
08
#57710000
b111100001 E
1*
18
#57720000
0*
08
#57730000
b111100010 E
1*
18
#57740000
0*
08
#57750000
b111100011 E
1*
18
#57760000
0*
08
#57770000
b111100100 E
1*
18
#57780000
0*
08
#57790000
b111100101 E
1*
18
#57800000
0*
08
#57810000
b111100110 E
1*
18
#57820000
0*
08
#57830000
b111100111 E
1*
18
#57840000
0*
08
#57850000
b111101000 E
1*
18
#57860000
0*
08
#57870000
b111101001 E
1*
18
#57880000
0*
08
#57890000
b111101010 E
1*
18
#57900000
0*
08
#57910000
b111101011 E
1*
18
#57920000
0*
08
#57930000
b111101100 E
1*
18
#57940000
0*
08
#57950000
b111101101 E
1*
18
#57960000
0*
08
#57970000
b111101110 E
1*
18
#57980000
0*
08
#57990000
b111101111 E
1*
18
#58000000
0*
08
#58010000
b111110000 E
1*
18
#58020000
0*
08
#58030000
b111110001 E
1*
18
#58040000
0*
08
#58050000
b111110010 E
1*
18
#58060000
0*
08
#58070000
b111110011 E
1*
18
#58080000
0*
08
#58090000
b111110100 E
1*
18
#58100000
0*
08
#58110000
b111110101 E
1*
18
#58120000
0*
08
#58130000
b111110110 E
1*
18
#58140000
0*
08
#58150000
b111110111 E
1*
18
#58160000
0*
08
#58170000
b111111000 E
1*
18
#58180000
0*
08
#58190000
b111111001 E
1*
18
#58200000
0*
08
#58210000
b111111010 E
1*
18
#58220000
0*
08
#58230000
b111111011 E
1*
18
#58240000
0*
08
#58250000
b111111100 E
1*
18
#58260000
0*
08
#58270000
b111111101 E
1*
18
#58280000
0*
08
#58290000
b111111110 E
1*
18
#58300000
0*
08
#58310000
b111111111 E
1*
18
#58320000
0*
08
#58330000
b1000000000 E
1*
18
#58340000
0*
08
#58350000
b1000000001 E
1*
18
#58360000
0*
08
#58370000
b1000000010 E
1*
18
#58380000
0*
08
#58390000
b1000000011 E
1*
18
#58400000
0*
08
#58410000
b1000000100 E
1*
18
#58420000
0*
08
#58430000
b1000000101 E
1*
18
#58440000
0*
08
#58450000
b1000000110 E
1*
18
#58460000
0*
08
#58470000
b1000000111 E
1*
18
#58480000
0*
08
#58490000
b1000001000 E
1*
18
#58500000
0*
08
#58510000
b1000001001 E
1*
18
#58520000
0*
08
#58530000
b1000001010 E
1*
18
#58540000
0*
08
#58550000
b1000001011 E
1*
18
#58560000
0*
08
#58570000
b1000001100 E
1*
18
#58580000
0*
08
#58590000
b1000001101 E
1*
18
#58600000
0*
08
#58610000
b1000001110 E
1*
18
#58620000
0*
08
#58630000
b1000001111 E
1*
18
#58640000
0*
08
#58650000
b1000010000 E
1*
18
#58660000
0*
08
#58670000
b1000010001 E
1*
18
#58680000
0*
08
#58690000
b1000010010 E
1*
18
#58700000
0*
08
#58710000
b1000010011 E
1*
18
#58720000
0*
08
#58730000
b1000010100 E
1*
18
#58740000
0*
08
#58750000
b1000010101 E
1*
18
#58760000
0*
08
#58770000
b1000010110 E
1*
18
#58780000
0*
08
#58790000
b1000010111 E
1*
18
#58800000
0*
08
#58810000
b1000011000 E
1*
18
#58820000
0*
08
#58830000
b1000011001 E
1*
18
#58840000
0*
08
#58850000
b1000011010 E
1*
18
#58860000
0*
08
#58870000
b1000011011 E
1*
18
#58880000
0*
08
#58890000
b1000011100 E
1*
18
#58900000
0*
08
#58910000
b1000011101 E
1*
18
#58920000
0*
08
#58930000
b1000011110 E
1*
18
#58940000
0*
08
#58950000
b1000011111 E
1*
18
#58960000
0*
08
#58970000
b1000100000 E
1*
18
#58980000
0*
08
#58990000
b1000100001 E
1*
18
#59000000
0*
08
#59010000
b1000100010 E
1*
18
#59020000
0*
08
#59030000
b1000100011 E
1*
18
#59040000
0*
08
#59050000
b1000100100 E
1*
18
#59060000
0*
08
#59070000
b1000100101 E
1*
18
#59080000
0*
08
#59090000
b1000100110 E
1*
18
#59100000
0*
08
#59110000
b1000100111 E
1*
18
#59120000
0*
08
#59130000
b1000101000 E
1*
18
#59140000
0*
08
#59150000
b1000101001 E
1*
18
#59160000
0*
08
#59170000
b1000101010 E
1*
18
#59180000
0*
08
#59190000
b1000101011 E
1*
18
#59200000
0*
08
#59210000
b1000101100 E
1*
18
#59220000
0*
08
#59230000
b1000101101 E
1*
18
#59240000
0*
08
#59250000
b1000101110 E
1*
18
#59260000
0*
08
#59270000
b1000101111 E
1*
18
#59280000
0*
08
#59290000
b1000110000 E
1*
18
#59300000
0*
08
#59310000
b1000110001 E
1*
18
#59320000
0*
08
#59330000
b1000110010 E
1*
18
#59340000
0*
08
#59350000
b1000110011 E
1*
18
#59360000
0*
08
#59370000
b1000110100 E
1*
18
#59380000
0*
08
#59390000
b1000110101 E
1*
18
#59400000
0*
08
#59410000
b1000110110 E
1*
18
#59420000
0*
08
#59430000
b1000110111 E
1*
18
#59440000
0*
08
#59450000
b1000111000 E
1*
18
#59460000
0*
08
#59470000
b1000111001 E
1*
18
#59480000
0*
08
#59490000
b1000111010 E
1*
18
#59500000
0*
08
#59510000
b1000111011 E
1*
18
#59520000
0*
08
#59530000
b1000111100 E
1*
18
#59540000
0*
08
#59550000
b1000111101 E
1*
18
#59560000
0*
08
#59570000
b1000111110 E
1*
18
#59580000
0*
08
#59590000
b1000111111 E
1*
18
#59600000
0*
08
#59610000
b1001000000 E
1*
18
#59620000
0*
08
#59630000
b1001000001 E
1*
18
#59640000
0*
08
#59650000
b1001000010 E
1*
18
#59660000
0*
08
#59670000
b1001000011 E
1*
18
#59680000
0*
08
#59690000
b1001000100 E
1*
18
#59700000
0*
08
#59710000
b1001000101 E
1*
18
#59720000
0*
08
#59730000
b1001000110 E
1*
18
#59740000
0*
08
#59750000
b1001000111 E
1*
18
#59760000
0*
08
#59770000
b1001001000 E
1*
18
#59780000
0*
08
#59790000
b1001001001 E
1*
18
#59800000
0*
08
#59810000
b1001001010 E
1*
18
#59820000
0*
08
#59830000
b1001001011 E
1*
18
#59840000
0*
08
#59850000
b1001001100 E
1*
18
#59860000
0*
08
#59870000
b1001001101 E
1*
18
#59880000
0*
08
#59890000
b1001001110 E
1*
18
#59900000
0*
08
#59910000
b1001001111 E
1*
18
#59920000
0*
08
#59930000
b1001010000 E
1*
18
#59940000
0*
08
#59950000
b1001010001 E
1*
18
#59960000
0*
08
#59970000
b1001010010 E
1*
18
#59980000
0*
08
#59990000
b1001010011 E
1*
18
#60000000
0*
08
#60010000
b1001010100 E
1*
18
#60020000
0*
08
#60030000
b1001010101 E
1*
18
#60040000
0*
08
#60050000
b1001010110 E
1*
18
#60060000
0*
08
#60070000
b1001010111 E
1*
18
#60080000
0*
08
#60090000
b1001011000 E
1*
18
#60100000
0*
08
#60110000
b1001011001 E
1*
18
#60120000
0*
08
#60130000
b1001011010 E
1*
18
#60140000
0*
08
#60150000
b1001011011 E
1*
18
#60160000
0*
08
#60170000
b1001011100 E
1*
18
#60180000
0*
08
#60190000
b1001011101 E
1*
18
#60200000
0*
08
#60210000
b1001011110 E
1*
18
#60220000
0*
08
#60230000
b1001011111 E
1*
18
#60240000
0*
08
#60250000
b1001100000 E
1*
18
#60260000
0*
08
#60270000
b1001100001 E
1*
18
#60280000
0*
08
#60290000
b1001100010 E
1*
18
#60300000
0*
08
#60310000
b1001100011 E
1*
18
#60320000
0*
08
#60330000
b1001100100 E
1*
18
#60340000
0*
08
#60350000
b1001100101 E
1*
18
#60360000
0*
08
#60370000
b1001100110 E
1*
18
#60380000
0*
08
#60390000
b1001100111 E
1*
18
#60400000
0*
08
#60410000
b1001101000 E
1*
18
#60420000
0*
08
#60430000
b1001101001 E
1*
18
#60440000
0*
08
#60450000
b1001101010 E
1*
18
#60460000
0*
08
#60470000
b1001101011 E
1*
18
#60480000
0*
08
#60490000
b1001101100 E
1*
18
#60500000
0*
08
#60510000
b1001101101 E
1*
18
#60520000
0*
08
#60530000
b1001101110 E
1*
18
#60540000
0*
08
#60550000
b1001101111 E
1*
18
#60560000
0*
08
#60570000
b1001110000 E
1*
18
#60580000
0*
08
#60590000
b1001110001 E
1*
18
#60600000
0*
08
#60610000
b1001110010 E
1*
18
#60620000
0*
08
#60630000
b1001110011 E
1*
18
#60640000
0*
08
#60650000
b1001110100 E
1*
18
#60660000
0*
08
#60670000
b1001110101 E
1*
18
#60680000
0*
08
#60690000
b1001110110 E
1*
18
#60700000
0*
08
#60710000
b1001110111 E
1*
18
#60720000
0*
08
#60730000
b1001111000 E
1*
18
#60740000
0*
08
#60750000
b1001111001 E
1*
18
#60760000
0*
08
#60770000
b1001111010 E
1*
18
#60780000
0*
08
#60790000
b1001111011 E
1*
18
#60800000
0*
08
#60810000
b1001111100 E
1*
18
#60820000
0*
08
#60830000
b1001111101 E
1*
18
#60840000
0*
08
#60850000
b1001111110 E
1*
18
#60860000
0*
08
#60870000
b1001111111 E
1*
18
#60880000
0*
08
#60890000
b1010000000 E
1*
18
#60900000
0*
08
#60910000
b1010000001 E
1*
18
#60920000
0*
08
#60930000
b1010000010 E
1*
18
#60940000
0*
08
#60950000
b1010000011 E
1*
18
#60960000
0*
08
#60970000
b1010000100 E
1*
18
#60980000
0*
08
#60990000
b1010000101 E
1*
18
#61000000
0*
08
#61010000
b1010000110 E
1*
18
#61020000
0*
08
#61030000
b1010000111 E
1*
18
#61040000
0*
08
#61050000
b1010001000 E
1*
18
#61060000
0*
08
#61070000
b1010001001 E
1*
18
#61080000
0*
08
#61090000
b1010001010 E
1*
18
#61100000
0*
08
#61110000
b1010001011 E
1*
18
#61120000
0*
08
#61130000
b1010001100 E
1*
18
#61140000
0*
08
#61150000
b1010001101 E
1*
18
#61160000
0*
08
#61170000
b1010001110 E
1*
18
#61180000
0*
08
#61190000
b1010001111 E
1*
18
#61200000
0*
08
#61210000
b1010010000 E
1*
18
#61220000
0*
08
#61230000
b1010010001 E
1*
18
#61240000
0*
08
#61250000
b1010010010 E
1*
18
#61260000
0*
08
#61270000
b1010010011 E
1*
18
#61280000
0*
08
#61290000
b1010010100 E
1*
18
#61300000
0*
08
#61310000
b1010010101 E
1*
18
#61320000
0*
08
#61330000
b1010010110 E
1*
18
#61340000
0*
08
#61350000
b1010010111 E
1*
18
#61360000
0*
08
#61370000
b1010011000 E
1*
18
#61380000
0*
08
#61390000
b1010011001 E
1*
18
#61400000
0*
08
#61410000
b1010011010 E
1*
18
#61420000
0*
08
#61430000
b1010011011 E
1*
18
#61440000
0*
08
#61450000
b1010011100 E
1*
18
#61460000
0*
08
#61470000
b1010011101 E
1*
18
#61480000
0*
08
#61490000
b1010011110 E
1*
18
#61500000
0*
08
#61510000
b1010011111 E
1*
18
#61520000
0*
08
#61530000
b1010100000 E
1*
18
#61540000
0*
08
#61550000
b1010100001 E
1*
18
#61560000
0*
08
#61570000
b1010100010 E
1*
18
#61580000
0*
08
#61590000
b1010100011 E
1*
18
#61600000
0*
08
#61610000
b1010100100 E
1*
18
#61620000
0*
08
#61630000
b1010100101 E
1*
18
#61640000
0*
08
#61650000
b1010100110 E
1*
18
#61660000
0*
08
#61670000
b1010100111 E
1*
18
#61680000
0*
08
#61690000
b1010101000 E
1*
18
#61700000
0*
08
#61710000
b1010101001 E
1*
18
#61720000
0*
08
#61730000
b1010101010 E
1*
18
#61740000
0*
08
#61750000
b1010101011 E
1*
18
#61760000
0*
08
#61770000
b1010101100 E
1*
18
#61780000
0*
08
#61790000
b1010101101 E
1*
18
#61800000
0*
08
#61810000
b1010101110 E
1*
18
#61820000
0*
08
#61830000
b1010101111 E
1*
18
#61840000
0*
08
#61850000
b1010110000 E
1*
18
#61860000
0*
08
#61870000
b1010110001 E
1*
18
#61880000
0*
08
#61890000
b1010110010 E
1*
18
#61900000
0*
08
#61910000
b1010110011 E
1*
18
#61920000
0*
08
#61930000
b1010110100 E
1*
18
#61940000
0*
08
#61950000
b1010110101 E
1*
18
#61960000
0*
08
#61970000
b1010110110 E
1*
18
#61980000
0*
08
#61990000
b1010110111 E
1*
18
#62000000
0*
08
#62010000
b1010111000 E
1*
18
#62020000
0*
08
#62030000
b1010111001 E
1*
18
#62040000
0*
08
#62050000
b1010111010 E
1*
18
#62060000
0*
08
#62070000
b1010111011 E
1*
18
#62080000
0*
08
#62090000
b1010111100 E
1*
18
#62100000
0*
08
#62110000
b1010111101 E
1*
18
#62120000
0*
08
#62130000
b1010111110 E
1*
18
#62140000
0*
08
#62150000
b1010111111 E
1*
18
#62160000
0*
08
#62170000
b1011000000 E
1*
18
#62180000
0*
08
#62190000
b1011000001 E
1*
18
#62200000
0*
08
#62210000
b1011000010 E
1*
18
#62220000
0*
08
#62230000
b1011000011 E
1*
18
#62240000
0*
08
#62250000
b1011000100 E
1*
18
#62260000
0*
08
#62270000
b1011000101 E
1*
18
#62280000
0*
08
#62290000
b1011000110 E
1*
18
#62300000
0*
08
#62310000
b1011000111 E
1*
18
#62320000
0*
08
#62330000
b1011001000 E
1*
18
#62340000
0*
08
#62350000
b1011001001 E
1*
18
#62360000
0*
08
#62370000
b1011001010 E
1*
18
#62380000
0*
08
#62390000
b1011001011 E
1*
18
#62400000
0*
08
#62410000
b1011001100 E
1*
18
#62420000
0*
08
#62430000
b1011001101 E
1*
18
#62440000
0*
08
#62450000
b1011001110 E
1*
18
#62460000
0*
08
#62470000
b1011001111 E
1*
18
#62480000
0*
08
#62490000
b1011010000 E
1*
18
#62500000
0*
08
#62510000
b1011010001 E
1*
18
#62520000
0*
08
#62530000
b1011010010 E
1*
18
#62540000
0*
08
#62550000
b1011010011 E
1*
18
#62560000
0*
08
#62570000
b1011010100 E
1*
18
#62580000
0*
08
#62590000
b1011010101 E
1*
18
#62600000
0*
08
#62610000
b1011010110 E
1*
18
#62620000
0*
08
#62630000
b1011010111 E
1*
18
#62640000
0*
08
#62650000
b1011011000 E
1*
18
#62660000
0*
08
#62670000
b1011011001 E
1*
18
#62680000
0*
08
#62690000
b1011011010 E
1*
18
#62700000
0*
08
#62710000
b1011011011 E
1*
18
#62720000
0*
08
#62730000
b1011011100 E
1*
18
#62740000
0*
08
#62750000
b1011011101 E
1*
18
#62760000
0*
08
#62770000
b1011011110 E
1*
18
#62780000
0*
08
#62790000
b1011011111 E
1*
18
#62800000
0*
08
#62810000
b1011100000 E
1*
18
#62820000
0*
08
#62830000
b1011100001 E
1*
18
#62840000
0*
08
#62850000
b1011100010 E
1*
18
#62860000
0*
08
#62870000
b1011100011 E
1*
18
#62880000
0*
08
#62890000
b1011100100 E
1*
18
#62900000
0*
08
#62910000
b1011100101 E
1*
18
#62920000
0*
08
#62930000
b1011100110 E
1*
18
#62940000
0*
08
#62950000
b1011100111 E
1*
18
#62960000
0*
08
#62970000
b1011101000 E
1*
18
#62980000
0*
08
#62990000
b1011101001 E
1*
18
#63000000
0*
08
#63010000
b1011101010 E
1*
18
#63020000
0*
08
#63030000
b1011101011 E
1*
18
#63040000
0*
08
#63050000
b1011101100 E
1*
18
#63060000
0*
08
#63070000
b1011101101 E
1*
18
#63080000
0*
08
#63090000
b1011101110 E
1*
18
#63100000
0*
08
#63110000
b1011101111 E
1*
18
#63120000
0*
08
#63130000
b1011110000 E
1*
18
#63140000
0*
08
#63150000
b1011110001 E
1*
18
#63160000
0*
08
#63170000
b1011110010 E
1*
18
#63180000
0*
08
#63190000
b1011110011 E
1*
18
#63200000
0*
08
#63210000
b1011110100 E
1*
18
#63220000
0*
08
#63230000
b1011110101 E
1*
18
#63240000
0*
08
#63250000
b1011110110 E
1*
18
#63260000
0*
08
#63270000
b1011110111 E
1*
18
#63280000
0*
08
#63290000
b1011111000 E
1*
18
#63300000
0*
08
#63310000
b1011111001 E
1*
18
#63320000
0*
08
#63330000
b1011111010 E
1*
18
#63340000
0*
08
#63350000
b1011111011 E
1*
18
#63360000
0*
08
#63370000
b1011111100 E
1*
18
#63380000
0*
08
#63390000
b1011111101 E
1*
18
#63400000
0*
08
#63410000
b1011111110 E
1*
18
#63420000
0*
08
#63430000
b1011111111 E
1*
18
#63440000
0*
08
#63450000
b1100000000 E
1*
18
#63460000
0*
08
#63470000
b1100000001 E
1*
18
#63480000
0*
08
#63490000
b1100000010 E
1*
18
#63500000
0*
08
#63510000
b1100000011 E
1*
18
#63520000
0*
08
#63530000
b1100000100 E
1*
18
#63540000
0*
08
#63550000
b1100000101 E
1*
18
#63560000
0*
08
#63570000
b1100000110 E
1*
18
#63580000
0*
08
#63590000
b1100000111 E
1*
18
#63600000
0*
08
#63610000
b1100001000 E
1*
18
#63620000
0*
08
#63630000
b1100001001 E
1*
18
#63640000
0*
08
#63650000
b1100001010 E
1*
18
#63660000
0*
08
#63670000
b1100001011 E
1*
18
#63680000
0*
08
#63690000
b1100001100 E
1*
18
#63700000
0*
08
#63710000
b1100001101 E
1*
18
#63720000
0*
08
#63730000
b1100001110 E
1*
18
#63740000
0*
08
#63750000
b1100001111 E
1*
18
#63760000
0*
08
#63770000
b1100010000 E
1*
18
#63780000
0*
08
#63790000
b1100010001 E
1*
18
#63800000
0*
08
#63810000
b1100010010 E
1*
18
#63820000
0*
08
#63830000
b1100010011 E
1*
18
#63840000
0*
08
#63850000
b1100010100 E
1*
18
#63860000
0*
08
#63870000
b1100010101 E
1*
18
#63880000
0*
08
#63890000
b1100010110 E
1*
18
#63900000
0*
08
#63910000
b1100010111 E
1*
18
#63920000
0*
08
#63930000
b1100011000 E
1*
18
#63940000
0*
08
#63950000
b1100011001 E
1*
18
#63960000
0*
08
#63970000
b1100011010 E
1*
18
#63980000
0*
08
#63990000
b1100011011 E
1*
18
#64000000
0*
08
#64010000
b1100011100 E
1*
18
#64020000
0*
08
#64030000
b1100011101 E
1*
18
#64040000
0*
08
#64050000
b1100011110 E
1*
18
#64060000
0*
08
#64070000
b1100011111 E
1*
18
#64080000
0*
08
#64090000
0B
b0 E
b100 N
1*
18
#64100000
0*
08
#64110000
b1 E
0K
1*
18
#64120000
0*
08
#64130000
0G
0"
b10 E
1*
18
#64140000
0*
08
#64150000
b11 E
1*
18
#64160000
0*
08
#64170000
b100 E
1*
18
#64180000
0*
08
#64190000
b101 E
1*
18
#64200000
0*
08
#64210000
b110 E
1*
18
#64220000
0*
08
#64230000
b111 E
1*
18
#64240000
0*
08
#64250000
b1000 E
1*
18
#64260000
0*
08
#64270000
b1001 E
1*
18
#64280000
0*
08
#64290000
b1010 E
1*
18
#64300000
0*
08
#64310000
b1011 E
1*
18
#64320000
0*
08
#64330000
b1100 E
1*
18
#64340000
0*
08
#64350000
b1101 E
1*
18
#64360000
0*
08
#64370000
b1110 E
1*
18
#64380000
0*
08
#64390000
b1111 E
1*
18
#64400000
0*
08
#64410000
b10000 E
1*
18
#64420000
0*
08
#64430000
b10001 E
1*
18
#64440000
0*
08
#64450000
b10010 E
1*
18
#64460000
0*
08
#64470000
b10011 E
1*
18
#64480000
0*
08
#64490000
b10100 E
1*
18
#64500000
0*
08
#64510000
b10101 E
1*
18
#64520000
0*
08
#64530000
b10110 E
1*
18
#64540000
0*
08
#64550000
b10111 E
1*
18
#64560000
0*
08
#64570000
b11000 E
1*
18
#64580000
0*
08
#64590000
b11001 E
1*
18
#64600000
0*
08
#64610000
b11010 E
1*
18
#64620000
0*
08
#64630000
b11011 E
1*
18
#64640000
0*
08
#64650000
b11100 E
1*
18
#64660000
0*
08
#64670000
b11101 E
1*
18
#64680000
0*
08
#64690000
b11110 E
1*
18
#64700000
0*
08
#64710000
b11111 E
1*
18
#64720000
0*
08
#64730000
b100000 E
1*
18
#64740000
0*
08
#64750000
b100001 E
1*
18
#64760000
0*
08
#64770000
b100010 E
1*
18
#64780000
0*
08
#64790000
b100011 E
1*
18
#64800000
0*
08
#64810000
b100100 E
1*
18
#64820000
0*
08
#64830000
b100101 E
1*
18
#64840000
0*
08
#64850000
b100110 E
1*
18
#64860000
0*
08
#64870000
b100111 E
1*
18
#64880000
0*
08
#64890000
b101000 E
1*
18
#64900000
0*
08
#64910000
b101001 E
1*
18
#64920000
0*
08
#64930000
b101010 E
1*
18
#64940000
0*
08
#64950000
b101011 E
1*
18
#64960000
0*
08
#64970000
b101100 E
1*
18
#64980000
0*
08
#64990000
b101101 E
1*
18
#65000000
0*
08
#65010000
b101110 E
1*
18
#65020000
0*
08
#65030000
b101111 E
1*
18
#65040000
0*
08
#65050000
b110000 E
1*
18
#65060000
0*
08
#65070000
b110001 E
1*
18
#65080000
0*
08
#65090000
b110010 E
1*
18
#65100000
0*
08
#65110000
b110011 E
1*
18
#65120000
0*
08
#65130000
b110100 E
1*
18
#65140000
0*
08
#65150000
b110101 E
1*
18
#65160000
0*
08
#65170000
b110110 E
1*
18
#65180000
0*
08
#65190000
b110111 E
1*
18
#65200000
0*
08
#65210000
b111000 E
1*
18
#65220000
0*
08
#65230000
b111001 E
1*
18
#65240000
0*
08
#65250000
b111010 E
1*
18
#65260000
0*
08
#65270000
b111011 E
1*
18
#65280000
0*
08
#65290000
b111100 E
1*
18
#65300000
0*
08
#65310000
b111101 E
1*
18
#65320000
0*
08
#65330000
b111110 E
1*
18
#65340000
0*
08
#65350000
b111111 E
1*
18
#65360000
0*
08
#65370000
b1000000 E
1*
18
#65380000
0*
08
#65390000
b1000001 E
1*
18
#65400000
0*
08
#65410000
b1000010 E
1*
18
#65420000
0*
08
#65430000
b1000011 E
1*
18
#65440000
0*
08
#65450000
b1000100 E
1*
18
#65460000
0*
08
#65470000
b1000101 E
1*
18
#65480000
0*
08
#65490000
b1000110 E
1*
18
#65500000
0*
08
#65510000
b1000111 E
1*
18
#65520000
0*
08
#65530000
b1001000 E
1*
18
#65540000
0*
08
#65550000
b1001001 E
1*
18
#65560000
0*
08
#65570000
b1001010 E
1*
18
#65580000
0*
08
#65590000
b1001011 E
1*
18
#65600000
0*
08
#65610000
b1001100 E
1*
18
#65620000
0*
08
#65630000
b1001101 E
1*
18
#65640000
0*
08
#65650000
b1001110 E
1*
18
#65660000
0*
08
#65670000
b1001111 E
1*
18
#65680000
0*
08
#65690000
b1010000 E
1*
18
#65700000
0*
08
#65710000
b1010001 E
1*
18
#65720000
0*
08
#65730000
b1010010 E
1*
18
#65740000
0*
08
#65750000
b1010011 E
1*
18
#65760000
0*
08
#65770000
b1010100 E
1*
18
#65780000
0*
08
#65790000
b1010101 E
1*
18
#65800000
0*
08
#65810000
b1010110 E
1*
18
#65820000
0*
08
#65830000
b1010111 E
1*
18
#65840000
0*
08
#65850000
b1011000 E
1*
18
#65860000
0*
08
#65870000
b1011001 E
1*
18
#65880000
0*
08
#65890000
b1011010 E
1*
18
#65900000
0*
08
#65910000
b1011011 E
1*
18
#65920000
0*
08
#65930000
b1011100 E
1*
18
#65940000
0*
08
#65950000
b1011101 E
1*
18
#65960000
0*
08
#65970000
b1011110 E
1*
18
#65980000
0*
08
#65990000
b1011111 E
1*
18
#66000000
0*
08
#66010000
1B
b1100000 E
1*
18
#66020000
0*
08
#66030000
b1100001 E
1K
1*
18
#66040000
0*
08
#66050000
1G
1"
b1100010 E
1*
18
#66060000
0*
08
#66070000
b1100011 E
1*
18
#66080000
0*
08
#66090000
b1100100 E
1*
18
#66100000
0*
08
#66110000
b1100101 E
1*
18
#66120000
0*
08
#66130000
b1100110 E
1*
18
#66140000
0*
08
#66150000
b1100111 E
1*
18
#66160000
0*
08
#66170000
b1101000 E
1*
18
#66180000
0*
08
#66190000
b1101001 E
1*
18
#66200000
0*
08
#66210000
b1101010 E
1*
18
#66220000
0*
08
#66230000
b1101011 E
1*
18
#66240000
0*
08
#66250000
b1101100 E
1*
18
#66260000
0*
08
#66270000
b1101101 E
1*
18
#66280000
0*
08
#66290000
b1101110 E
1*
18
#66300000
0*
08
#66310000
b1101111 E
1*
18
#66320000
0*
08
#66330000
b1110000 E
1*
18
#66340000
0*
08
#66350000
b1110001 E
1*
18
#66360000
0*
08
#66370000
b1110010 E
1*
18
#66380000
0*
08
#66390000
b1110011 E
1*
18
#66400000
0*
08
#66410000
b1110100 E
1*
18
#66420000
0*
08
#66430000
b1110101 E
1*
18
#66440000
0*
08
#66450000
b1110110 E
1*
18
#66460000
0*
08
#66470000
b1110111 E
1*
18
#66480000
0*
08
#66490000
b1111000 E
1*
18
#66500000
0*
08
#66510000
b1111001 E
1*
18
#66520000
0*
08
#66530000
b1111010 E
1*
18
#66540000
0*
08
#66550000
b1111011 E
1*
18
#66560000
0*
08
#66570000
b1111100 E
1*
18
#66580000
0*
08
#66590000
b1111101 E
1*
18
#66600000
0*
08
#66610000
b1111110 E
1*
18
#66620000
0*
08
#66630000
b1111111 E
1*
18
#66640000
0*
08
#66650000
b10000000 E
1*
18
#66660000
0*
08
#66670000
b10000001 E
1*
18
#66680000
0*
08
#66690000
b10000010 E
1*
18
#66700000
0*
08
#66710000
b10000011 E
1*
18
#66720000
0*
08
#66730000
b10000100 E
1*
18
#66740000
0*
08
#66750000
b10000101 E
1*
18
#66760000
0*
08
#66770000
b10000110 E
1*
18
#66780000
0*
08
#66790000
b10000111 E
1*
18
#66800000
0*
08
#66810000
b10001000 E
1*
18
#66820000
0*
08
#66830000
b10001001 E
1*
18
#66840000
0*
08
#66850000
b10001010 E
1*
18
#66860000
0*
08
#66870000
b10001011 E
1*
18
#66880000
0*
08
#66890000
b10001100 E
1*
18
#66900000
0*
08
#66910000
b10001101 E
1*
18
#66920000
0*
08
#66930000
b10001110 E
1*
18
#66940000
0*
08
#66950000
b10001111 E
1*
18
#66960000
0*
08
#66970000
b10010000 E
1*
18
#66980000
0*
08
#66990000
b10010001 E
1*
18
#67000000
0*
08
#67010000
b10010010 E
1*
18
#67020000
0*
08
#67030000
b10010011 E
1*
18
#67040000
0*
08
#67050000
b10010100 E
1*
18
#67060000
0*
08
#67070000
b10010101 E
1*
18
#67080000
0*
08
#67090000
b10010110 E
1*
18
#67100000
0*
08
#67110000
b10010111 E
1*
18
#67120000
0*
08
#67130000
b10011000 E
1*
18
#67140000
0*
08
#67150000
b10011001 E
1*
18
#67160000
0*
08
#67170000
b10011010 E
1*
18
#67180000
0*
08
#67190000
b10011011 E
1*
18
#67200000
0*
08
#67210000
b10011100 E
1*
18
#67220000
0*
08
#67230000
b10011101 E
1*
18
#67240000
0*
08
#67250000
b10011110 E
1*
18
#67260000
0*
08
#67270000
b10011111 E
1*
18
#67280000
0*
08
#67290000
b10100000 E
1*
18
#67300000
0*
08
#67310000
b10100001 E
1*
18
#67320000
0*
08
#67330000
b10100010 E
1*
18
#67340000
0*
08
#67350000
b10100011 E
1*
18
#67360000
0*
08
#67370000
b10100100 E
1*
18
#67380000
0*
08
#67390000
b10100101 E
1*
18
#67400000
0*
08
#67410000
b10100110 E
1*
18
#67420000
0*
08
#67430000
b10100111 E
1*
18
#67440000
0*
08
#67450000
b10101000 E
1*
18
#67460000
0*
08
#67470000
b10101001 E
1*
18
#67480000
0*
08
#67490000
b10101010 E
1*
18
#67500000
0*
08
#67510000
b10101011 E
1*
18
#67520000
0*
08
#67530000
b10101100 E
1*
18
#67540000
0*
08
#67550000
b10101101 E
1*
18
#67560000
0*
08
#67570000
b10101110 E
1*
18
#67580000
0*
08
#67590000
b10101111 E
1*
18
#67600000
0*
08
#67610000
b10110000 E
1*
18
#67620000
0*
08
#67630000
b10110001 E
1*
18
#67640000
0*
08
#67650000
b10110010 E
1*
18
#67660000
0*
08
#67670000
b10110011 E
1*
18
#67680000
0*
08
#67690000
b10110100 E
1*
18
#67700000
0*
08
#67710000
b10110101 E
1*
18
#67720000
0*
08
#67730000
b10110110 E
1*
18
#67740000
0*
08
#67750000
b10110111 E
1*
18
#67760000
0*
08
#67770000
b10111000 E
1*
18
#67780000
0*
08
#67790000
b10111001 E
1*
18
#67800000
0*
08
#67810000
b10111010 E
1*
18
#67820000
0*
08
#67830000
b10111011 E
1*
18
#67840000
0*
08
#67850000
b10111100 E
1*
18
#67860000
0*
08
#67870000
b10111101 E
1*
18
#67880000
0*
08
#67890000
b10111110 E
1*
18
#67900000
0*
08
#67910000
b10111111 E
1*
18
#67920000
0*
08
#67930000
b11000000 E
1*
18
#67940000
0*
08
#67950000
b11000001 E
1*
18
#67960000
0*
08
#67970000
b11000010 E
1*
18
#67980000
0*
08
#67990000
b11000011 E
1*
18
#68000000
0*
08
#68010000
b11000100 E
1*
18
#68020000
0*
08
#68030000
b11000101 E
1*
18
#68040000
0*
08
#68050000
b11000110 E
1*
18
#68060000
0*
08
#68070000
b11000111 E
1*
18
#68080000
0*
08
#68090000
b11001000 E
1*
18
#68100000
0*
08
#68110000
b11001001 E
1*
18
#68120000
0*
08
#68130000
b11001010 E
1*
18
#68140000
0*
08
#68150000
b11001011 E
1*
18
#68160000
0*
08
#68170000
b11001100 E
1*
18
#68180000
0*
08
#68190000
b11001101 E
1*
18
#68200000
0*
08
#68210000
b11001110 E
1*
18
#68220000
0*
08
#68230000
b11001111 E
1*
18
#68240000
0*
08
#68250000
b11010000 E
1*
18
#68260000
0*
08
#68270000
b11010001 E
1*
18
#68280000
0*
08
#68290000
b11010010 E
1*
18
#68300000
0*
08
#68310000
b11010011 E
1*
18
#68320000
0*
08
#68330000
b11010100 E
1*
18
#68340000
0*
08
#68350000
b11010101 E
1*
18
#68360000
0*
08
#68370000
b11010110 E
1*
18
#68380000
0*
08
#68390000
b11010111 E
1*
18
#68400000
0*
08
#68410000
b11011000 E
1*
18
#68420000
0*
08
#68430000
b11011001 E
1*
18
#68440000
0*
08
#68450000
b11011010 E
1*
18
#68460000
0*
08
#68470000
b11011011 E
1*
18
#68480000
0*
08
#68490000
b11011100 E
1*
18
#68500000
0*
08
#68510000
b11011101 E
1*
18
#68520000
0*
08
#68530000
b11011110 E
1*
18
#68540000
0*
08
#68550000
b11011111 E
1*
18
#68560000
0*
08
#68570000
b11100000 E
1*
18
#68580000
0*
08
#68590000
b11100001 E
1*
18
#68600000
0*
08
#68610000
b11100010 E
1*
18
#68620000
0*
08
#68630000
b11100011 E
1*
18
#68640000
0*
08
#68650000
b11100100 E
1*
18
#68660000
0*
08
#68670000
b11100101 E
1*
18
#68680000
0*
08
#68690000
b11100110 E
1*
18
#68700000
0*
08
#68710000
b11100111 E
1*
18
#68720000
0*
08
#68730000
b11101000 E
1*
18
#68740000
0*
08
#68750000
b11101001 E
1*
18
#68760000
0*
08
#68770000
b11101010 E
1*
18
#68780000
0*
08
#68790000
b11101011 E
1*
18
#68800000
0*
08
#68810000
b11101100 E
1*
18
#68820000
0*
08
#68830000
b11101101 E
1*
18
#68840000
0*
08
#68850000
b11101110 E
1*
18
#68860000
0*
08
#68870000
b11101111 E
1*
18
#68880000
0*
08
#68890000
b11110000 E
1*
18
#68900000
0*
08
#68910000
b11110001 E
1*
18
#68920000
0*
08
#68930000
b11110010 E
1*
18
#68940000
0*
08
#68950000
b11110011 E
1*
18
#68960000
0*
08
#68970000
b11110100 E
1*
18
#68980000
0*
08
#68990000
b11110101 E
1*
18
#69000000
0*
08
#69010000
b11110110 E
1*
18
#69020000
0*
08
#69030000
b11110111 E
1*
18
#69040000
0*
08
#69050000
b11111000 E
1*
18
#69060000
0*
08
#69070000
b11111001 E
1*
18
#69080000
0*
08
#69090000
b11111010 E
1*
18
#69100000
0*
08
#69110000
b11111011 E
1*
18
#69120000
0*
08
#69130000
b11111100 E
1*
18
#69140000
0*
08
#69150000
b11111101 E
1*
18
#69160000
0*
08
#69170000
b11111110 E
1*
18
#69180000
0*
08
#69190000
b11111111 E
1*
18
#69200000
0*
08
#69210000
b100000000 E
1*
18
#69220000
0*
08
#69230000
b100000001 E
1*
18
#69240000
0*
08
#69250000
b100000010 E
1*
18
#69260000
0*
08
#69270000
b100000011 E
1*
18
#69280000
0*
08
#69290000
b100000100 E
1*
18
#69300000
0*
08
#69310000
b100000101 E
1*
18
#69320000
0*
08
#69330000
b100000110 E
1*
18
#69340000
0*
08
#69350000
b100000111 E
1*
18
#69360000
0*
08
#69370000
b100001000 E
1*
18
#69380000
0*
08
#69390000
b100001001 E
1*
18
#69400000
0*
08
#69410000
b100001010 E
1*
18
#69420000
0*
08
#69430000
b100001011 E
1*
18
#69440000
0*
08
#69450000
b100001100 E
1*
18
#69460000
0*
08
#69470000
b100001101 E
1*
18
#69480000
0*
08
#69490000
b100001110 E
1*
18
#69500000
0*
08
#69510000
b100001111 E
1*
18
#69520000
0*
08
#69530000
b100010000 E
1*
18
#69540000
0*
08
#69550000
b100010001 E
1*
18
#69560000
0*
08
#69570000
b100010010 E
1*
18
#69580000
0*
08
#69590000
b100010011 E
1*
18
#69600000
0*
08
#69610000
b100010100 E
1*
18
#69620000
0*
08
#69630000
b100010101 E
1*
18
#69640000
0*
08
#69650000
b100010110 E
1*
18
#69660000
0*
08
#69670000
b100010111 E
1*
18
#69680000
0*
08
#69690000
b100011000 E
1*
18
#69700000
0*
08
#69710000
b100011001 E
1*
18
#69720000
0*
08
#69730000
b100011010 E
1*
18
#69740000
0*
08
#69750000
b100011011 E
1*
18
#69760000
0*
08
#69770000
b100011100 E
1*
18
#69780000
0*
08
#69790000
b100011101 E
1*
18
#69800000
0*
08
#69810000
b100011110 E
1*
18
#69820000
0*
08
#69830000
b100011111 E
1*
18
#69840000
0*
08
#69850000
b100100000 E
1*
18
#69860000
0*
08
#69870000
b100100001 E
1*
18
#69880000
0*
08
#69890000
b100100010 E
1*
18
#69900000
0*
08
#69910000
b100100011 E
1*
18
#69920000
0*
08
#69930000
b100100100 E
1*
18
#69940000
0*
08
#69950000
b100100101 E
1*
18
#69960000
0*
08
#69970000
b100100110 E
1*
18
#69980000
0*
08
#69990000
b100100111 E
1*
18
#70000000
0*
08
#70010000
b100101000 E
1*
18
#70020000
0*
08
#70030000
b100101001 E
1*
18
#70040000
0*
08
#70050000
b100101010 E
1*
18
#70060000
0*
08
#70070000
b100101011 E
1*
18
#70080000
0*
08
#70090000
b100101100 E
1*
18
#70100000
0*
08
#70110000
b100101101 E
1*
18
#70120000
0*
08
#70130000
b100101110 E
1*
18
#70140000
0*
08
#70150000
b100101111 E
1*
18
#70160000
0*
08
#70170000
b100110000 E
1*
18
#70180000
0*
08
#70190000
b100110001 E
1*
18
#70200000
0*
08
#70210000
b100110010 E
1*
18
#70220000
0*
08
#70230000
b100110011 E
1*
18
#70240000
0*
08
#70250000
b100110100 E
1*
18
#70260000
0*
08
#70270000
b100110101 E
1*
18
#70280000
0*
08
#70290000
b100110110 E
1*
18
#70300000
0*
08
#70310000
b100110111 E
1*
18
#70320000
0*
08
#70330000
b100111000 E
1*
18
#70340000
0*
08
#70350000
b100111001 E
1*
18
#70360000
0*
08
#70370000
b100111010 E
1*
18
#70380000
0*
08
#70390000
b100111011 E
1*
18
#70400000
0*
08
#70410000
b100111100 E
1*
18
#70420000
0*
08
#70430000
b100111101 E
1*
18
#70440000
0*
08
#70450000
b100111110 E
1*
18
#70460000
0*
08
#70470000
b100111111 E
1*
18
#70480000
0*
08
#70490000
b101000000 E
1*
18
#70500000
0*
08
#70510000
b101000001 E
1*
18
#70520000
0*
08
#70530000
b101000010 E
1*
18
#70540000
0*
08
#70550000
b101000011 E
1*
18
#70560000
0*
08
#70570000
b101000100 E
1*
18
#70580000
0*
08
#70590000
b101000101 E
1*
18
#70600000
0*
08
#70610000
b101000110 E
1*
18
#70620000
0*
08
#70630000
b101000111 E
1*
18
#70640000
0*
08
#70650000
b101001000 E
1*
18
#70660000
0*
08
#70670000
b101001001 E
1*
18
#70680000
0*
08
#70690000
b101001010 E
1*
18
#70700000
0*
08
#70710000
b101001011 E
1*
18
#70720000
0*
08
#70730000
b101001100 E
1*
18
#70740000
0*
08
#70750000
b101001101 E
1*
18
#70760000
0*
08
#70770000
b101001110 E
1*
18
#70780000
0*
08
#70790000
b101001111 E
1*
18
#70800000
0*
08
#70810000
b101010000 E
1*
18
#70820000
0*
08
#70830000
b101010001 E
1*
18
#70840000
0*
08
#70850000
b101010010 E
1*
18
#70860000
0*
08
#70870000
b101010011 E
1*
18
#70880000
0*
08
#70890000
b101010100 E
1*
18
#70900000
0*
08
#70910000
b101010101 E
1*
18
#70920000
0*
08
#70930000
b101010110 E
1*
18
#70940000
0*
08
#70950000
b101010111 E
1*
18
#70960000
0*
08
#70970000
b101011000 E
1*
18
#70980000
0*
08
#70990000
b101011001 E
1*
18
#71000000
0*
08
#71010000
b101011010 E
1*
18
#71020000
0*
08
#71030000
b101011011 E
1*
18
#71040000
0*
08
#71050000
b101011100 E
1*
18
#71060000
0*
08
#71070000
b101011101 E
1*
18
#71080000
0*
08
#71090000
b101011110 E
1*
18
#71100000
0*
08
#71110000
b101011111 E
1*
18
#71120000
0*
08
#71130000
b101100000 E
1*
18
#71140000
0*
08
#71150000
b101100001 E
1*
18
#71160000
0*
08
#71170000
b101100010 E
1*
18
#71180000
0*
08
#71190000
b101100011 E
1*
18
#71200000
0*
08
#71210000
b101100100 E
1*
18
#71220000
0*
08
#71230000
b101100101 E
1*
18
#71240000
0*
08
#71250000
b101100110 E
1*
18
#71260000
0*
08
#71270000
b101100111 E
1*
18
#71280000
0*
08
#71290000
b101101000 E
1*
18
#71300000
0*
08
#71310000
b101101001 E
1*
18
#71320000
0*
08
#71330000
b101101010 E
1*
18
#71340000
0*
08
#71350000
b101101011 E
1*
18
#71360000
0*
08
#71370000
b101101100 E
1*
18
#71380000
0*
08
#71390000
b101101101 E
1*
18
#71400000
0*
08
#71410000
b101101110 E
1*
18
#71420000
0*
08
#71430000
b101101111 E
1*
18
#71440000
0*
08
#71450000
b101110000 E
1*
18
#71460000
0*
08
#71470000
b101110001 E
1*
18
#71480000
0*
08
#71490000
b101110010 E
1*
18
#71500000
0*
08
#71510000
b101110011 E
1*
18
#71520000
0*
08
#71530000
b101110100 E
1*
18
#71540000
0*
08
#71550000
b101110101 E
1*
18
#71560000
0*
08
#71570000
b101110110 E
1*
18
#71580000
0*
08
#71590000
b101110111 E
1*
18
#71600000
0*
08
#71610000
b101111000 E
1*
18
#71620000
0*
08
#71630000
b101111001 E
1*
18
#71640000
0*
08
#71650000
b101111010 E
1*
18
#71660000
0*
08
#71670000
b101111011 E
1*
18
#71680000
0*
08
#71690000
b101111100 E
1*
18
#71700000
0*
08
#71710000
b101111101 E
1*
18
#71720000
0*
08
#71730000
b101111110 E
1*
18
#71740000
0*
08
#71750000
b101111111 E
1*
18
#71760000
0*
08
#71770000
b110000000 E
1*
18
#71780000
0*
08
#71790000
b110000001 E
1*
18
#71800000
0*
08
#71810000
b110000010 E
1*
18
#71820000
0*
08
#71830000
b110000011 E
1*
18
#71840000
0*
08
#71850000
b110000100 E
1*
18
#71860000
0*
08
#71870000
b110000101 E
1*
18
#71880000
0*
08
#71890000
b110000110 E
1*
18
#71900000
0*
08
#71910000
b110000111 E
1*
18
#71920000
0*
08
#71930000
b110001000 E
1*
18
#71940000
0*
08
#71950000
b110001001 E
1*
18
#71960000
0*
08
#71970000
b110001010 E
1*
18
#71980000
0*
08
#71990000
b110001011 E
1*
18
#72000000
0*
08
#72010000
b110001100 E
1*
18
#72020000
0*
08
#72030000
b110001101 E
1*
18
#72040000
0*
08
#72050000
b110001110 E
1*
18
#72060000
0*
08
#72070000
b110001111 E
1*
18
#72080000
0*
08
#72090000
b110010000 E
1*
18
#72100000
0*
08
#72110000
b110010001 E
1*
18
#72120000
0*
08
#72130000
b110010010 E
1*
18
#72140000
0*
08
#72150000
b110010011 E
1*
18
#72160000
0*
08
#72170000
b110010100 E
1*
18
#72180000
0*
08
#72190000
b110010101 E
1*
18
#72200000
0*
08
#72210000
b110010110 E
1*
18
#72220000
0*
08
#72230000
b110010111 E
1*
18
#72240000
0*
08
#72250000
b110011000 E
1*
18
#72260000
0*
08
#72270000
b110011001 E
1*
18
#72280000
0*
08
#72290000
b110011010 E
1*
18
#72300000
0*
08
#72310000
b110011011 E
1*
18
#72320000
0*
08
#72330000
b110011100 E
1*
18
#72340000
0*
08
#72350000
b110011101 E
1*
18
#72360000
0*
08
#72370000
b110011110 E
1*
18
#72380000
0*
08
#72390000
b110011111 E
1*
18
#72400000
0*
08
#72410000
b110100000 E
1*
18
#72420000
0*
08
#72430000
b110100001 E
1*
18
#72440000
0*
08
#72450000
b110100010 E
1*
18
#72460000
0*
08
#72470000
b110100011 E
1*
18
#72480000
0*
08
#72490000
b110100100 E
1*
18
#72500000
0*
08
#72510000
b110100101 E
1*
18
#72520000
0*
08
#72530000
b110100110 E
1*
18
#72540000
0*
08
#72550000
b110100111 E
1*
18
#72560000
0*
08
#72570000
b110101000 E
1*
18
#72580000
0*
08
#72590000
b110101001 E
1*
18
#72600000
0*
08
#72610000
b110101010 E
1*
18
#72620000
0*
08
#72630000
b110101011 E
1*
18
#72640000
0*
08
#72650000
b110101100 E
1*
18
#72660000
0*
08
#72670000
b110101101 E
1*
18
#72680000
0*
08
#72690000
b110101110 E
1*
18
#72700000
0*
08
#72710000
b110101111 E
1*
18
#72720000
0*
08
#72730000
b110110000 E
1*
18
#72740000
0*
08
#72750000
b110110001 E
1*
18
#72760000
0*
08
#72770000
b110110010 E
1*
18
#72780000
0*
08
#72790000
b110110011 E
1*
18
#72800000
0*
08
#72810000
b110110100 E
1*
18
#72820000
0*
08
#72830000
b110110101 E
1*
18
#72840000
0*
08
#72850000
b110110110 E
1*
18
#72860000
0*
08
#72870000
b110110111 E
1*
18
#72880000
0*
08
#72890000
b110111000 E
1*
18
#72900000
0*
08
#72910000
b110111001 E
1*
18
#72920000
0*
08
#72930000
b110111010 E
1*
18
#72940000
0*
08
#72950000
b110111011 E
1*
18
#72960000
0*
08
#72970000
b110111100 E
1*
18
#72980000
0*
08
#72990000
b110111101 E
1*
18
#73000000
0*
08
#73010000
b110111110 E
1*
18
#73020000
0*
08
#73030000
b110111111 E
1*
18
#73040000
0*
08
#73050000
b111000000 E
1*
18
#73060000
0*
08
#73070000
b111000001 E
1*
18
#73080000
0*
08
#73090000
b111000010 E
1*
18
#73100000
0*
08
#73110000
b111000011 E
1*
18
#73120000
0*
08
#73130000
b111000100 E
1*
18
#73140000
0*
08
#73150000
b111000101 E
1*
18
#73160000
0*
08
#73170000
b111000110 E
1*
18
#73180000
0*
08
#73190000
b111000111 E
1*
18
#73200000
0*
08
#73210000
b111001000 E
1*
18
#73220000
0*
08
#73230000
b111001001 E
1*
18
#73240000
0*
08
#73250000
b111001010 E
1*
18
#73260000
0*
08
#73270000
b111001011 E
1*
18
#73280000
0*
08
#73290000
b111001100 E
1*
18
#73300000
0*
08
#73310000
b111001101 E
1*
18
#73320000
0*
08
#73330000
b111001110 E
1*
18
#73340000
0*
08
#73350000
b111001111 E
1*
18
#73360000
0*
08
#73370000
b111010000 E
1*
18
#73380000
0*
08
#73390000
b111010001 E
1*
18
#73400000
0*
08
#73410000
b111010010 E
1*
18
#73420000
0*
08
#73430000
b111010011 E
1*
18
#73440000
0*
08
#73450000
b111010100 E
1*
18
#73460000
0*
08
#73470000
b111010101 E
1*
18
#73480000
0*
08
#73490000
b111010110 E
1*
18
#73500000
0*
08
#73510000
b111010111 E
1*
18
#73520000
0*
08
#73530000
b111011000 E
1*
18
#73540000
0*
08
#73550000
b111011001 E
1*
18
#73560000
0*
08
#73570000
b111011010 E
1*
18
#73580000
0*
08
#73590000
b111011011 E
1*
18
#73600000
0*
08
#73610000
b111011100 E
1*
18
#73620000
0*
08
#73630000
b111011101 E
1*
18
#73640000
0*
08
#73650000
b111011110 E
1*
18
#73660000
0*
08
#73670000
b111011111 E
1*
18
#73680000
0*
08
#73690000
b111100000 E
1*
18
#73700000
0*
08
#73710000
b111100001 E
1*
18
#73720000
0*
08
#73730000
b111100010 E
1*
18
#73740000
0*
08
#73750000
b111100011 E
1*
18
#73760000
0*
08
#73770000
b111100100 E
1*
18
#73780000
0*
08
#73790000
b111100101 E
1*
18
#73800000
0*
08
#73810000
b111100110 E
1*
18
#73820000
0*
08
#73830000
b111100111 E
1*
18
#73840000
0*
08
#73850000
b111101000 E
1*
18
#73860000
0*
08
#73870000
b111101001 E
1*
18
#73880000
0*
08
#73890000
b111101010 E
1*
18
#73900000
0*
08
#73910000
b111101011 E
1*
18
#73920000
0*
08
#73930000
b111101100 E
1*
18
#73940000
0*
08
#73950000
b111101101 E
1*
18
#73960000
0*
08
#73970000
b111101110 E
1*
18
#73980000
0*
08
#73990000
b111101111 E
1*
18
#74000000
0*
08
#74010000
b111110000 E
1*
18
#74020000
0*
08
#74030000
b111110001 E
1*
18
#74040000
0*
08
#74050000
b111110010 E
1*
18
#74060000
0*
08
#74070000
b111110011 E
1*
18
#74080000
0*
08
#74090000
b111110100 E
1*
18
#74100000
0*
08
#74110000
b111110101 E
1*
18
#74120000
0*
08
#74130000
b111110110 E
1*
18
#74140000
0*
08
#74150000
b111110111 E
1*
18
#74160000
0*
08
#74170000
b111111000 E
1*
18
#74180000
0*
08
#74190000
b111111001 E
1*
18
#74200000
0*
08
#74210000
b111111010 E
1*
18
#74220000
0*
08
#74230000
b111111011 E
1*
18
#74240000
0*
08
#74250000
b111111100 E
1*
18
#74260000
0*
08
#74270000
b111111101 E
1*
18
#74280000
0*
08
#74290000
b111111110 E
1*
18
#74300000
0*
08
#74310000
b111111111 E
1*
18
#74320000
0*
08
#74330000
b1000000000 E
1*
18
#74340000
0*
08
#74350000
b1000000001 E
1*
18
#74360000
0*
08
#74370000
b1000000010 E
1*
18
#74380000
0*
08
#74390000
b1000000011 E
1*
18
#74400000
0*
08
#74410000
b1000000100 E
1*
18
#74420000
0*
08
#74430000
b1000000101 E
1*
18
#74440000
0*
08
#74450000
b1000000110 E
1*
18
#74460000
0*
08
#74470000
b1000000111 E
1*
18
#74480000
0*
08
#74490000
b1000001000 E
1*
18
#74500000
0*
08
#74510000
b1000001001 E
1*
18
#74520000
0*
08
#74530000
b1000001010 E
1*
18
#74540000
0*
08
#74550000
b1000001011 E
1*
18
#74560000
0*
08
#74570000
b1000001100 E
1*
18
#74580000
0*
08
#74590000
b1000001101 E
1*
18
#74600000
0*
08
#74610000
b1000001110 E
1*
18
#74620000
0*
08
#74630000
b1000001111 E
1*
18
#74640000
0*
08
#74650000
b1000010000 E
1*
18
#74660000
0*
08
#74670000
b1000010001 E
1*
18
#74680000
0*
08
#74690000
b1000010010 E
1*
18
#74700000
0*
08
#74710000
b1000010011 E
1*
18
#74720000
0*
08
#74730000
b1000010100 E
1*
18
#74740000
0*
08
#74750000
b1000010101 E
1*
18
#74760000
0*
08
#74770000
b1000010110 E
1*
18
#74780000
0*
08
#74790000
b1000010111 E
1*
18
#74800000
0*
08
#74810000
b1000011000 E
1*
18
#74820000
0*
08
#74830000
b1000011001 E
1*
18
#74840000
0*
08
#74850000
b1000011010 E
1*
18
#74860000
0*
08
#74870000
b1000011011 E
1*
18
#74880000
0*
08
#74890000
b1000011100 E
1*
18
#74900000
0*
08
#74910000
b1000011101 E
1*
18
#74920000
0*
08
#74930000
b1000011110 E
1*
18
#74940000
0*
08
#74950000
b1000011111 E
1*
18
#74960000
0*
08
#74970000
b1000100000 E
1*
18
#74980000
0*
08
#74990000
b1000100001 E
1*
18
#75000000
0*
08
#75010000
b1000100010 E
1*
18
#75020000
0*
08
#75030000
b1000100011 E
1*
18
#75040000
0*
08
#75050000
b1000100100 E
1*
18
#75060000
0*
08
#75070000
b1000100101 E
1*
18
#75080000
0*
08
#75090000
b1000100110 E
1*
18
#75100000
0*
08
#75110000
b1000100111 E
1*
18
#75120000
0*
08
#75130000
b1000101000 E
1*
18
#75140000
0*
08
#75150000
b1000101001 E
1*
18
#75160000
0*
08
#75170000
b1000101010 E
1*
18
#75180000
0*
08
#75190000
b1000101011 E
1*
18
#75200000
0*
08
#75210000
b1000101100 E
1*
18
#75220000
0*
08
#75230000
b1000101101 E
1*
18
#75240000
0*
08
#75250000
b1000101110 E
1*
18
#75260000
0*
08
#75270000
b1000101111 E
1*
18
#75280000
0*
08
#75290000
b1000110000 E
1*
18
#75300000
0*
08
#75310000
b1000110001 E
1*
18
#75320000
0*
08
#75330000
b1000110010 E
1*
18
#75340000
0*
08
#75350000
b1000110011 E
1*
18
#75360000
0*
08
#75370000
b1000110100 E
1*
18
#75380000
0*
08
#75390000
b1000110101 E
1*
18
#75400000
0*
08
#75410000
b1000110110 E
1*
18
#75420000
0*
08
#75430000
b1000110111 E
1*
18
#75440000
0*
08
#75450000
b1000111000 E
1*
18
#75460000
0*
08
#75470000
b1000111001 E
1*
18
#75480000
0*
08
#75490000
b1000111010 E
1*
18
#75500000
0*
08
#75510000
b1000111011 E
1*
18
#75520000
0*
08
#75530000
b1000111100 E
1*
18
#75540000
0*
08
#75550000
b1000111101 E
1*
18
#75560000
0*
08
#75570000
b1000111110 E
1*
18
#75580000
0*
08
#75590000
b1000111111 E
1*
18
#75600000
0*
08
#75610000
b1001000000 E
1*
18
#75620000
0*
08
#75630000
b1001000001 E
1*
18
#75640000
0*
08
#75650000
b1001000010 E
1*
18
#75660000
0*
08
#75670000
b1001000011 E
1*
18
#75680000
0*
08
#75690000
b1001000100 E
1*
18
#75700000
0*
08
#75710000
b1001000101 E
1*
18
#75720000
0*
08
#75730000
b1001000110 E
1*
18
#75740000
0*
08
#75750000
b1001000111 E
1*
18
#75760000
0*
08
#75770000
b1001001000 E
1*
18
#75780000
0*
08
#75790000
b1001001001 E
1*
18
#75800000
0*
08
#75810000
b1001001010 E
1*
18
#75820000
0*
08
#75830000
b1001001011 E
1*
18
#75840000
0*
08
#75850000
b1001001100 E
1*
18
#75860000
0*
08
#75870000
b1001001101 E
1*
18
#75880000
0*
08
#75890000
b1001001110 E
1*
18
#75900000
0*
08
#75910000
b1001001111 E
1*
18
#75920000
0*
08
#75930000
b1001010000 E
1*
18
#75940000
0*
08
#75950000
b1001010001 E
1*
18
#75960000
0*
08
#75970000
b1001010010 E
1*
18
#75980000
0*
08
#75990000
b1001010011 E
1*
18
#76000000
0*
08
#76010000
b1001010100 E
1*
18
#76020000
0*
08
#76030000
b1001010101 E
1*
18
#76040000
0*
08
#76050000
b1001010110 E
1*
18
#76060000
0*
08
#76070000
b1001010111 E
1*
18
#76080000
0*
08
#76090000
b1001011000 E
1*
18
#76100000
0*
08
#76110000
b1001011001 E
1*
18
#76120000
0*
08
#76130000
b1001011010 E
1*
18
#76140000
0*
08
#76150000
b1001011011 E
1*
18
#76160000
0*
08
#76170000
b1001011100 E
1*
18
#76180000
0*
08
#76190000
b1001011101 E
1*
18
#76200000
0*
08
#76210000
b1001011110 E
1*
18
#76220000
0*
08
#76230000
b1001011111 E
1*
18
#76240000
0*
08
#76250000
b1001100000 E
1*
18
#76260000
0*
08
#76270000
b1001100001 E
1*
18
#76280000
0*
08
#76290000
b1001100010 E
1*
18
#76300000
0*
08
#76310000
b1001100011 E
1*
18
#76320000
0*
08
#76330000
b1001100100 E
1*
18
#76340000
0*
08
#76350000
b1001100101 E
1*
18
#76360000
0*
08
#76370000
b1001100110 E
1*
18
#76380000
0*
08
#76390000
b1001100111 E
1*
18
#76400000
0*
08
#76410000
b1001101000 E
1*
18
#76420000
0*
08
#76430000
b1001101001 E
1*
18
#76440000
0*
08
#76450000
b1001101010 E
1*
18
#76460000
0*
08
#76470000
b1001101011 E
1*
18
#76480000
0*
08
#76490000
b1001101100 E
1*
18
#76500000
0*
08
#76510000
b1001101101 E
1*
18
#76520000
0*
08
#76530000
b1001101110 E
1*
18
#76540000
0*
08
#76550000
b1001101111 E
1*
18
#76560000
0*
08
#76570000
b1001110000 E
1*
18
#76580000
0*
08
#76590000
b1001110001 E
1*
18
#76600000
0*
08
#76610000
b1001110010 E
1*
18
#76620000
0*
08
#76630000
b1001110011 E
1*
18
#76640000
0*
08
#76650000
b1001110100 E
1*
18
#76660000
0*
08
#76670000
b1001110101 E
1*
18
#76680000
0*
08
#76690000
b1001110110 E
1*
18
#76700000
0*
08
#76710000
b1001110111 E
1*
18
#76720000
0*
08
#76730000
b1001111000 E
1*
18
#76740000
0*
08
#76750000
b1001111001 E
1*
18
#76760000
0*
08
#76770000
b1001111010 E
1*
18
#76780000
0*
08
#76790000
b1001111011 E
1*
18
#76800000
0*
08
#76810000
b1001111100 E
1*
18
#76820000
0*
08
#76830000
b1001111101 E
1*
18
#76840000
0*
08
#76850000
b1001111110 E
1*
18
#76860000
0*
08
#76870000
b1001111111 E
1*
18
#76880000
0*
08
#76890000
b1010000000 E
1*
18
#76900000
0*
08
#76910000
b1010000001 E
1*
18
#76920000
0*
08
#76930000
b1010000010 E
1*
18
#76940000
0*
08
#76950000
b1010000011 E
1*
18
#76960000
0*
08
#76970000
b1010000100 E
1*
18
#76980000
0*
08
#76990000
b1010000101 E
1*
18
#77000000
0*
08
#77010000
b1010000110 E
1*
18
#77020000
0*
08
#77030000
b1010000111 E
1*
18
#77040000
0*
08
#77050000
b1010001000 E
1*
18
#77060000
0*
08
#77070000
b1010001001 E
1*
18
#77080000
0*
08
#77090000
b1010001010 E
1*
18
#77100000
0*
08
#77110000
b1010001011 E
1*
18
#77120000
0*
08
#77130000
b1010001100 E
1*
18
#77140000
0*
08
#77150000
b1010001101 E
1*
18
#77160000
0*
08
#77170000
b1010001110 E
1*
18
#77180000
0*
08
#77190000
b1010001111 E
1*
18
#77200000
0*
08
#77210000
b1010010000 E
1*
18
#77220000
0*
08
#77230000
b1010010001 E
1*
18
#77240000
0*
08
#77250000
b1010010010 E
1*
18
#77260000
0*
08
#77270000
b1010010011 E
1*
18
#77280000
0*
08
#77290000
b1010010100 E
1*
18
#77300000
0*
08
#77310000
b1010010101 E
1*
18
#77320000
0*
08
#77330000
b1010010110 E
1*
18
#77340000
0*
08
#77350000
b1010010111 E
1*
18
#77360000
0*
08
#77370000
b1010011000 E
1*
18
#77380000
0*
08
#77390000
b1010011001 E
1*
18
#77400000
0*
08
#77410000
b1010011010 E
1*
18
#77420000
0*
08
#77430000
b1010011011 E
1*
18
#77440000
0*
08
#77450000
b1010011100 E
1*
18
#77460000
0*
08
#77470000
b1010011101 E
1*
18
#77480000
0*
08
#77490000
b1010011110 E
1*
18
#77500000
0*
08
#77510000
b1010011111 E
1*
18
#77520000
0*
08
#77530000
b1010100000 E
1*
18
#77540000
0*
08
#77550000
b1010100001 E
1*
18
#77560000
0*
08
#77570000
b1010100010 E
1*
18
#77580000
0*
08
#77590000
b1010100011 E
1*
18
#77600000
0*
08
#77610000
b1010100100 E
1*
18
#77620000
0*
08
#77630000
b1010100101 E
1*
18
#77640000
0*
08
#77650000
b1010100110 E
1*
18
#77660000
0*
08
#77670000
b1010100111 E
1*
18
#77680000
0*
08
#77690000
b1010101000 E
1*
18
#77700000
0*
08
#77710000
b1010101001 E
1*
18
#77720000
0*
08
#77730000
b1010101010 E
1*
18
#77740000
0*
08
#77750000
b1010101011 E
1*
18
#77760000
0*
08
#77770000
b1010101100 E
1*
18
#77780000
0*
08
#77790000
b1010101101 E
1*
18
#77800000
0*
08
#77810000
b1010101110 E
1*
18
#77820000
0*
08
#77830000
b1010101111 E
1*
18
#77840000
0*
08
#77850000
b1010110000 E
1*
18
#77860000
0*
08
#77870000
b1010110001 E
1*
18
#77880000
0*
08
#77890000
b1010110010 E
1*
18
#77900000
0*
08
#77910000
b1010110011 E
1*
18
#77920000
0*
08
#77930000
b1010110100 E
1*
18
#77940000
0*
08
#77950000
b1010110101 E
1*
18
#77960000
0*
08
#77970000
b1010110110 E
1*
18
#77980000
0*
08
#77990000
b1010110111 E
1*
18
#78000000
0*
08
#78010000
b1010111000 E
1*
18
#78020000
0*
08
#78030000
b1010111001 E
1*
18
#78040000
0*
08
#78050000
b1010111010 E
1*
18
#78060000
0*
08
#78070000
b1010111011 E
1*
18
#78080000
0*
08
#78090000
b1010111100 E
1*
18
#78100000
0*
08
#78110000
b1010111101 E
1*
18
#78120000
0*
08
#78130000
b1010111110 E
1*
18
#78140000
0*
08
#78150000
b1010111111 E
1*
18
#78160000
0*
08
#78170000
b1011000000 E
1*
18
#78180000
0*
08
#78190000
b1011000001 E
1*
18
#78200000
0*
08
#78210000
b1011000010 E
1*
18
#78220000
0*
08
#78230000
b1011000011 E
1*
18
#78240000
0*
08
#78250000
b1011000100 E
1*
18
#78260000
0*
08
#78270000
b1011000101 E
1*
18
#78280000
0*
08
#78290000
b1011000110 E
1*
18
#78300000
0*
08
#78310000
b1011000111 E
1*
18
#78320000
0*
08
#78330000
b1011001000 E
1*
18
#78340000
0*
08
#78350000
b1011001001 E
1*
18
#78360000
0*
08
#78370000
b1011001010 E
1*
18
#78380000
0*
08
#78390000
b1011001011 E
1*
18
#78400000
0*
08
#78410000
b1011001100 E
1*
18
#78420000
0*
08
#78430000
b1011001101 E
1*
18
#78440000
0*
08
#78450000
b1011001110 E
1*
18
#78460000
0*
08
#78470000
b1011001111 E
1*
18
#78480000
0*
08
#78490000
b1011010000 E
1*
18
#78500000
0*
08
#78510000
b1011010001 E
1*
18
#78520000
0*
08
#78530000
b1011010010 E
1*
18
#78540000
0*
08
#78550000
b1011010011 E
1*
18
#78560000
0*
08
#78570000
b1011010100 E
1*
18
#78580000
0*
08
#78590000
b1011010101 E
1*
18
#78600000
0*
08
#78610000
b1011010110 E
1*
18
#78620000
0*
08
#78630000
b1011010111 E
1*
18
#78640000
0*
08
#78650000
b1011011000 E
1*
18
#78660000
0*
08
#78670000
b1011011001 E
1*
18
#78680000
0*
08
#78690000
b1011011010 E
1*
18
#78700000
0*
08
#78710000
b1011011011 E
1*
18
#78720000
0*
08
#78730000
b1011011100 E
1*
18
#78740000
0*
08
#78750000
b1011011101 E
1*
18
#78760000
0*
08
#78770000
b1011011110 E
1*
18
#78780000
0*
08
#78790000
b1011011111 E
1*
18
#78800000
0*
08
#78810000
b1011100000 E
1*
18
#78820000
0*
08
#78830000
b1011100001 E
1*
18
#78840000
0*
08
#78850000
b1011100010 E
1*
18
#78860000
0*
08
#78870000
b1011100011 E
1*
18
#78880000
0*
08
#78890000
b1011100100 E
1*
18
#78900000
0*
08
#78910000
b1011100101 E
1*
18
#78920000
0*
08
#78930000
b1011100110 E
1*
18
#78940000
0*
08
#78950000
b1011100111 E
1*
18
#78960000
0*
08
#78970000
b1011101000 E
1*
18
#78980000
0*
08
#78990000
b1011101001 E
1*
18
#79000000
0*
08
#79010000
b1011101010 E
1*
18
#79020000
0*
08
#79030000
b1011101011 E
1*
18
#79040000
0*
08
#79050000
b1011101100 E
1*
18
#79060000
0*
08
#79070000
b1011101101 E
1*
18
#79080000
0*
08
#79090000
b1011101110 E
1*
18
#79100000
0*
08
#79110000
b1011101111 E
1*
18
#79120000
0*
08
#79130000
b1011110000 E
1*
18
#79140000
0*
08
#79150000
b1011110001 E
1*
18
#79160000
0*
08
#79170000
b1011110010 E
1*
18
#79180000
0*
08
#79190000
b1011110011 E
1*
18
#79200000
0*
08
#79210000
b1011110100 E
1*
18
#79220000
0*
08
#79230000
b1011110101 E
1*
18
#79240000
0*
08
#79250000
b1011110110 E
1*
18
#79260000
0*
08
#79270000
b1011110111 E
1*
18
#79280000
0*
08
#79290000
b1011111000 E
1*
18
#79300000
0*
08
#79310000
b1011111001 E
1*
18
#79320000
0*
08
#79330000
b1011111010 E
1*
18
#79340000
0*
08
#79350000
b1011111011 E
1*
18
#79360000
0*
08
#79370000
b1011111100 E
1*
18
#79380000
0*
08
#79390000
b1011111101 E
1*
18
#79400000
0*
08
#79410000
b1011111110 E
1*
18
#79420000
0*
08
#79430000
b1011111111 E
1*
18
#79440000
0*
08
#79450000
b1100000000 E
1*
18
#79460000
0*
08
#79470000
b1100000001 E
1*
18
#79480000
0*
08
#79490000
b1100000010 E
1*
18
#79500000
0*
08
#79510000
b1100000011 E
1*
18
#79520000
0*
08
#79530000
b1100000100 E
1*
18
#79540000
0*
08
#79550000
b1100000101 E
1*
18
#79560000
0*
08
#79570000
b1100000110 E
1*
18
#79580000
0*
08
#79590000
b1100000111 E
1*
18
#79600000
0*
08
#79610000
b1100001000 E
1*
18
#79620000
0*
08
#79630000
b1100001001 E
1*
18
#79640000
0*
08
#79650000
b1100001010 E
1*
18
#79660000
0*
08
#79670000
b1100001011 E
1*
18
#79680000
0*
08
#79690000
b1100001100 E
1*
18
#79700000
0*
08
#79710000
b1100001101 E
1*
18
#79720000
0*
08
#79730000
b1100001110 E
1*
18
#79740000
0*
08
#79750000
b1100001111 E
1*
18
#79760000
0*
08
#79770000
b1100010000 E
1*
18
#79780000
0*
08
#79790000
b1100010001 E
1*
18
#79800000
0*
08
#79810000
b1100010010 E
1*
18
#79820000
0*
08
#79830000
b1100010011 E
1*
18
#79840000
0*
08
#79850000
b1100010100 E
1*
18
#79860000
0*
08
#79870000
b1100010101 E
1*
18
#79880000
0*
08
#79890000
b1100010110 E
1*
18
#79900000
0*
08
#79910000
b1100010111 E
1*
18
#79920000
0*
08
#79930000
b1100011000 E
1*
18
#79940000
0*
08
#79950000
b1100011001 E
1*
18
#79960000
0*
08
#79970000
b1100011010 E
1*
18
#79980000
0*
08
#79990000
b1100011011 E
1*
18
#80000000
0*
08
#80010000
b1100011100 E
1*
18
#80020000
0*
08
#80030000
b1100011101 E
1*
18
#80040000
0*
08
#80050000
b1100011110 E
1*
18
#80060000
0*
08
#80070000
b1100011111 E
1*
18
#80080000
0*
08
#80090000
0B
b0 E
b101 N
1*
18
#80100000
0*
08
#80110000
b1 E
0K
1*
18
#80120000
0*
08
#80130000
0G
0"
b10 E
1*
18
#80140000
0*
08
#80150000
b11 E
1*
18
#80160000
0*
08
#80170000
b100 E
1*
18
#80180000
0*
08
#80190000
b101 E
1*
18
#80200000
0*
08
#80210000
b110 E
1*
18
#80220000
0*
08
#80230000
b111 E
1*
18
#80240000
0*
08
#80250000
b1000 E
1*
18
#80260000
0*
08
#80270000
b1001 E
1*
18
#80280000
0*
08
#80290000
b1010 E
1*
18
#80300000
0*
08
#80310000
b1011 E
1*
18
#80320000
0*
08
#80330000
b1100 E
1*
18
#80340000
0*
08
#80350000
b1101 E
1*
18
#80360000
0*
08
#80370000
b1110 E
1*
18
#80380000
0*
08
#80390000
b1111 E
1*
18
#80400000
0*
08
#80410000
b10000 E
1*
18
#80420000
0*
08
#80430000
b10001 E
1*
18
#80440000
0*
08
#80450000
b10010 E
1*
18
#80460000
0*
08
#80470000
b10011 E
1*
18
#80480000
0*
08
#80490000
b10100 E
1*
18
#80500000
0*
08
#80510000
b10101 E
1*
18
#80520000
0*
08
#80530000
b10110 E
1*
18
#80540000
0*
08
#80550000
b10111 E
1*
18
#80560000
0*
08
#80570000
b11000 E
1*
18
#80580000
0*
08
#80590000
b11001 E
1*
18
#80600000
0*
08
#80610000
b11010 E
1*
18
#80620000
0*
08
#80630000
b11011 E
1*
18
#80640000
0*
08
#80650000
b11100 E
1*
18
#80660000
0*
08
#80670000
b11101 E
1*
18
#80680000
0*
08
#80690000
b11110 E
1*
18
#80700000
0*
08
#80710000
b11111 E
1*
18
#80720000
0*
08
#80730000
b100000 E
1*
18
#80740000
0*
08
#80750000
b100001 E
1*
18
#80760000
0*
08
#80770000
b100010 E
1*
18
#80780000
0*
08
#80790000
b100011 E
1*
18
#80800000
0*
08
#80810000
b100100 E
1*
18
#80820000
0*
08
#80830000
b100101 E
1*
18
#80840000
0*
08
#80850000
b100110 E
1*
18
#80860000
0*
08
#80870000
b100111 E
1*
18
#80880000
0*
08
#80890000
b101000 E
1*
18
#80900000
0*
08
#80910000
b101001 E
1*
18
#80920000
0*
08
#80930000
b101010 E
1*
18
#80940000
0*
08
#80950000
b101011 E
1*
18
#80960000
0*
08
#80970000
b101100 E
1*
18
#80980000
0*
08
#80990000
b101101 E
1*
18
#81000000
0*
08
#81010000
b101110 E
1*
18
#81020000
0*
08
#81030000
b101111 E
1*
18
#81040000
0*
08
#81050000
b110000 E
1*
18
#81060000
0*
08
#81070000
b110001 E
1*
18
#81080000
0*
08
#81090000
b110010 E
1*
18
#81100000
0*
08
#81110000
b110011 E
1*
18
#81120000
0*
08
#81130000
b110100 E
1*
18
#81140000
0*
08
#81150000
b110101 E
1*
18
#81160000
0*
08
#81170000
b110110 E
1*
18
#81180000
0*
08
#81190000
b110111 E
1*
18
#81200000
0*
08
#81210000
b111000 E
1*
18
#81220000
0*
08
#81230000
b111001 E
1*
18
#81240000
0*
08
#81250000
b111010 E
1*
18
#81260000
0*
08
#81270000
b111011 E
1*
18
#81280000
0*
08
#81290000
b111100 E
1*
18
#81300000
0*
08
#81310000
b111101 E
1*
18
#81320000
0*
08
#81330000
b111110 E
1*
18
#81340000
0*
08
#81350000
b111111 E
1*
18
#81360000
0*
08
#81370000
b1000000 E
1*
18
#81380000
0*
08
#81390000
b1000001 E
1*
18
#81400000
0*
08
#81410000
b1000010 E
1*
18
#81420000
0*
08
#81430000
b1000011 E
1*
18
#81440000
0*
08
#81450000
b1000100 E
1*
18
#81460000
0*
08
#81470000
b1000101 E
1*
18
#81480000
0*
08
#81490000
b1000110 E
1*
18
#81500000
0*
08
#81510000
b1000111 E
1*
18
#81520000
0*
08
#81530000
b1001000 E
1*
18
#81540000
0*
08
#81550000
b1001001 E
1*
18
#81560000
0*
08
#81570000
b1001010 E
1*
18
#81580000
0*
08
#81590000
b1001011 E
1*
18
#81600000
0*
08
#81610000
b1001100 E
1*
18
#81620000
0*
08
#81630000
b1001101 E
1*
18
#81640000
0*
08
#81650000
b1001110 E
1*
18
#81660000
0*
08
#81670000
b1001111 E
1*
18
#81680000
0*
08
#81690000
b1010000 E
1*
18
#81700000
0*
08
#81710000
b1010001 E
1*
18
#81720000
0*
08
#81730000
b1010010 E
1*
18
#81740000
0*
08
#81750000
b1010011 E
1*
18
#81760000
0*
08
#81770000
b1010100 E
1*
18
#81780000
0*
08
#81790000
b1010101 E
1*
18
#81800000
0*
08
#81810000
b1010110 E
1*
18
#81820000
0*
08
#81830000
b1010111 E
1*
18
#81840000
0*
08
#81850000
b1011000 E
1*
18
#81860000
0*
08
#81870000
b1011001 E
1*
18
#81880000
0*
08
#81890000
b1011010 E
1*
18
#81900000
0*
08
#81910000
b1011011 E
1*
18
#81920000
0*
08
#81930000
b1011100 E
1*
18
#81940000
0*
08
#81950000
b1011101 E
1*
18
#81960000
0*
08
#81970000
b1011110 E
1*
18
#81980000
0*
08
#81990000
b1011111 E
1*
18
#82000000
0*
08
#82010000
1B
b1100000 E
1*
18
#82020000
0*
08
#82030000
b1100001 E
1K
1*
18
#82040000
0*
08
#82050000
1G
1"
b1100010 E
1*
18
#82060000
0*
08
#82070000
b1100011 E
1*
18
#82080000
0*
08
#82090000
b1100100 E
1*
18
#82100000
0*
08
#82110000
b1100101 E
1*
18
#82120000
0*
08
#82130000
b1100110 E
1*
18
#82140000
0*
08
#82150000
b1100111 E
1*
18
#82160000
0*
08
#82170000
b1101000 E
1*
18
#82180000
0*
08
#82190000
b1101001 E
1*
18
#82200000
0*
08
#82210000
b1101010 E
1*
18
#82220000
0*
08
#82230000
b1101011 E
1*
18
#82240000
0*
08
#82250000
b1101100 E
1*
18
#82260000
0*
08
#82270000
b1101101 E
1*
18
#82280000
0*
08
#82290000
b1101110 E
1*
18
#82300000
0*
08
#82310000
b1101111 E
1*
18
#82320000
0*
08
#82330000
b1110000 E
1*
18
#82340000
0*
08
#82350000
b1110001 E
1*
18
#82360000
0*
08
#82370000
b1110010 E
1*
18
#82380000
0*
08
#82390000
b1110011 E
1*
18
#82400000
0*
08
#82410000
b1110100 E
1*
18
#82420000
0*
08
#82430000
b1110101 E
1*
18
#82440000
0*
08
#82450000
b1110110 E
1*
18
#82460000
0*
08
#82470000
b1110111 E
1*
18
#82480000
0*
08
#82490000
b1111000 E
1*
18
#82500000
0*
08
#82510000
b1111001 E
1*
18
#82520000
0*
08
#82530000
b1111010 E
1*
18
#82540000
0*
08
#82550000
b1111011 E
1*
18
#82560000
0*
08
#82570000
b1111100 E
1*
18
#82580000
0*
08
#82590000
b1111101 E
1*
18
#82600000
0*
08
#82610000
b1111110 E
1*
18
#82620000
0*
08
#82630000
b1111111 E
1*
18
#82640000
0*
08
#82650000
b10000000 E
1*
18
#82660000
0*
08
#82670000
b10000001 E
1*
18
#82680000
0*
08
#82690000
b10000010 E
1*
18
#82700000
0*
08
#82710000
b10000011 E
1*
18
#82720000
0*
08
#82730000
b10000100 E
1*
18
#82740000
0*
08
#82750000
b10000101 E
1*
18
#82760000
0*
08
#82770000
b10000110 E
1*
18
#82780000
0*
08
#82790000
b10000111 E
1*
18
#82800000
0*
08
#82810000
b10001000 E
1*
18
#82820000
0*
08
#82830000
b10001001 E
1*
18
#82840000
0*
08
#82850000
b10001010 E
1*
18
#82860000
0*
08
#82870000
b10001011 E
1*
18
#82880000
0*
08
#82890000
b10001100 E
1*
18
#82900000
0*
08
#82910000
b10001101 E
1*
18
#82920000
0*
08
#82930000
b10001110 E
1*
18
#82940000
0*
08
#82950000
b10001111 E
1*
18
#82960000
0*
08
#82970000
b10010000 E
1*
18
#82980000
0*
08
#82990000
b10010001 E
1*
18
#83000000
0*
08
#83010000
b10010010 E
1*
18
#83020000
0*
08
#83030000
b10010011 E
1*
18
#83040000
0*
08
#83050000
b10010100 E
1*
18
#83060000
0*
08
#83070000
b10010101 E
1*
18
#83080000
0*
08
#83090000
b10010110 E
1*
18
#83100000
0*
08
#83110000
b10010111 E
1*
18
#83120000
0*
08
#83130000
b10011000 E
1*
18
#83140000
0*
08
#83150000
b10011001 E
1*
18
#83160000
0*
08
#83170000
b10011010 E
1*
18
#83180000
0*
08
#83190000
b10011011 E
1*
18
#83200000
0*
08
#83210000
b10011100 E
1*
18
#83220000
0*
08
#83230000
b10011101 E
1*
18
#83240000
0*
08
#83250000
b10011110 E
1*
18
#83260000
0*
08
#83270000
b10011111 E
1*
18
#83280000
0*
08
#83290000
b10100000 E
1*
18
#83300000
0*
08
#83310000
b10100001 E
1*
18
#83320000
0*
08
#83330000
b10100010 E
1*
18
#83340000
0*
08
#83350000
b10100011 E
1*
18
#83360000
0*
08
#83370000
b10100100 E
1*
18
#83380000
0*
08
#83390000
b10100101 E
1*
18
#83400000
0*
08
#83410000
b10100110 E
1*
18
#83420000
0*
08
#83430000
b10100111 E
1*
18
#83440000
0*
08
#83450000
b10101000 E
1*
18
#83460000
0*
08
#83470000
b10101001 E
1*
18
#83480000
0*
08
#83490000
b10101010 E
1*
18
#83500000
0*
08
#83510000
b10101011 E
1*
18
#83520000
0*
08
#83530000
b10101100 E
1*
18
#83540000
0*
08
#83550000
b10101101 E
1*
18
#83560000
0*
08
#83570000
b10101110 E
1*
18
#83580000
0*
08
#83590000
b10101111 E
1*
18
#83600000
0*
08
#83610000
b10110000 E
1*
18
#83620000
0*
08
#83630000
b10110001 E
1*
18
#83640000
0*
08
#83650000
b10110010 E
1*
18
#83660000
0*
08
#83670000
b10110011 E
1*
18
#83680000
0*
08
#83690000
b10110100 E
1*
18
#83700000
0*
08
#83710000
b10110101 E
1*
18
#83720000
0*
08
#83730000
b10110110 E
1*
18
#83740000
0*
08
#83750000
b10110111 E
1*
18
#83760000
0*
08
#83770000
b10111000 E
1*
18
#83780000
0*
08
#83790000
b10111001 E
1*
18
#83800000
0*
08
#83810000
b10111010 E
1*
18
#83820000
0*
08
#83830000
b10111011 E
1*
18
#83840000
0*
08
#83850000
b10111100 E
1*
18
#83860000
0*
08
#83870000
b10111101 E
1*
18
#83880000
0*
08
#83890000
b10111110 E
1*
18
#83900000
0*
08
#83910000
b10111111 E
1*
18
#83920000
0*
08
#83930000
b11000000 E
1*
18
#83940000
0*
08
#83950000
b11000001 E
1*
18
#83960000
0*
08
#83970000
b11000010 E
1*
18
#83980000
0*
08
#83990000
b11000011 E
1*
18
#84000000
0*
08
#84010000
b11000100 E
1*
18
#84020000
0*
08
#84030000
b11000101 E
1*
18
#84040000
0*
08
#84050000
b11000110 E
1*
18
#84060000
0*
08
#84070000
b11000111 E
1*
18
#84080000
0*
08
#84090000
b11001000 E
1*
18
#84100000
0*
08
#84110000
b11001001 E
1*
18
#84120000
0*
08
#84130000
b11001010 E
1*
18
#84140000
0*
08
#84150000
b11001011 E
1*
18
#84160000
0*
08
#84170000
b11001100 E
1*
18
#84180000
0*
08
#84190000
b11001101 E
1*
18
#84200000
0*
08
#84210000
b11001110 E
1*
18
#84220000
0*
08
#84230000
b11001111 E
1*
18
#84240000
0*
08
#84250000
b11010000 E
1*
18
#84260000
0*
08
#84270000
b11010001 E
1*
18
#84280000
0*
08
#84290000
b11010010 E
1*
18
#84300000
0*
08
#84310000
b11010011 E
1*
18
#84320000
0*
08
#84330000
b11010100 E
1*
18
#84340000
0*
08
#84350000
b11010101 E
1*
18
#84360000
0*
08
#84370000
b11010110 E
1*
18
#84380000
0*
08
#84390000
b11010111 E
1*
18
#84400000
0*
08
#84410000
b11011000 E
1*
18
#84420000
0*
08
#84430000
b11011001 E
1*
18
#84440000
0*
08
#84450000
b11011010 E
1*
18
#84460000
0*
08
#84470000
b11011011 E
1*
18
#84480000
0*
08
#84490000
b11011100 E
1*
18
#84500000
0*
08
#84510000
b11011101 E
1*
18
#84520000
0*
08
#84530000
b11011110 E
1*
18
#84540000
0*
08
#84550000
b11011111 E
1*
18
#84560000
0*
08
#84570000
b11100000 E
1*
18
#84580000
0*
08
#84590000
b11100001 E
1*
18
#84600000
0*
08
#84610000
b11100010 E
1*
18
#84620000
0*
08
#84630000
b11100011 E
1*
18
#84640000
0*
08
#84650000
b11100100 E
1*
18
#84660000
0*
08
#84670000
b11100101 E
1*
18
#84680000
0*
08
#84690000
b11100110 E
1*
18
#84700000
0*
08
#84710000
b11100111 E
1*
18
#84720000
0*
08
#84730000
b11101000 E
1*
18
#84740000
0*
08
#84750000
b11101001 E
1*
18
#84760000
0*
08
#84770000
b11101010 E
1*
18
#84780000
0*
08
#84790000
b11101011 E
1*
18
#84800000
0*
08
#84810000
b11101100 E
1*
18
#84820000
0*
08
#84830000
b11101101 E
1*
18
#84840000
0*
08
#84850000
b11101110 E
1*
18
#84860000
0*
08
#84870000
b11101111 E
1*
18
#84880000
0*
08
#84890000
b11110000 E
1*
18
#84900000
0*
08
#84910000
b11110001 E
1*
18
#84920000
0*
08
#84930000
b11110010 E
1*
18
#84940000
0*
08
#84950000
b11110011 E
1*
18
#84960000
0*
08
#84970000
b11110100 E
1*
18
#84980000
0*
08
#84990000
b11110101 E
1*
18
#85000000
0*
08
#85010000
b11110110 E
1*
18
#85020000
0*
08
#85030000
b11110111 E
1*
18
#85040000
0*
08
#85050000
b11111000 E
1*
18
#85060000
0*
08
#85070000
b11111001 E
1*
18
#85080000
0*
08
#85090000
b11111010 E
1*
18
#85100000
0*
08
#85110000
b11111011 E
1*
18
#85120000
0*
08
#85130000
b11111100 E
1*
18
#85140000
0*
08
#85150000
b11111101 E
1*
18
#85160000
0*
08
#85170000
b11111110 E
1*
18
#85180000
0*
08
#85190000
b11111111 E
1*
18
#85200000
0*
08
#85210000
b100000000 E
1*
18
#85220000
0*
08
#85230000
b100000001 E
1*
18
#85240000
0*
08
#85250000
b100000010 E
1*
18
#85260000
0*
08
#85270000
b100000011 E
1*
18
#85280000
0*
08
#85290000
b100000100 E
1*
18
#85300000
0*
08
#85310000
b100000101 E
1*
18
#85320000
0*
08
#85330000
b100000110 E
1*
18
#85340000
0*
08
#85350000
b100000111 E
1*
18
#85360000
0*
08
#85370000
b100001000 E
1*
18
#85380000
0*
08
#85390000
b100001001 E
1*
18
#85400000
0*
08
#85410000
b100001010 E
1*
18
#85420000
0*
08
#85430000
b100001011 E
1*
18
#85440000
0*
08
#85450000
b100001100 E
1*
18
#85460000
0*
08
#85470000
b100001101 E
1*
18
#85480000
0*
08
#85490000
b100001110 E
1*
18
#85500000
0*
08
#85510000
b100001111 E
1*
18
#85520000
0*
08
#85530000
b100010000 E
1*
18
#85540000
0*
08
#85550000
b100010001 E
1*
18
#85560000
0*
08
#85570000
b100010010 E
1*
18
#85580000
0*
08
#85590000
b100010011 E
1*
18
#85600000
0*
08
#85610000
b100010100 E
1*
18
#85620000
0*
08
#85630000
b100010101 E
1*
18
#85640000
0*
08
#85650000
b100010110 E
1*
18
#85660000
0*
08
#85670000
b100010111 E
1*
18
#85680000
0*
08
#85690000
b100011000 E
1*
18
#85700000
0*
08
#85710000
b100011001 E
1*
18
#85720000
0*
08
#85730000
b100011010 E
1*
18
#85740000
0*
08
#85750000
b100011011 E
1*
18
#85760000
0*
08
#85770000
b100011100 E
1*
18
#85780000
0*
08
#85790000
b100011101 E
1*
18
#85800000
0*
08
#85810000
b100011110 E
1*
18
#85820000
0*
08
#85830000
b100011111 E
1*
18
#85840000
0*
08
#85850000
b100100000 E
1*
18
#85860000
0*
08
#85870000
b100100001 E
1*
18
#85880000
0*
08
#85890000
b100100010 E
1*
18
#85900000
0*
08
#85910000
b100100011 E
1*
18
#85920000
0*
08
#85930000
b100100100 E
1*
18
#85940000
0*
08
#85950000
b100100101 E
1*
18
#85960000
0*
08
#85970000
b100100110 E
1*
18
#85980000
0*
08
#85990000
b100100111 E
1*
18
#86000000
0*
08
#86010000
b100101000 E
1*
18
#86020000
0*
08
#86030000
b100101001 E
1*
18
#86040000
0*
08
#86050000
b100101010 E
1*
18
#86060000
0*
08
#86070000
b100101011 E
1*
18
#86080000
0*
08
#86090000
b100101100 E
1*
18
#86100000
0*
08
#86110000
b100101101 E
1*
18
#86120000
0*
08
#86130000
b100101110 E
1*
18
#86140000
0*
08
#86150000
b100101111 E
1*
18
#86160000
0*
08
#86170000
b100110000 E
1*
18
#86180000
0*
08
#86190000
b100110001 E
1*
18
#86200000
0*
08
#86210000
b100110010 E
1*
18
#86220000
0*
08
#86230000
b100110011 E
1*
18
#86240000
0*
08
#86250000
b100110100 E
1*
18
#86260000
0*
08
#86270000
b100110101 E
1*
18
#86280000
0*
08
#86290000
b100110110 E
1*
18
#86300000
0*
08
#86310000
b100110111 E
1*
18
#86320000
0*
08
#86330000
b100111000 E
1*
18
#86340000
0*
08
#86350000
b100111001 E
1*
18
#86360000
0*
08
#86370000
b100111010 E
1*
18
#86380000
0*
08
#86390000
b100111011 E
1*
18
#86400000
0*
08
#86410000
b100111100 E
1*
18
#86420000
0*
08
#86430000
b100111101 E
1*
18
#86440000
0*
08
#86450000
b100111110 E
1*
18
#86460000
0*
08
#86470000
b100111111 E
1*
18
#86480000
0*
08
#86490000
b101000000 E
1*
18
#86500000
0*
08
#86510000
b101000001 E
1*
18
#86520000
0*
08
#86530000
b101000010 E
1*
18
#86540000
0*
08
#86550000
b101000011 E
1*
18
#86560000
0*
08
#86570000
b101000100 E
1*
18
#86580000
0*
08
#86590000
b101000101 E
1*
18
#86600000
0*
08
#86610000
b101000110 E
1*
18
#86620000
0*
08
#86630000
b101000111 E
1*
18
#86640000
0*
08
#86650000
b101001000 E
1*
18
#86660000
0*
08
#86670000
b101001001 E
1*
18
#86680000
0*
08
#86690000
b101001010 E
1*
18
#86700000
0*
08
#86710000
b101001011 E
1*
18
#86720000
0*
08
#86730000
b101001100 E
1*
18
#86740000
0*
08
#86750000
b101001101 E
1*
18
#86760000
0*
08
#86770000
b101001110 E
1*
18
#86780000
0*
08
#86790000
b101001111 E
1*
18
#86800000
0*
08
#86810000
b101010000 E
1*
18
#86820000
0*
08
#86830000
b101010001 E
1*
18
#86840000
0*
08
#86850000
b101010010 E
1*
18
#86860000
0*
08
#86870000
b101010011 E
1*
18
#86880000
0*
08
#86890000
b101010100 E
1*
18
#86900000
0*
08
#86910000
b101010101 E
1*
18
#86920000
0*
08
#86930000
b101010110 E
1*
18
#86940000
0*
08
#86950000
b101010111 E
1*
18
#86960000
0*
08
#86970000
b101011000 E
1*
18
#86980000
0*
08
#86990000
b101011001 E
1*
18
#87000000
0*
08
#87010000
b101011010 E
1*
18
#87020000
0*
08
#87030000
b101011011 E
1*
18
#87040000
0*
08
#87050000
b101011100 E
1*
18
#87060000
0*
08
#87070000
b101011101 E
1*
18
#87080000
0*
08
#87090000
b101011110 E
1*
18
#87100000
0*
08
#87110000
b101011111 E
1*
18
#87120000
0*
08
#87130000
b101100000 E
1*
18
#87140000
0*
08
#87150000
b101100001 E
1*
18
#87160000
0*
08
#87170000
b101100010 E
1*
18
#87180000
0*
08
#87190000
b101100011 E
1*
18
#87200000
0*
08
#87210000
b101100100 E
1*
18
#87220000
0*
08
#87230000
b101100101 E
1*
18
#87240000
0*
08
#87250000
b101100110 E
1*
18
#87260000
0*
08
#87270000
b101100111 E
1*
18
#87280000
0*
08
#87290000
b101101000 E
1*
18
#87300000
0*
08
#87310000
b101101001 E
1*
18
#87320000
0*
08
#87330000
b101101010 E
1*
18
#87340000
0*
08
#87350000
b101101011 E
1*
18
#87360000
0*
08
#87370000
b101101100 E
1*
18
#87380000
0*
08
#87390000
b101101101 E
1*
18
#87400000
0*
08
#87410000
b101101110 E
1*
18
#87420000
0*
08
#87430000
b101101111 E
1*
18
#87440000
0*
08
#87450000
b101110000 E
1*
18
#87460000
0*
08
#87470000
b101110001 E
1*
18
#87480000
0*
08
#87490000
b101110010 E
1*
18
#87500000
0*
08
#87510000
b101110011 E
1*
18
#87520000
0*
08
#87530000
b101110100 E
1*
18
#87540000
0*
08
#87550000
b101110101 E
1*
18
#87560000
0*
08
#87570000
b101110110 E
1*
18
#87580000
0*
08
#87590000
b101110111 E
1*
18
#87600000
0*
08
#87610000
b101111000 E
1*
18
#87620000
0*
08
#87630000
b101111001 E
1*
18
#87640000
0*
08
#87650000
b101111010 E
1*
18
#87660000
0*
08
#87670000
b101111011 E
1*
18
#87680000
0*
08
#87690000
b101111100 E
1*
18
#87700000
0*
08
#87710000
b101111101 E
1*
18
#87720000
0*
08
#87730000
b101111110 E
1*
18
#87740000
0*
08
#87750000
b101111111 E
1*
18
#87760000
0*
08
#87770000
b110000000 E
1*
18
#87780000
0*
08
#87790000
b110000001 E
1*
18
#87800000
0*
08
#87810000
b110000010 E
1*
18
#87820000
0*
08
#87830000
b110000011 E
1*
18
#87840000
0*
08
#87850000
b110000100 E
1*
18
#87860000
0*
08
#87870000
b110000101 E
1*
18
#87880000
0*
08
#87890000
b110000110 E
1*
18
#87900000
0*
08
#87910000
b110000111 E
1*
18
#87920000
0*
08
#87930000
b110001000 E
1*
18
#87940000
0*
08
#87950000
b110001001 E
1*
18
#87960000
0*
08
#87970000
b110001010 E
1*
18
#87980000
0*
08
#87990000
b110001011 E
1*
18
#88000000
0*
08
#88010000
b110001100 E
1*
18
#88020000
0*
08
#88030000
b110001101 E
1*
18
#88040000
0*
08
#88050000
b110001110 E
1*
18
#88060000
0*
08
#88070000
b110001111 E
1*
18
#88080000
0*
08
#88090000
b110010000 E
1*
18
#88100000
0*
08
#88110000
b110010001 E
1*
18
#88120000
0*
08
#88130000
b110010010 E
1*
18
#88140000
0*
08
#88150000
b110010011 E
1*
18
#88160000
0*
08
#88170000
b110010100 E
1*
18
#88180000
0*
08
#88190000
b110010101 E
1*
18
#88200000
0*
08
#88210000
b110010110 E
1*
18
#88220000
0*
08
#88230000
b110010111 E
1*
18
#88240000
0*
08
#88250000
b110011000 E
1*
18
#88260000
0*
08
#88270000
b110011001 E
1*
18
#88280000
0*
08
#88290000
b110011010 E
1*
18
#88300000
0*
08
#88310000
b110011011 E
1*
18
#88320000
0*
08
#88330000
b110011100 E
1*
18
#88340000
0*
08
#88350000
b110011101 E
1*
18
#88360000
0*
08
#88370000
b110011110 E
1*
18
#88380000
0*
08
#88390000
b110011111 E
1*
18
#88400000
0*
08
#88410000
b110100000 E
1*
18
#88420000
0*
08
#88430000
b110100001 E
1*
18
#88440000
0*
08
#88450000
b110100010 E
1*
18
#88460000
0*
08
#88470000
b110100011 E
1*
18
#88480000
0*
08
#88490000
b110100100 E
1*
18
#88500000
0*
08
#88510000
b110100101 E
1*
18
#88520000
0*
08
#88530000
b110100110 E
1*
18
#88540000
0*
08
#88550000
b110100111 E
1*
18
#88560000
0*
08
#88570000
b110101000 E
1*
18
#88580000
0*
08
#88590000
b110101001 E
1*
18
#88600000
0*
08
#88610000
b110101010 E
1*
18
#88620000
0*
08
#88630000
b110101011 E
1*
18
#88640000
0*
08
#88650000
b110101100 E
1*
18
#88660000
0*
08
#88670000
b110101101 E
1*
18
#88680000
0*
08
#88690000
b110101110 E
1*
18
#88700000
0*
08
#88710000
b110101111 E
1*
18
#88720000
0*
08
#88730000
b110110000 E
1*
18
#88740000
0*
08
#88750000
b110110001 E
1*
18
#88760000
0*
08
#88770000
b110110010 E
1*
18
#88780000
0*
08
#88790000
b110110011 E
1*
18
#88800000
0*
08
#88810000
b110110100 E
1*
18
#88820000
0*
08
#88830000
b110110101 E
1*
18
#88840000
0*
08
#88850000
b110110110 E
1*
18
#88860000
0*
08
#88870000
b110110111 E
1*
18
#88880000
0*
08
#88890000
b110111000 E
1*
18
#88900000
0*
08
#88910000
b110111001 E
1*
18
#88920000
0*
08
#88930000
b110111010 E
1*
18
#88940000
0*
08
#88950000
b110111011 E
1*
18
#88960000
0*
08
#88970000
b110111100 E
1*
18
#88980000
0*
08
#88990000
b110111101 E
1*
18
#89000000
0*
08
#89010000
b110111110 E
1*
18
#89020000
0*
08
#89030000
b110111111 E
1*
18
#89040000
0*
08
#89050000
b111000000 E
1*
18
#89060000
0*
08
#89070000
b111000001 E
1*
18
#89080000
0*
08
#89090000
b111000010 E
1*
18
#89100000
0*
08
#89110000
b111000011 E
1*
18
#89120000
0*
08
#89130000
b111000100 E
1*
18
#89140000
0*
08
#89150000
b111000101 E
1*
18
#89160000
0*
08
#89170000
b111000110 E
1*
18
#89180000
0*
08
#89190000
b111000111 E
1*
18
#89200000
0*
08
#89210000
b111001000 E
1*
18
#89220000
0*
08
#89230000
b111001001 E
1*
18
#89240000
0*
08
#89250000
b111001010 E
1*
18
#89260000
0*
08
#89270000
b111001011 E
1*
18
#89280000
0*
08
#89290000
b111001100 E
1*
18
#89300000
0*
08
#89310000
b111001101 E
1*
18
#89320000
0*
08
#89330000
b111001110 E
1*
18
#89340000
0*
08
#89350000
b111001111 E
1*
18
#89360000
0*
08
#89370000
b111010000 E
1*
18
#89380000
0*
08
#89390000
b111010001 E
1*
18
#89400000
0*
08
#89410000
b111010010 E
1*
18
#89420000
0*
08
#89430000
b111010011 E
1*
18
#89440000
0*
08
#89450000
b111010100 E
1*
18
#89460000
0*
08
#89470000
b111010101 E
1*
18
#89480000
0*
08
#89490000
b111010110 E
1*
18
#89500000
0*
08
#89510000
b111010111 E
1*
18
#89520000
0*
08
#89530000
b111011000 E
1*
18
#89540000
0*
08
#89550000
b111011001 E
1*
18
#89560000
0*
08
#89570000
b111011010 E
1*
18
#89580000
0*
08
#89590000
b111011011 E
1*
18
#89600000
0*
08
#89610000
b111011100 E
1*
18
#89620000
0*
08
#89630000
b111011101 E
1*
18
#89640000
0*
08
#89650000
b111011110 E
1*
18
#89660000
0*
08
#89670000
b111011111 E
1*
18
#89680000
0*
08
#89690000
b111100000 E
1*
18
#89700000
0*
08
#89710000
b111100001 E
1*
18
#89720000
0*
08
#89730000
b111100010 E
1*
18
#89740000
0*
08
#89750000
b111100011 E
1*
18
#89760000
0*
08
#89770000
b111100100 E
1*
18
#89780000
0*
08
#89790000
b111100101 E
1*
18
#89800000
0*
08
#89810000
b111100110 E
1*
18
#89820000
0*
08
#89830000
b111100111 E
1*
18
#89840000
0*
08
#89850000
b111101000 E
1*
18
#89860000
0*
08
#89870000
b111101001 E
1*
18
#89880000
0*
08
#89890000
b111101010 E
1*
18
#89900000
0*
08
#89910000
b111101011 E
1*
18
#89920000
0*
08
#89930000
b111101100 E
1*
18
#89940000
0*
08
#89950000
b111101101 E
1*
18
#89960000
0*
08
#89970000
b111101110 E
1*
18
#89980000
0*
08
#89990000
b111101111 E
1*
18
#90000000
0*
08
#90010000
b111110000 E
1*
18
#90020000
0*
08
#90030000
b111110001 E
1*
18
#90040000
0*
08
#90050000
b111110010 E
1*
18
#90060000
0*
08
#90070000
b111110011 E
1*
18
#90080000
0*
08
#90090000
b111110100 E
1*
18
#90100000
0*
08
#90110000
b111110101 E
1*
18
#90120000
0*
08
#90130000
b111110110 E
1*
18
#90140000
0*
08
#90150000
b111110111 E
1*
18
#90160000
0*
08
#90170000
b111111000 E
1*
18
#90180000
0*
08
#90190000
b111111001 E
1*
18
#90200000
0*
08
#90210000
b111111010 E
1*
18
#90220000
0*
08
#90230000
b111111011 E
1*
18
#90240000
0*
08
#90250000
b111111100 E
1*
18
#90260000
0*
08
#90270000
b111111101 E
1*
18
#90280000
0*
08
#90290000
b111111110 E
1*
18
#90300000
0*
08
#90310000
b111111111 E
1*
18
#90320000
0*
08
#90330000
b1000000000 E
1*
18
#90340000
0*
08
#90350000
b1000000001 E
1*
18
#90360000
0*
08
#90370000
b1000000010 E
1*
18
#90380000
0*
08
#90390000
b1000000011 E
1*
18
#90400000
0*
08
#90410000
b1000000100 E
1*
18
#90420000
0*
08
#90430000
b1000000101 E
1*
18
#90440000
0*
08
#90450000
b1000000110 E
1*
18
#90460000
0*
08
#90470000
b1000000111 E
1*
18
#90480000
0*
08
#90490000
b1000001000 E
1*
18
#90500000
0*
08
#90510000
b1000001001 E
1*
18
#90520000
0*
08
#90530000
b1000001010 E
1*
18
#90540000
0*
08
#90550000
b1000001011 E
1*
18
#90560000
0*
08
#90570000
b1000001100 E
1*
18
#90580000
0*
08
#90590000
b1000001101 E
1*
18
#90600000
0*
08
#90610000
b1000001110 E
1*
18
#90620000
0*
08
#90630000
b1000001111 E
1*
18
#90640000
0*
08
#90650000
b1000010000 E
1*
18
#90660000
0*
08
#90670000
b1000010001 E
1*
18
#90680000
0*
08
#90690000
b1000010010 E
1*
18
#90700000
0*
08
#90710000
b1000010011 E
1*
18
#90720000
0*
08
#90730000
b1000010100 E
1*
18
#90740000
0*
08
#90750000
b1000010101 E
1*
18
#90760000
0*
08
#90770000
b1000010110 E
1*
18
#90780000
0*
08
#90790000
b1000010111 E
1*
18
#90800000
0*
08
#90810000
b1000011000 E
1*
18
#90820000
0*
08
#90830000
b1000011001 E
1*
18
#90840000
0*
08
#90850000
b1000011010 E
1*
18
#90860000
0*
08
#90870000
b1000011011 E
1*
18
#90880000
0*
08
#90890000
b1000011100 E
1*
18
#90900000
0*
08
#90910000
b1000011101 E
1*
18
#90920000
0*
08
#90930000
b1000011110 E
1*
18
#90940000
0*
08
#90950000
b1000011111 E
1*
18
#90960000
0*
08
#90970000
b1000100000 E
1*
18
#90980000
0*
08
#90990000
b1000100001 E
1*
18
#91000000
0*
08
#91010000
b1000100010 E
1*
18
#91020000
0*
08
#91030000
b1000100011 E
1*
18
#91040000
0*
08
#91050000
b1000100100 E
1*
18
#91060000
0*
08
#91070000
b1000100101 E
1*
18
#91080000
0*
08
#91090000
b1000100110 E
1*
18
#91100000
0*
08
#91110000
b1000100111 E
1*
18
#91120000
0*
08
#91130000
b1000101000 E
1*
18
#91140000
0*
08
#91150000
b1000101001 E
1*
18
#91160000
0*
08
#91170000
b1000101010 E
1*
18
#91180000
0*
08
#91190000
b1000101011 E
1*
18
#91200000
0*
08
#91210000
b1000101100 E
1*
18
#91220000
0*
08
#91230000
b1000101101 E
1*
18
#91240000
0*
08
#91250000
b1000101110 E
1*
18
#91260000
0*
08
#91270000
b1000101111 E
1*
18
#91280000
0*
08
#91290000
b1000110000 E
1*
18
#91300000
0*
08
#91310000
b1000110001 E
1*
18
#91320000
0*
08
#91330000
b1000110010 E
1*
18
#91340000
0*
08
#91350000
b1000110011 E
1*
18
#91360000
0*
08
#91370000
b1000110100 E
1*
18
#91380000
0*
08
#91390000
b1000110101 E
1*
18
#91400000
0*
08
#91410000
b1000110110 E
1*
18
#91420000
0*
08
#91430000
b1000110111 E
1*
18
#91440000
0*
08
#91450000
b1000111000 E
1*
18
#91460000
0*
08
#91470000
b1000111001 E
1*
18
#91480000
0*
08
#91490000
b1000111010 E
1*
18
#91500000
0*
08
#91510000
b1000111011 E
1*
18
#91520000
0*
08
#91530000
b1000111100 E
1*
18
#91540000
0*
08
#91550000
b1000111101 E
1*
18
#91560000
0*
08
#91570000
b1000111110 E
1*
18
#91580000
0*
08
#91590000
b1000111111 E
1*
18
#91600000
0*
08
#91610000
b1001000000 E
1*
18
#91620000
0*
08
#91630000
b1001000001 E
1*
18
#91640000
0*
08
#91650000
b1001000010 E
1*
18
#91660000
0*
08
#91670000
b1001000011 E
1*
18
#91680000
0*
08
#91690000
b1001000100 E
1*
18
#91700000
0*
08
#91710000
b1001000101 E
1*
18
#91720000
0*
08
#91730000
b1001000110 E
1*
18
#91740000
0*
08
#91750000
b1001000111 E
1*
18
#91760000
0*
08
#91770000
b1001001000 E
1*
18
#91780000
0*
08
#91790000
b1001001001 E
1*
18
#91800000
0*
08
#91810000
b1001001010 E
1*
18
#91820000
0*
08
#91830000
b1001001011 E
1*
18
#91840000
0*
08
#91850000
b1001001100 E
1*
18
#91860000
0*
08
#91870000
b1001001101 E
1*
18
#91880000
0*
08
#91890000
b1001001110 E
1*
18
#91900000
0*
08
#91910000
b1001001111 E
1*
18
#91920000
0*
08
#91930000
b1001010000 E
1*
18
#91940000
0*
08
#91950000
b1001010001 E
1*
18
#91960000
0*
08
#91970000
b1001010010 E
1*
18
#91980000
0*
08
#91990000
b1001010011 E
1*
18
#92000000
0*
08
#92010000
b1001010100 E
1*
18
#92020000
0*
08
#92030000
b1001010101 E
1*
18
#92040000
0*
08
#92050000
b1001010110 E
1*
18
#92060000
0*
08
#92070000
b1001010111 E
1*
18
#92080000
0*
08
#92090000
b1001011000 E
1*
18
#92100000
0*
08
#92110000
b1001011001 E
1*
18
#92120000
0*
08
#92130000
b1001011010 E
1*
18
#92140000
0*
08
#92150000
b1001011011 E
1*
18
#92160000
0*
08
#92170000
b1001011100 E
1*
18
#92180000
0*
08
#92190000
b1001011101 E
1*
18
#92200000
0*
08
#92210000
b1001011110 E
1*
18
#92220000
0*
08
#92230000
b1001011111 E
1*
18
#92240000
0*
08
#92250000
b1001100000 E
1*
18
#92260000
0*
08
#92270000
b1001100001 E
1*
18
#92280000
0*
08
#92290000
b1001100010 E
1*
18
#92300000
0*
08
#92310000
b1001100011 E
1*
18
#92320000
0*
08
#92330000
b1001100100 E
1*
18
#92340000
0*
08
#92350000
b1001100101 E
1*
18
#92360000
0*
08
#92370000
b1001100110 E
1*
18
#92380000
0*
08
#92390000
b1001100111 E
1*
18
#92400000
0*
08
#92410000
b1001101000 E
1*
18
#92420000
0*
08
#92430000
b1001101001 E
1*
18
#92440000
0*
08
#92450000
b1001101010 E
1*
18
#92460000
0*
08
#92470000
b1001101011 E
1*
18
#92480000
0*
08
#92490000
b1001101100 E
1*
18
#92500000
0*
08
#92510000
b1001101101 E
1*
18
#92520000
0*
08
#92530000
b1001101110 E
1*
18
#92540000
0*
08
#92550000
b1001101111 E
1*
18
#92560000
0*
08
#92570000
b1001110000 E
1*
18
#92580000
0*
08
#92590000
b1001110001 E
1*
18
#92600000
0*
08
#92610000
b1001110010 E
1*
18
#92620000
0*
08
#92630000
b1001110011 E
1*
18
#92640000
0*
08
#92650000
b1001110100 E
1*
18
#92660000
0*
08
#92670000
b1001110101 E
1*
18
#92680000
0*
08
#92690000
b1001110110 E
1*
18
#92700000
0*
08
#92710000
b1001110111 E
1*
18
#92720000
0*
08
#92730000
b1001111000 E
1*
18
#92740000
0*
08
#92750000
b1001111001 E
1*
18
#92760000
0*
08
#92770000
b1001111010 E
1*
18
#92780000
0*
08
#92790000
b1001111011 E
1*
18
#92800000
0*
08
#92810000
b1001111100 E
1*
18
#92820000
0*
08
#92830000
b1001111101 E
1*
18
#92840000
0*
08
#92850000
b1001111110 E
1*
18
#92860000
0*
08
#92870000
b1001111111 E
1*
18
#92880000
0*
08
#92890000
b1010000000 E
1*
18
#92900000
0*
08
#92910000
b1010000001 E
1*
18
#92920000
0*
08
#92930000
b1010000010 E
1*
18
#92940000
0*
08
#92950000
b1010000011 E
1*
18
#92960000
0*
08
#92970000
b1010000100 E
1*
18
#92980000
0*
08
#92990000
b1010000101 E
1*
18
#93000000
0*
08
#93010000
b1010000110 E
1*
18
#93020000
0*
08
#93030000
b1010000111 E
1*
18
#93040000
0*
08
#93050000
b1010001000 E
1*
18
#93060000
0*
08
#93070000
b1010001001 E
1*
18
#93080000
0*
08
#93090000
b1010001010 E
1*
18
#93100000
0*
08
#93110000
b1010001011 E
1*
18
#93120000
0*
08
#93130000
b1010001100 E
1*
18
#93140000
0*
08
#93150000
b1010001101 E
1*
18
#93160000
0*
08
#93170000
b1010001110 E
1*
18
#93180000
0*
08
#93190000
b1010001111 E
1*
18
#93200000
0*
08
#93210000
b1010010000 E
1*
18
#93220000
0*
08
#93230000
b1010010001 E
1*
18
#93240000
0*
08
#93250000
b1010010010 E
1*
18
#93260000
0*
08
#93270000
b1010010011 E
1*
18
#93280000
0*
08
#93290000
b1010010100 E
1*
18
#93300000
0*
08
#93310000
b1010010101 E
1*
18
#93320000
0*
08
#93330000
b1010010110 E
1*
18
#93340000
0*
08
#93350000
b1010010111 E
1*
18
#93360000
0*
08
#93370000
b1010011000 E
1*
18
#93380000
0*
08
#93390000
b1010011001 E
1*
18
#93400000
0*
08
#93410000
b1010011010 E
1*
18
#93420000
0*
08
#93430000
b1010011011 E
1*
18
#93440000
0*
08
#93450000
b1010011100 E
1*
18
#93460000
0*
08
#93470000
b1010011101 E
1*
18
#93480000
0*
08
#93490000
b1010011110 E
1*
18
#93500000
0*
08
#93510000
b1010011111 E
1*
18
#93520000
0*
08
#93530000
b1010100000 E
1*
18
#93540000
0*
08
#93550000
b1010100001 E
1*
18
#93560000
0*
08
#93570000
b1010100010 E
1*
18
#93580000
0*
08
#93590000
b1010100011 E
1*
18
#93600000
0*
08
#93610000
b1010100100 E
1*
18
#93620000
0*
08
#93630000
b1010100101 E
1*
18
#93640000
0*
08
#93650000
b1010100110 E
1*
18
#93660000
0*
08
#93670000
b1010100111 E
1*
18
#93680000
0*
08
#93690000
b1010101000 E
1*
18
#93700000
0*
08
#93710000
b1010101001 E
1*
18
#93720000
0*
08
#93730000
b1010101010 E
1*
18
#93740000
0*
08
#93750000
b1010101011 E
1*
18
#93760000
0*
08
#93770000
b1010101100 E
1*
18
#93780000
0*
08
#93790000
b1010101101 E
1*
18
#93800000
0*
08
#93810000
b1010101110 E
1*
18
#93820000
0*
08
#93830000
b1010101111 E
1*
18
#93840000
0*
08
#93850000
b1010110000 E
1*
18
#93860000
0*
08
#93870000
b1010110001 E
1*
18
#93880000
0*
08
#93890000
b1010110010 E
1*
18
#93900000
0*
08
#93910000
b1010110011 E
1*
18
#93920000
0*
08
#93930000
b1010110100 E
1*
18
#93940000
0*
08
#93950000
b1010110101 E
1*
18
#93960000
0*
08
#93970000
b1010110110 E
1*
18
#93980000
0*
08
#93990000
b1010110111 E
1*
18
#94000000
0*
08
#94010000
b1010111000 E
1*
18
#94020000
0*
08
#94030000
b1010111001 E
1*
18
#94040000
0*
08
#94050000
b1010111010 E
1*
18
#94060000
0*
08
#94070000
b1010111011 E
1*
18
#94080000
0*
08
#94090000
b1010111100 E
1*
18
#94100000
0*
08
#94110000
b1010111101 E
1*
18
#94120000
0*
08
#94130000
b1010111110 E
1*
18
#94140000
0*
08
#94150000
b1010111111 E
1*
18
#94160000
0*
08
#94170000
b1011000000 E
1*
18
#94180000
0*
08
#94190000
b1011000001 E
1*
18
#94200000
0*
08
#94210000
b1011000010 E
1*
18
#94220000
0*
08
#94230000
b1011000011 E
1*
18
#94240000
0*
08
#94250000
b1011000100 E
1*
18
#94260000
0*
08
#94270000
b1011000101 E
1*
18
#94280000
0*
08
#94290000
b1011000110 E
1*
18
#94300000
0*
08
#94310000
b1011000111 E
1*
18
#94320000
0*
08
#94330000
b1011001000 E
1*
18
#94340000
0*
08
#94350000
b1011001001 E
1*
18
#94360000
0*
08
#94370000
b1011001010 E
1*
18
#94380000
0*
08
#94390000
b1011001011 E
1*
18
#94400000
0*
08
#94410000
b1011001100 E
1*
18
#94420000
0*
08
#94430000
b1011001101 E
1*
18
#94440000
0*
08
#94450000
b1011001110 E
1*
18
#94460000
0*
08
#94470000
b1011001111 E
1*
18
#94480000
0*
08
#94490000
b1011010000 E
1*
18
#94500000
0*
08
#94510000
b1011010001 E
1*
18
#94520000
0*
08
#94530000
b1011010010 E
1*
18
#94540000
0*
08
#94550000
b1011010011 E
1*
18
#94560000
0*
08
#94570000
b1011010100 E
1*
18
#94580000
0*
08
#94590000
b1011010101 E
1*
18
#94600000
0*
08
#94610000
b1011010110 E
1*
18
#94620000
0*
08
#94630000
b1011010111 E
1*
18
#94640000
0*
08
#94650000
b1011011000 E
1*
18
#94660000
0*
08
#94670000
b1011011001 E
1*
18
#94680000
0*
08
#94690000
b1011011010 E
1*
18
#94700000
0*
08
#94710000
b1011011011 E
1*
18
#94720000
0*
08
#94730000
b1011011100 E
1*
18
#94740000
0*
08
#94750000
b1011011101 E
1*
18
#94760000
0*
08
#94770000
b1011011110 E
1*
18
#94780000
0*
08
#94790000
b1011011111 E
1*
18
#94800000
0*
08
#94810000
b1011100000 E
1*
18
#94820000
0*
08
#94830000
b1011100001 E
1*
18
#94840000
0*
08
#94850000
b1011100010 E
1*
18
#94860000
0*
08
#94870000
b1011100011 E
1*
18
#94880000
0*
08
#94890000
b1011100100 E
1*
18
#94900000
0*
08
#94910000
b1011100101 E
1*
18
#94920000
0*
08
#94930000
b1011100110 E
1*
18
#94940000
0*
08
#94950000
b1011100111 E
1*
18
#94960000
0*
08
#94970000
b1011101000 E
1*
18
#94980000
0*
08
#94990000
b1011101001 E
1*
18
#95000000
0*
08
#95010000
b1011101010 E
1*
18
#95020000
0*
08
#95030000
b1011101011 E
1*
18
#95040000
0*
08
#95050000
b1011101100 E
1*
18
#95060000
0*
08
#95070000
b1011101101 E
1*
18
#95080000
0*
08
#95090000
b1011101110 E
1*
18
#95100000
0*
08
#95110000
b1011101111 E
1*
18
#95120000
0*
08
#95130000
b1011110000 E
1*
18
#95140000
0*
08
#95150000
b1011110001 E
1*
18
#95160000
0*
08
#95170000
b1011110010 E
1*
18
#95180000
0*
08
#95190000
b1011110011 E
1*
18
#95200000
0*
08
#95210000
b1011110100 E
1*
18
#95220000
0*
08
#95230000
b1011110101 E
1*
18
#95240000
0*
08
#95250000
b1011110110 E
1*
18
#95260000
0*
08
#95270000
b1011110111 E
1*
18
#95280000
0*
08
#95290000
b1011111000 E
1*
18
#95300000
0*
08
#95310000
b1011111001 E
1*
18
#95320000
0*
08
#95330000
b1011111010 E
1*
18
#95340000
0*
08
#95350000
b1011111011 E
1*
18
#95360000
0*
08
#95370000
b1011111100 E
1*
18
#95380000
0*
08
#95390000
b1011111101 E
1*
18
#95400000
0*
08
#95410000
b1011111110 E
1*
18
#95420000
0*
08
#95430000
b1011111111 E
1*
18
#95440000
0*
08
#95450000
b1100000000 E
1*
18
#95460000
0*
08
#95470000
b1100000001 E
1*
18
#95480000
0*
08
#95490000
b1100000010 E
1*
18
#95500000
0*
08
#95510000
b1100000011 E
1*
18
#95520000
0*
08
#95530000
b1100000100 E
1*
18
#95540000
0*
08
#95550000
b1100000101 E
1*
18
#95560000
0*
08
#95570000
b1100000110 E
1*
18
#95580000
0*
08
#95590000
b1100000111 E
1*
18
#95600000
0*
08
#95610000
b1100001000 E
1*
18
#95620000
0*
08
#95630000
b1100001001 E
1*
18
#95640000
0*
08
#95650000
b1100001010 E
1*
18
#95660000
0*
08
#95670000
b1100001011 E
1*
18
#95680000
0*
08
#95690000
b1100001100 E
1*
18
#95700000
0*
08
#95710000
b1100001101 E
1*
18
#95720000
0*
08
#95730000
b1100001110 E
1*
18
#95740000
0*
08
#95750000
b1100001111 E
1*
18
#95760000
0*
08
#95770000
b1100010000 E
1*
18
#95780000
0*
08
#95790000
b1100010001 E
1*
18
#95800000
0*
08
#95810000
b1100010010 E
1*
18
#95820000
0*
08
#95830000
b1100010011 E
1*
18
#95840000
0*
08
#95850000
b1100010100 E
1*
18
#95860000
0*
08
#95870000
b1100010101 E
1*
18
#95880000
0*
08
#95890000
b1100010110 E
1*
18
#95900000
0*
08
#95910000
b1100010111 E
1*
18
#95920000
0*
08
#95930000
b1100011000 E
1*
18
#95940000
0*
08
#95950000
b1100011001 E
1*
18
#95960000
0*
08
#95970000
b1100011010 E
1*
18
#95980000
0*
08
#95990000
b1100011011 E
1*
18
#96000000
0*
08
#96010000
b1100011100 E
1*
18
#96020000
0*
08
#96030000
b1100011101 E
1*
18
#96040000
0*
08
#96050000
b1100011110 E
1*
18
#96060000
0*
08
#96070000
b1100011111 E
1*
18
#96080000
0*
08
#96090000
0B
b0 E
b110 N
1*
18
#96100000
0*
08
#96110000
b1 E
0K
1*
18
#96120000
0*
08
#96130000
0G
0"
b10 E
1*
18
#96140000
0*
08
#96150000
b11 E
1*
18
#96160000
0*
08
#96170000
b100 E
1*
18
#96180000
0*
08
#96190000
b101 E
1*
18
#96200000
0*
08
#96210000
b110 E
1*
18
#96220000
0*
08
#96230000
b111 E
1*
18
#96240000
0*
08
#96250000
b1000 E
1*
18
#96260000
0*
08
#96270000
b1001 E
1*
18
#96280000
0*
08
#96290000
b1010 E
1*
18
#96300000
0*
08
#96310000
b1011 E
1*
18
#96320000
0*
08
#96330000
b1100 E
1*
18
#96340000
0*
08
#96350000
b1101 E
1*
18
#96360000
0*
08
#96370000
b1110 E
1*
18
#96380000
0*
08
#96390000
b1111 E
1*
18
#96400000
0*
08
#96410000
b10000 E
1*
18
#96420000
0*
08
#96430000
b10001 E
1*
18
#96440000
0*
08
#96450000
b10010 E
1*
18
#96460000
0*
08
#96470000
b10011 E
1*
18
#96480000
0*
08
#96490000
b10100 E
1*
18
#96500000
0*
08
#96510000
b10101 E
1*
18
#96520000
0*
08
#96530000
b10110 E
1*
18
#96540000
0*
08
#96550000
b10111 E
1*
18
#96560000
0*
08
#96570000
b11000 E
1*
18
#96580000
0*
08
#96590000
b11001 E
1*
18
#96600000
0*
08
#96610000
b11010 E
1*
18
#96620000
0*
08
#96630000
b11011 E
1*
18
#96640000
0*
08
#96650000
b11100 E
1*
18
#96660000
0*
08
#96670000
b11101 E
1*
18
#96680000
0*
08
#96690000
b11110 E
1*
18
#96700000
0*
08
#96710000
b11111 E
1*
18
#96720000
0*
08
#96730000
b100000 E
1*
18
#96740000
0*
08
#96750000
b100001 E
1*
18
#96760000
0*
08
#96770000
b100010 E
1*
18
#96780000
0*
08
#96790000
b100011 E
1*
18
#96800000
0*
08
#96810000
b100100 E
1*
18
#96820000
0*
08
#96830000
b100101 E
1*
18
#96840000
0*
08
#96850000
b100110 E
1*
18
#96860000
0*
08
#96870000
b100111 E
1*
18
#96880000
0*
08
#96890000
b101000 E
1*
18
#96900000
0*
08
#96910000
b101001 E
1*
18
#96920000
0*
08
#96930000
b101010 E
1*
18
#96940000
0*
08
#96950000
b101011 E
1*
18
#96960000
0*
08
#96970000
b101100 E
1*
18
#96980000
0*
08
#96990000
b101101 E
1*
18
#97000000
0*
08
#97010000
b101110 E
1*
18
#97020000
0*
08
#97030000
b101111 E
1*
18
#97040000
0*
08
#97050000
b110000 E
1*
18
#97060000
0*
08
#97070000
b110001 E
1*
18
#97080000
0*
08
#97090000
b110010 E
1*
18
#97100000
0*
08
#97110000
b110011 E
1*
18
#97120000
0*
08
#97130000
b110100 E
1*
18
#97140000
0*
08
#97150000
b110101 E
1*
18
#97160000
0*
08
#97170000
b110110 E
1*
18
#97180000
0*
08
#97190000
b110111 E
1*
18
#97200000
0*
08
#97210000
b111000 E
1*
18
#97220000
0*
08
#97230000
b111001 E
1*
18
#97240000
0*
08
#97250000
b111010 E
1*
18
#97260000
0*
08
#97270000
b111011 E
1*
18
#97280000
0*
08
#97290000
b111100 E
1*
18
#97300000
0*
08
#97310000
b111101 E
1*
18
#97320000
0*
08
#97330000
b111110 E
1*
18
#97340000
0*
08
#97350000
b111111 E
1*
18
#97360000
0*
08
#97370000
b1000000 E
1*
18
#97380000
0*
08
#97390000
b1000001 E
1*
18
#97400000
0*
08
#97410000
b1000010 E
1*
18
#97420000
0*
08
#97430000
b1000011 E
1*
18
#97440000
0*
08
#97450000
b1000100 E
1*
18
#97460000
0*
08
#97470000
b1000101 E
1*
18
#97480000
0*
08
#97490000
b1000110 E
1*
18
#97500000
0*
08
#97510000
b1000111 E
1*
18
#97520000
0*
08
#97530000
b1001000 E
1*
18
#97540000
0*
08
#97550000
b1001001 E
1*
18
#97560000
0*
08
#97570000
b1001010 E
1*
18
#97580000
0*
08
#97590000
b1001011 E
1*
18
#97600000
0*
08
#97610000
b1001100 E
1*
18
#97620000
0*
08
#97630000
b1001101 E
1*
18
#97640000
0*
08
#97650000
b1001110 E
1*
18
#97660000
0*
08
#97670000
b1001111 E
1*
18
#97680000
0*
08
#97690000
b1010000 E
1*
18
#97700000
0*
08
#97710000
b1010001 E
1*
18
#97720000
0*
08
#97730000
b1010010 E
1*
18
#97740000
0*
08
#97750000
b1010011 E
1*
18
#97760000
0*
08
#97770000
b1010100 E
1*
18
#97780000
0*
08
#97790000
b1010101 E
1*
18
#97800000
0*
08
#97810000
b1010110 E
1*
18
#97820000
0*
08
#97830000
b1010111 E
1*
18
#97840000
0*
08
#97850000
b1011000 E
1*
18
#97860000
0*
08
#97870000
b1011001 E
1*
18
#97880000
0*
08
#97890000
b1011010 E
1*
18
#97900000
0*
08
#97910000
b1011011 E
1*
18
#97920000
0*
08
#97930000
b1011100 E
1*
18
#97940000
0*
08
#97950000
b1011101 E
1*
18
#97960000
0*
08
#97970000
b1011110 E
1*
18
#97980000
0*
08
#97990000
b1011111 E
1*
18
#98000000
0*
08
#98010000
1B
b1100000 E
1*
18
#98020000
0*
08
#98030000
b1100001 E
1K
1*
18
#98040000
0*
08
#98050000
1G
1"
b1100010 E
1*
18
#98060000
0*
08
#98070000
b1100011 E
1*
18
#98080000
0*
08
#98090000
b1100100 E
1*
18
#98100000
0*
08
#98110000
b1100101 E
1*
18
#98120000
0*
08
#98130000
b1100110 E
1*
18
#98140000
0*
08
#98150000
b1100111 E
1*
18
#98160000
0*
08
#98170000
b1101000 E
1*
18
#98180000
0*
08
#98190000
b1101001 E
1*
18
#98200000
0*
08
#98210000
b1101010 E
1*
18
#98220000
0*
08
#98230000
b1101011 E
1*
18
#98240000
0*
08
#98250000
b1101100 E
1*
18
#98260000
0*
08
#98270000
b1101101 E
1*
18
#98280000
0*
08
#98290000
b1101110 E
1*
18
#98300000
0*
08
#98310000
b1101111 E
1*
18
#98320000
0*
08
#98330000
b1110000 E
1*
18
#98340000
0*
08
#98350000
b1110001 E
1*
18
#98360000
0*
08
#98370000
b1110010 E
1*
18
#98380000
0*
08
#98390000
b1110011 E
1*
18
#98400000
0*
08
#98410000
b1110100 E
1*
18
#98420000
0*
08
#98430000
b1110101 E
1*
18
#98440000
0*
08
#98450000
b1110110 E
1*
18
#98460000
0*
08
#98470000
b1110111 E
1*
18
#98480000
0*
08
#98490000
b1111000 E
1*
18
#98500000
0*
08
#98510000
b1111001 E
1*
18
#98520000
0*
08
#98530000
b1111010 E
1*
18
#98540000
0*
08
#98550000
b1111011 E
1*
18
#98560000
0*
08
#98570000
b1111100 E
1*
18
#98580000
0*
08
#98590000
b1111101 E
1*
18
#98600000
0*
08
#98610000
b1111110 E
1*
18
#98620000
0*
08
#98630000
b1111111 E
1*
18
#98640000
0*
08
#98650000
b10000000 E
1*
18
#98660000
0*
08
#98670000
b10000001 E
1*
18
#98680000
0*
08
#98690000
b10000010 E
1*
18
#98700000
0*
08
#98710000
b10000011 E
1*
18
#98720000
0*
08
#98730000
b10000100 E
1*
18
#98740000
0*
08
#98750000
b10000101 E
1*
18
#98760000
0*
08
#98770000
b10000110 E
1*
18
#98780000
0*
08
#98790000
b10000111 E
1*
18
#98800000
0*
08
#98810000
b10001000 E
1*
18
#98820000
0*
08
#98830000
b10001001 E
1*
18
#98840000
0*
08
#98850000
b10001010 E
1*
18
#98860000
0*
08
#98870000
b10001011 E
1*
18
#98880000
0*
08
#98890000
b10001100 E
1*
18
#98900000
0*
08
#98910000
b10001101 E
1*
18
#98920000
0*
08
#98930000
b10001110 E
1*
18
#98940000
0*
08
#98950000
b10001111 E
1*
18
#98960000
0*
08
#98970000
b10010000 E
1*
18
#98980000
0*
08
#98990000
b10010001 E
1*
18
#99000000
0*
08
#99010000
b10010010 E
1*
18
#99020000
0*
08
#99030000
b10010011 E
1*
18
#99040000
0*
08
#99050000
b10010100 E
1*
18
#99060000
0*
08
#99070000
b10010101 E
1*
18
#99080000
0*
08
#99090000
b10010110 E
1*
18
#99100000
0*
08
#99110000
b10010111 E
1*
18
#99120000
0*
08
#99130000
b10011000 E
1*
18
#99140000
0*
08
#99150000
b10011001 E
1*
18
#99160000
0*
08
#99170000
b10011010 E
1*
18
#99180000
0*
08
#99190000
b10011011 E
1*
18
#99200000
0*
08
#99210000
b10011100 E
1*
18
#99220000
0*
08
#99230000
b10011101 E
1*
18
#99240000
0*
08
#99250000
b10011110 E
1*
18
#99260000
0*
08
#99270000
b10011111 E
1*
18
#99280000
0*
08
#99290000
b10100000 E
1*
18
#99300000
0*
08
#99310000
b10100001 E
1*
18
#99320000
0*
08
#99330000
b10100010 E
1*
18
#99340000
0*
08
#99350000
b10100011 E
1*
18
#99360000
0*
08
#99370000
b10100100 E
1*
18
#99380000
0*
08
#99390000
b10100101 E
1*
18
#99400000
0*
08
#99410000
b10100110 E
1*
18
#99420000
0*
08
#99430000
b10100111 E
1*
18
#99440000
0*
08
#99450000
b10101000 E
1*
18
#99460000
0*
08
#99470000
b10101001 E
1*
18
#99480000
0*
08
#99490000
b10101010 E
1*
18
#99500000
0*
08
#99510000
b10101011 E
1*
18
#99520000
0*
08
#99530000
b10101100 E
1*
18
#99540000
0*
08
#99550000
b10101101 E
1*
18
#99560000
0*
08
#99570000
b10101110 E
1*
18
#99580000
0*
08
#99590000
b10101111 E
1*
18
#99600000
0*
08
#99610000
b10110000 E
1*
18
#99620000
0*
08
#99630000
b10110001 E
1*
18
#99640000
0*
08
#99650000
b10110010 E
1*
18
#99660000
0*
08
#99670000
b10110011 E
1*
18
#99680000
0*
08
#99690000
b10110100 E
1*
18
#99700000
0*
08
#99710000
b10110101 E
1*
18
#99720000
0*
08
#99730000
b10110110 E
1*
18
#99740000
0*
08
#99750000
b10110111 E
1*
18
#99760000
0*
08
#99770000
b10111000 E
1*
18
#99780000
0*
08
#99790000
b10111001 E
1*
18
#99800000
0*
08
#99810000
b10111010 E
1*
18
#99820000
0*
08
#99830000
b10111011 E
1*
18
#99840000
0*
08
#99850000
b10111100 E
1*
18
#99860000
0*
08
#99870000
b10111101 E
1*
18
#99880000
0*
08
#99890000
b10111110 E
1*
18
#99900000
0*
08
#99910000
b10111111 E
1*
18
#99920000
0*
08
#99930000
b11000000 E
1*
18
#99940000
0*
08
#99950000
b11000001 E
1*
18
#99960000
0*
08
#99970000
b11000010 E
1*
18
#99980000
0*
08
#99990000
b11000011 E
1*
18
#100000000
0*
08
#100010000
b11000100 E
1*
18
#100020000
0*
08
#100030000
b11000101 E
1*
18
#100040000
0*
08
#100050000
b11000110 E
1*
18
#100060000
0*
08
#100070000
b11000111 E
1*
18
#100080000
0*
08
#100090000
b11001000 E
1*
18
#100100000
0*
08
#100110000
b11001001 E
1*
18
#100120000
0*
08
#100130000
b11001010 E
1*
18
#100140000
0*
08
#100150000
b11001011 E
1*
18
#100160000
0*
08
#100170000
b11001100 E
1*
18
#100180000
0*
08
#100190000
b11001101 E
1*
18
#100200000
0*
08
#100210000
b11001110 E
1*
18
#100220000
0*
08
#100230000
b11001111 E
1*
18
#100240000
0*
08
#100250000
b11010000 E
1*
18
#100260000
0*
08
#100270000
b11010001 E
1*
18
#100280000
0*
08
#100290000
b11010010 E
1*
18
#100300000
0*
08
#100310000
b11010011 E
1*
18
#100320000
0*
08
#100330000
b11010100 E
1*
18
#100340000
0*
08
#100350000
b11010101 E
1*
18
#100360000
0*
08
#100370000
b11010110 E
1*
18
#100380000
0*
08
#100390000
b11010111 E
1*
18
#100400000
0*
08
#100410000
b11011000 E
1*
18
#100420000
0*
08
#100430000
b11011001 E
1*
18
#100440000
0*
08
#100450000
b11011010 E
1*
18
#100460000
0*
08
#100470000
b11011011 E
1*
18
#100480000
0*
08
#100490000
b11011100 E
1*
18
#100500000
0*
08
#100510000
b11011101 E
1*
18
#100520000
0*
08
#100530000
b11011110 E
1*
18
#100540000
0*
08
#100550000
b11011111 E
1*
18
#100560000
0*
08
#100570000
b11100000 E
1*
18
#100580000
0*
08
#100590000
b11100001 E
1*
18
#100600000
0*
08
#100610000
b11100010 E
1*
18
#100620000
0*
08
#100630000
b11100011 E
1*
18
#100640000
0*
08
#100650000
b11100100 E
1*
18
#100660000
0*
08
#100670000
b11100101 E
1*
18
#100680000
0*
08
#100690000
b11100110 E
1*
18
#100700000
0*
08
#100710000
b11100111 E
1*
18
#100720000
0*
08
#100730000
b11101000 E
1*
18
#100740000
0*
08
#100750000
b11101001 E
1*
18
#100760000
0*
08
#100770000
b11101010 E
1*
18
#100780000
0*
08
#100790000
b11101011 E
1*
18
#100800000
0*
08
#100810000
b11101100 E
1*
18
#100820000
0*
08
#100830000
b11101101 E
1*
18
#100840000
0*
08
#100850000
b11101110 E
1*
18
#100860000
0*
08
#100870000
b11101111 E
1*
18
#100880000
0*
08
#100890000
b11110000 E
1*
18
#100900000
0*
08
#100910000
b11110001 E
1*
18
#100920000
0*
08
#100930000
b11110010 E
1*
18
#100940000
0*
08
#100950000
b11110011 E
1*
18
#100960000
0*
08
#100970000
b11110100 E
1*
18
#100980000
0*
08
#100990000
b11110101 E
1*
18
#101000000
0*
08
#101010000
b11110110 E
1*
18
#101020000
0*
08
#101030000
b11110111 E
1*
18
#101040000
0*
08
#101050000
b11111000 E
1*
18
#101060000
0*
08
#101070000
b11111001 E
1*
18
#101080000
0*
08
#101090000
b11111010 E
1*
18
#101100000
0*
08
#101110000
b11111011 E
1*
18
#101120000
0*
08
#101130000
b11111100 E
1*
18
#101140000
0*
08
#101150000
b11111101 E
1*
18
#101160000
0*
08
#101170000
b11111110 E
1*
18
#101180000
0*
08
#101190000
b11111111 E
1*
18
#101200000
0*
08
#101210000
b100000000 E
1*
18
#101220000
0*
08
#101230000
b100000001 E
1*
18
#101240000
0*
08
#101250000
b100000010 E
1*
18
#101260000
0*
08
#101270000
b100000011 E
1*
18
#101280000
0*
08
#101290000
b100000100 E
1*
18
#101300000
0*
08
#101310000
b100000101 E
1*
18
#101320000
0*
08
#101330000
b100000110 E
1*
18
#101340000
0*
08
#101350000
b100000111 E
1*
18
#101360000
0*
08
#101370000
b100001000 E
1*
18
#101380000
0*
08
#101390000
b100001001 E
1*
18
#101400000
0*
08
#101410000
b100001010 E
1*
18
#101420000
0*
08
#101430000
b100001011 E
1*
18
#101440000
0*
08
#101450000
b100001100 E
1*
18
#101460000
0*
08
#101470000
b100001101 E
1*
18
#101480000
0*
08
#101490000
b100001110 E
1*
18
#101500000
0*
08
#101510000
b100001111 E
1*
18
#101520000
0*
08
#101530000
b100010000 E
1*
18
#101540000
0*
08
#101550000
b100010001 E
1*
18
#101560000
0*
08
#101570000
b100010010 E
1*
18
#101580000
0*
08
#101590000
b100010011 E
1*
18
#101600000
0*
08
#101610000
b100010100 E
1*
18
#101620000
0*
08
#101630000
b100010101 E
1*
18
#101640000
0*
08
#101650000
b100010110 E
1*
18
#101660000
0*
08
#101670000
b100010111 E
1*
18
#101680000
0*
08
#101690000
b100011000 E
1*
18
#101700000
0*
08
#101710000
b100011001 E
1*
18
#101720000
0*
08
#101730000
b100011010 E
1*
18
#101740000
0*
08
#101750000
b100011011 E
1*
18
#101760000
0*
08
#101770000
b100011100 E
1*
18
#101780000
0*
08
#101790000
b100011101 E
1*
18
#101800000
0*
08
#101810000
b100011110 E
1*
18
#101820000
0*
08
#101830000
b100011111 E
1*
18
#101840000
0*
08
#101850000
b100100000 E
1*
18
#101860000
0*
08
#101870000
b100100001 E
1*
18
#101880000
0*
08
#101890000
b100100010 E
1*
18
#101900000
0*
08
#101910000
b100100011 E
1*
18
#101920000
0*
08
#101930000
b100100100 E
1*
18
#101940000
0*
08
#101950000
b100100101 E
1*
18
#101960000
0*
08
#101970000
b100100110 E
1*
18
#101980000
0*
08
#101990000
b100100111 E
1*
18
#102000000
0*
08
#102010000
b100101000 E
1*
18
#102020000
0*
08
#102030000
b100101001 E
1*
18
#102040000
0*
08
#102050000
b100101010 E
1*
18
#102060000
0*
08
#102070000
b100101011 E
1*
18
#102080000
0*
08
#102090000
b100101100 E
1*
18
#102100000
0*
08
#102110000
b100101101 E
1*
18
#102120000
0*
08
#102130000
b100101110 E
1*
18
#102140000
0*
08
#102150000
b100101111 E
1*
18
#102160000
0*
08
#102170000
b100110000 E
1*
18
#102180000
0*
08
#102190000
b100110001 E
1*
18
#102200000
0*
08
#102210000
b100110010 E
1*
18
#102220000
0*
08
#102230000
b100110011 E
1*
18
#102240000
0*
08
#102250000
b100110100 E
1*
18
#102260000
0*
08
#102270000
b100110101 E
1*
18
#102280000
0*
08
#102290000
b100110110 E
1*
18
#102300000
0*
08
#102310000
b100110111 E
1*
18
#102320000
0*
08
#102330000
b100111000 E
1*
18
#102340000
0*
08
#102350000
b100111001 E
1*
18
#102360000
0*
08
#102370000
b100111010 E
1*
18
#102380000
0*
08
#102390000
b100111011 E
1*
18
#102400000
0*
08
#102410000
b100111100 E
1*
18
#102420000
0*
08
#102430000
b100111101 E
1*
18
#102440000
0*
08
#102450000
b100111110 E
1*
18
#102460000
0*
08
#102470000
b100111111 E
1*
18
#102480000
0*
08
#102490000
b101000000 E
1*
18
#102500000
0*
08
#102510000
b101000001 E
1*
18
#102520000
0*
08
#102530000
b101000010 E
1*
18
#102540000
0*
08
#102550000
b101000011 E
1*
18
#102560000
0*
08
#102570000
b101000100 E
1*
18
#102580000
0*
08
#102590000
b101000101 E
1*
18
#102600000
0*
08
#102610000
b101000110 E
1*
18
#102620000
0*
08
#102630000
b101000111 E
1*
18
#102640000
0*
08
#102650000
b101001000 E
1*
18
#102660000
0*
08
#102670000
b101001001 E
1*
18
#102680000
0*
08
#102690000
b101001010 E
1*
18
#102700000
0*
08
#102710000
b101001011 E
1*
18
#102720000
0*
08
#102730000
b101001100 E
1*
18
#102740000
0*
08
#102750000
b101001101 E
1*
18
#102760000
0*
08
#102770000
b101001110 E
1*
18
#102780000
0*
08
#102790000
b101001111 E
1*
18
#102800000
0*
08
#102810000
b101010000 E
1*
18
#102820000
0*
08
#102830000
b101010001 E
1*
18
#102840000
0*
08
#102850000
b101010010 E
1*
18
#102860000
0*
08
#102870000
b101010011 E
1*
18
#102880000
0*
08
#102890000
b101010100 E
1*
18
#102900000
0*
08
#102910000
b101010101 E
1*
18
#102920000
0*
08
#102930000
b101010110 E
1*
18
#102940000
0*
08
#102950000
b101010111 E
1*
18
#102960000
0*
08
#102970000
b101011000 E
1*
18
#102980000
0*
08
#102990000
b101011001 E
1*
18
#103000000
0*
08
#103010000
b101011010 E
1*
18
#103020000
0*
08
#103030000
b101011011 E
1*
18
#103040000
0*
08
#103050000
b101011100 E
1*
18
#103060000
0*
08
#103070000
b101011101 E
1*
18
#103080000
0*
08
#103090000
b101011110 E
1*
18
#103100000
0*
08
#103110000
b101011111 E
1*
18
#103120000
0*
08
#103130000
b101100000 E
1*
18
#103140000
0*
08
#103150000
b101100001 E
1*
18
#103160000
0*
08
#103170000
b101100010 E
1*
18
#103180000
0*
08
#103190000
b101100011 E
1*
18
#103200000
0*
08
#103210000
b101100100 E
1*
18
#103220000
0*
08
#103230000
b101100101 E
1*
18
#103240000
0*
08
#103250000
b101100110 E
1*
18
#103260000
0*
08
#103270000
b101100111 E
1*
18
#103280000
0*
08
#103290000
b101101000 E
1*
18
#103300000
0*
08
#103310000
b101101001 E
1*
18
#103320000
0*
08
#103330000
b101101010 E
1*
18
#103340000
0*
08
#103350000
b101101011 E
1*
18
#103360000
0*
08
#103370000
b101101100 E
1*
18
#103380000
0*
08
#103390000
b101101101 E
1*
18
#103400000
0*
08
#103410000
b101101110 E
1*
18
#103420000
0*
08
#103430000
b101101111 E
1*
18
#103440000
0*
08
#103450000
b101110000 E
1*
18
#103460000
0*
08
#103470000
b101110001 E
1*
18
#103480000
0*
08
#103490000
b101110010 E
1*
18
#103500000
0*
08
#103510000
b101110011 E
1*
18
#103520000
0*
08
#103530000
b101110100 E
1*
18
#103540000
0*
08
#103550000
b101110101 E
1*
18
#103560000
0*
08
#103570000
b101110110 E
1*
18
#103580000
0*
08
#103590000
b101110111 E
1*
18
#103600000
0*
08
#103610000
b101111000 E
1*
18
#103620000
0*
08
#103630000
b101111001 E
1*
18
#103640000
0*
08
#103650000
b101111010 E
1*
18
#103660000
0*
08
#103670000
b101111011 E
1*
18
#103680000
0*
08
#103690000
b101111100 E
1*
18
#103700000
0*
08
#103710000
b101111101 E
1*
18
#103720000
0*
08
#103730000
b101111110 E
1*
18
#103740000
0*
08
#103750000
b101111111 E
1*
18
#103760000
0*
08
#103770000
b110000000 E
1*
18
#103780000
0*
08
#103790000
b110000001 E
1*
18
#103800000
0*
08
#103810000
b110000010 E
1*
18
#103820000
0*
08
#103830000
b110000011 E
1*
18
#103840000
0*
08
#103850000
b110000100 E
1*
18
#103860000
0*
08
#103870000
b110000101 E
1*
18
#103880000
0*
08
#103890000
b110000110 E
1*
18
#103900000
0*
08
#103910000
b110000111 E
1*
18
#103920000
0*
08
#103930000
b110001000 E
1*
18
#103940000
0*
08
#103950000
b110001001 E
1*
18
#103960000
0*
08
#103970000
b110001010 E
1*
18
#103980000
0*
08
#103990000
b110001011 E
1*
18
#104000000
0*
08
#104010000
b110001100 E
1*
18
#104020000
0*
08
#104030000
b110001101 E
1*
18
#104040000
0*
08
#104050000
b110001110 E
1*
18
#104060000
0*
08
#104070000
b110001111 E
1*
18
#104080000
0*
08
#104090000
b110010000 E
1*
18
#104100000
0*
08
#104110000
b110010001 E
1*
18
#104120000
0*
08
#104130000
b110010010 E
1*
18
#104140000
0*
08
#104150000
b110010011 E
1*
18
#104160000
0*
08
#104170000
b110010100 E
1*
18
#104180000
0*
08
#104190000
b110010101 E
1*
18
#104200000
0*
08
#104210000
b110010110 E
1*
18
#104220000
0*
08
#104230000
b110010111 E
1*
18
#104240000
0*
08
#104250000
b110011000 E
1*
18
#104260000
0*
08
#104270000
b110011001 E
1*
18
#104280000
0*
08
#104290000
b110011010 E
1*
18
#104300000
0*
08
#104310000
b110011011 E
1*
18
#104320000
0*
08
#104330000
b110011100 E
1*
18
#104340000
0*
08
#104350000
b110011101 E
1*
18
#104360000
0*
08
#104370000
b110011110 E
1*
18
#104380000
0*
08
#104390000
b110011111 E
1*
18
#104400000
0*
08
#104410000
b110100000 E
1*
18
#104420000
0*
08
#104430000
b110100001 E
1*
18
#104440000
0*
08
#104450000
b110100010 E
1*
18
#104460000
0*
08
#104470000
b110100011 E
1*
18
#104480000
0*
08
#104490000
b110100100 E
1*
18
#104500000
0*
08
#104510000
b110100101 E
1*
18
#104520000
0*
08
#104530000
b110100110 E
1*
18
#104540000
0*
08
#104550000
b110100111 E
1*
18
#104560000
0*
08
#104570000
b110101000 E
1*
18
#104580000
0*
08
#104590000
b110101001 E
1*
18
#104600000
0*
08
#104610000
b110101010 E
1*
18
#104620000
0*
08
#104630000
b110101011 E
1*
18
#104640000
0*
08
#104650000
b110101100 E
1*
18
#104660000
0*
08
#104670000
b110101101 E
1*
18
#104680000
0*
08
#104690000
b110101110 E
1*
18
#104700000
0*
08
#104710000
b110101111 E
1*
18
#104720000
0*
08
#104730000
b110110000 E
1*
18
#104740000
0*
08
#104750000
b110110001 E
1*
18
#104760000
0*
08
#104770000
b110110010 E
1*
18
#104780000
0*
08
#104790000
b110110011 E
1*
18
#104800000
0*
08
#104810000
b110110100 E
1*
18
#104820000
0*
08
#104830000
b110110101 E
1*
18
#104840000
0*
08
#104850000
b110110110 E
1*
18
#104860000
0*
08
#104870000
b110110111 E
1*
18
#104880000
0*
08
#104890000
b110111000 E
1*
18
#104900000
0*
08
#104910000
b110111001 E
1*
18
#104920000
0*
08
#104930000
b110111010 E
1*
18
#104940000
0*
08
#104950000
b110111011 E
1*
18
#104960000
0*
08
#104970000
b110111100 E
1*
18
#104980000
0*
08
#104990000
b110111101 E
1*
18
#105000000
0*
08
#105010000
b110111110 E
1*
18
#105020000
0*
08
#105030000
b110111111 E
1*
18
#105040000
0*
08
#105050000
b111000000 E
1*
18
#105060000
0*
08
#105070000
b111000001 E
1*
18
#105080000
0*
08
#105090000
b111000010 E
1*
18
#105100000
0*
08
#105110000
b111000011 E
1*
18
#105120000
0*
08
#105130000
b111000100 E
1*
18
#105140000
0*
08
#105150000
b111000101 E
1*
18
#105160000
0*
08
#105170000
b111000110 E
1*
18
#105180000
0*
08
#105190000
b111000111 E
1*
18
#105200000
0*
08
#105210000
b111001000 E
1*
18
#105220000
0*
08
#105230000
b111001001 E
1*
18
#105240000
0*
08
#105250000
b111001010 E
1*
18
#105260000
0*
08
#105270000
b111001011 E
1*
18
#105280000
0*
08
#105290000
b111001100 E
1*
18
#105300000
0*
08
#105310000
b111001101 E
1*
18
#105320000
0*
08
#105330000
b111001110 E
1*
18
#105340000
0*
08
#105350000
b111001111 E
1*
18
#105360000
0*
08
#105370000
b111010000 E
1*
18
#105380000
0*
08
#105390000
b111010001 E
1*
18
#105400000
0*
08
#105410000
b111010010 E
1*
18
#105420000
0*
08
#105430000
b111010011 E
1*
18
#105440000
0*
08
#105450000
b111010100 E
1*
18
#105460000
0*
08
#105470000
b111010101 E
1*
18
#105480000
0*
08
#105490000
b111010110 E
1*
18
#105500000
0*
08
#105510000
b111010111 E
1*
18
#105520000
0*
08
#105530000
b111011000 E
1*
18
#105540000
0*
08
#105550000
b111011001 E
1*
18
#105560000
0*
08
#105570000
b111011010 E
1*
18
#105580000
0*
08
#105590000
b111011011 E
1*
18
#105600000
0*
08
#105610000
b111011100 E
1*
18
#105620000
0*
08
#105630000
b111011101 E
1*
18
#105640000
0*
08
#105650000
b111011110 E
1*
18
#105660000
0*
08
#105670000
b111011111 E
1*
18
#105680000
0*
08
#105690000
b111100000 E
1*
18
#105700000
0*
08
#105710000
b111100001 E
1*
18
#105720000
0*
08
#105730000
b111100010 E
1*
18
#105740000
0*
08
#105750000
b111100011 E
1*
18
#105760000
0*
08
#105770000
b111100100 E
1*
18
#105780000
0*
08
#105790000
b111100101 E
1*
18
#105800000
0*
08
#105810000
b111100110 E
1*
18
#105820000
0*
08
#105830000
b111100111 E
1*
18
#105840000
0*
08
#105850000
b111101000 E
1*
18
#105860000
0*
08
#105870000
b111101001 E
1*
18
#105880000
0*
08
#105890000
b111101010 E
1*
18
#105900000
0*
08
#105910000
b111101011 E
1*
18
#105920000
0*
08
#105930000
b111101100 E
1*
18
#105940000
0*
08
#105950000
b111101101 E
1*
18
#105960000
0*
08
#105970000
b111101110 E
1*
18
#105980000
0*
08
#105990000
b111101111 E
1*
18
#106000000
0*
08
#106010000
b111110000 E
1*
18
#106020000
0*
08
#106030000
b111110001 E
1*
18
#106040000
0*
08
#106050000
b111110010 E
1*
18
#106060000
0*
08
#106070000
b111110011 E
1*
18
#106080000
0*
08
#106090000
b111110100 E
1*
18
#106100000
0*
08
#106110000
b111110101 E
1*
18
#106120000
0*
08
#106130000
b111110110 E
1*
18
#106140000
0*
08
#106150000
b111110111 E
1*
18
#106160000
0*
08
#106170000
b111111000 E
1*
18
#106180000
0*
08
#106190000
b111111001 E
1*
18
#106200000
0*
08
#106210000
b111111010 E
1*
18
#106220000
0*
08
#106230000
b111111011 E
1*
18
#106240000
0*
08
#106250000
b111111100 E
1*
18
#106260000
0*
08
#106270000
b111111101 E
1*
18
#106280000
0*
08
#106290000
b111111110 E
1*
18
#106300000
0*
08
#106310000
b111111111 E
1*
18
#106320000
0*
08
#106330000
b1000000000 E
1*
18
#106340000
0*
08
#106350000
b1000000001 E
1*
18
#106360000
0*
08
#106370000
b1000000010 E
1*
18
#106380000
0*
08
#106390000
b1000000011 E
1*
18
#106400000
0*
08
#106410000
b1000000100 E
1*
18
#106420000
0*
08
#106430000
b1000000101 E
1*
18
#106440000
0*
08
#106450000
b1000000110 E
1*
18
#106460000
0*
08
#106470000
b1000000111 E
1*
18
#106480000
0*
08
#106490000
b1000001000 E
1*
18
#106500000
0*
08
#106510000
b1000001001 E
1*
18
#106520000
0*
08
#106530000
b1000001010 E
1*
18
#106540000
0*
08
#106550000
b1000001011 E
1*
18
#106560000
0*
08
#106570000
b1000001100 E
1*
18
#106580000
0*
08
#106590000
b1000001101 E
1*
18
#106600000
0*
08
#106610000
b1000001110 E
1*
18
#106620000
0*
08
#106630000
b1000001111 E
1*
18
#106640000
0*
08
#106650000
b1000010000 E
1*
18
#106660000
0*
08
#106670000
b1000010001 E
1*
18
#106680000
0*
08
#106690000
b1000010010 E
1*
18
#106700000
0*
08
#106710000
b1000010011 E
1*
18
#106720000
0*
08
#106730000
b1000010100 E
1*
18
#106740000
0*
08
#106750000
b1000010101 E
1*
18
#106760000
0*
08
#106770000
b1000010110 E
1*
18
#106780000
0*
08
#106790000
b1000010111 E
1*
18
#106800000
0*
08
#106810000
b1000011000 E
1*
18
#106820000
0*
08
#106830000
b1000011001 E
1*
18
#106840000
0*
08
#106850000
b1000011010 E
1*
18
#106860000
0*
08
#106870000
b1000011011 E
1*
18
#106880000
0*
08
#106890000
b1000011100 E
1*
18
#106900000
0*
08
#106910000
b1000011101 E
1*
18
#106920000
0*
08
#106930000
b1000011110 E
1*
18
#106940000
0*
08
#106950000
b1000011111 E
1*
18
#106960000
0*
08
#106970000
b1000100000 E
1*
18
#106980000
0*
08
#106990000
b1000100001 E
1*
18
#107000000
0*
08
#107010000
b1000100010 E
1*
18
#107020000
0*
08
#107030000
b1000100011 E
1*
18
#107040000
0*
08
#107050000
b1000100100 E
1*
18
#107060000
0*
08
#107070000
b1000100101 E
1*
18
#107080000
0*
08
#107090000
b1000100110 E
1*
18
#107100000
0*
08
#107110000
b1000100111 E
1*
18
#107120000
0*
08
#107130000
b1000101000 E
1*
18
#107140000
0*
08
#107150000
b1000101001 E
1*
18
#107160000
0*
08
#107170000
b1000101010 E
1*
18
#107180000
0*
08
#107190000
b1000101011 E
1*
18
#107200000
0*
08
#107210000
b1000101100 E
1*
18
#107220000
0*
08
#107230000
b1000101101 E
1*
18
#107240000
0*
08
#107250000
b1000101110 E
1*
18
#107260000
0*
08
#107270000
b1000101111 E
1*
18
#107280000
0*
08
#107290000
b1000110000 E
1*
18
#107300000
0*
08
#107310000
b1000110001 E
1*
18
#107320000
0*
08
#107330000
b1000110010 E
1*
18
#107340000
0*
08
#107350000
b1000110011 E
1*
18
#107360000
0*
08
#107370000
b1000110100 E
1*
18
#107380000
0*
08
#107390000
b1000110101 E
1*
18
#107400000
0*
08
#107410000
b1000110110 E
1*
18
#107420000
0*
08
#107430000
b1000110111 E
1*
18
#107440000
0*
08
#107450000
b1000111000 E
1*
18
#107460000
0*
08
#107470000
b1000111001 E
1*
18
#107480000
0*
08
#107490000
b1000111010 E
1*
18
#107500000
0*
08
#107510000
b1000111011 E
1*
18
#107520000
0*
08
#107530000
b1000111100 E
1*
18
#107540000
0*
08
#107550000
b1000111101 E
1*
18
#107560000
0*
08
#107570000
b1000111110 E
1*
18
#107580000
0*
08
#107590000
b1000111111 E
1*
18
#107600000
0*
08
#107610000
b1001000000 E
1*
18
#107620000
0*
08
#107630000
b1001000001 E
1*
18
#107640000
0*
08
#107650000
b1001000010 E
1*
18
#107660000
0*
08
#107670000
b1001000011 E
1*
18
#107680000
0*
08
#107690000
b1001000100 E
1*
18
#107700000
0*
08
#107710000
b1001000101 E
1*
18
#107720000
0*
08
#107730000
b1001000110 E
1*
18
#107740000
0*
08
#107750000
b1001000111 E
1*
18
#107760000
0*
08
#107770000
b1001001000 E
1*
18
#107780000
0*
08
#107790000
b1001001001 E
1*
18
#107800000
0*
08
#107810000
b1001001010 E
1*
18
#107820000
0*
08
#107830000
b1001001011 E
1*
18
#107840000
0*
08
#107850000
b1001001100 E
1*
18
#107860000
0*
08
#107870000
b1001001101 E
1*
18
#107880000
0*
08
#107890000
b1001001110 E
1*
18
#107900000
0*
08
#107910000
b1001001111 E
1*
18
#107920000
0*
08
#107930000
b1001010000 E
1*
18
#107940000
0*
08
#107950000
b1001010001 E
1*
18
#107960000
0*
08
#107970000
b1001010010 E
1*
18
#107980000
0*
08
#107990000
b1001010011 E
1*
18
#108000000
0*
08
#108010000
b1001010100 E
1*
18
#108020000
0*
08
#108030000
b1001010101 E
1*
18
#108040000
0*
08
#108050000
b1001010110 E
1*
18
#108060000
0*
08
#108070000
b1001010111 E
1*
18
#108080000
0*
08
#108090000
b1001011000 E
1*
18
#108100000
0*
08
#108110000
b1001011001 E
1*
18
#108120000
0*
08
#108130000
b1001011010 E
1*
18
#108140000
0*
08
#108150000
b1001011011 E
1*
18
#108160000
0*
08
#108170000
b1001011100 E
1*
18
#108180000
0*
08
#108190000
b1001011101 E
1*
18
#108200000
0*
08
#108210000
b1001011110 E
1*
18
#108220000
0*
08
#108230000
b1001011111 E
1*
18
#108240000
0*
08
#108250000
b1001100000 E
1*
18
#108260000
0*
08
#108270000
b1001100001 E
1*
18
#108280000
0*
08
#108290000
b1001100010 E
1*
18
#108300000
0*
08
#108310000
b1001100011 E
1*
18
#108320000
0*
08
#108330000
b1001100100 E
1*
18
#108340000
0*
08
#108350000
b1001100101 E
1*
18
#108360000
0*
08
#108370000
b1001100110 E
1*
18
#108380000
0*
08
#108390000
b1001100111 E
1*
18
#108400000
0*
08
#108410000
b1001101000 E
1*
18
#108420000
0*
08
#108430000
b1001101001 E
1*
18
#108440000
0*
08
#108450000
b1001101010 E
1*
18
#108460000
0*
08
#108470000
b1001101011 E
1*
18
#108480000
0*
08
#108490000
b1001101100 E
1*
18
#108500000
0*
08
#108510000
b1001101101 E
1*
18
#108520000
0*
08
#108530000
b1001101110 E
1*
18
#108540000
0*
08
#108550000
b1001101111 E
1*
18
#108560000
0*
08
#108570000
b1001110000 E
1*
18
#108580000
0*
08
#108590000
b1001110001 E
1*
18
#108600000
0*
08
#108610000
b1001110010 E
1*
18
#108620000
0*
08
#108630000
b1001110011 E
1*
18
#108640000
0*
08
#108650000
b1001110100 E
1*
18
#108660000
0*
08
#108670000
b1001110101 E
1*
18
#108680000
0*
08
#108690000
b1001110110 E
1*
18
#108700000
0*
08
#108710000
b1001110111 E
1*
18
#108720000
0*
08
#108730000
b1001111000 E
1*
18
#108740000
0*
08
#108750000
b1001111001 E
1*
18
#108760000
0*
08
#108770000
b1001111010 E
1*
18
#108780000
0*
08
#108790000
b1001111011 E
1*
18
#108800000
0*
08
#108810000
b1001111100 E
1*
18
#108820000
0*
08
#108830000
b1001111101 E
1*
18
#108840000
0*
08
#108850000
b1001111110 E
1*
18
#108860000
0*
08
#108870000
b1001111111 E
1*
18
#108880000
0*
08
#108890000
b1010000000 E
1*
18
#108900000
0*
08
#108910000
b1010000001 E
1*
18
#108920000
0*
08
#108930000
b1010000010 E
1*
18
#108940000
0*
08
#108950000
b1010000011 E
1*
18
#108960000
0*
08
#108970000
b1010000100 E
1*
18
#108980000
0*
08
#108990000
b1010000101 E
1*
18
#109000000
0*
08
#109010000
b1010000110 E
1*
18
#109020000
0*
08
#109030000
b1010000111 E
1*
18
#109040000
0*
08
#109050000
b1010001000 E
1*
18
#109060000
0*
08
#109070000
b1010001001 E
1*
18
#109080000
0*
08
#109090000
b1010001010 E
1*
18
#109100000
0*
08
#109110000
b1010001011 E
1*
18
#109120000
0*
08
#109130000
b1010001100 E
1*
18
#109140000
0*
08
#109150000
b1010001101 E
1*
18
#109160000
0*
08
#109170000
b1010001110 E
1*
18
#109180000
0*
08
#109190000
b1010001111 E
1*
18
#109200000
0*
08
#109210000
b1010010000 E
1*
18
#109220000
0*
08
#109230000
b1010010001 E
1*
18
#109240000
0*
08
#109250000
b1010010010 E
1*
18
#109260000
0*
08
#109270000
b1010010011 E
1*
18
#109280000
0*
08
#109290000
b1010010100 E
1*
18
#109300000
0*
08
#109310000
b1010010101 E
1*
18
#109320000
0*
08
#109330000
b1010010110 E
1*
18
#109340000
0*
08
#109350000
b1010010111 E
1*
18
#109360000
0*
08
#109370000
b1010011000 E
1*
18
#109380000
0*
08
#109390000
b1010011001 E
1*
18
#109400000
0*
08
#109410000
b1010011010 E
1*
18
#109420000
0*
08
#109430000
b1010011011 E
1*
18
#109440000
0*
08
#109450000
b1010011100 E
1*
18
#109460000
0*
08
#109470000
b1010011101 E
1*
18
#109480000
0*
08
#109490000
b1010011110 E
1*
18
#109500000
0*
08
#109510000
b1010011111 E
1*
18
#109520000
0*
08
#109530000
b1010100000 E
1*
18
#109540000
0*
08
#109550000
b1010100001 E
1*
18
#109560000
0*
08
#109570000
b1010100010 E
1*
18
#109580000
0*
08
#109590000
b1010100011 E
1*
18
#109600000
0*
08
#109610000
b1010100100 E
1*
18
#109620000
0*
08
#109630000
b1010100101 E
1*
18
#109640000
0*
08
#109650000
b1010100110 E
1*
18
#109660000
0*
08
#109670000
b1010100111 E
1*
18
#109680000
0*
08
#109690000
b1010101000 E
1*
18
#109700000
0*
08
#109710000
b1010101001 E
1*
18
#109720000
0*
08
#109730000
b1010101010 E
1*
18
#109740000
0*
08
#109750000
b1010101011 E
1*
18
#109760000
0*
08
#109770000
b1010101100 E
1*
18
#109780000
0*
08
#109790000
b1010101101 E
1*
18
#109800000
0*
08
#109810000
b1010101110 E
1*
18
#109820000
0*
08
#109830000
b1010101111 E
1*
18
#109840000
0*
08
#109850000
b1010110000 E
1*
18
#109860000
0*
08
#109870000
b1010110001 E
1*
18
#109880000
0*
08
#109890000
b1010110010 E
1*
18
#109900000
0*
08
#109910000
b1010110011 E
1*
18
#109920000
0*
08
#109930000
b1010110100 E
1*
18
#109940000
0*
08
#109950000
b1010110101 E
1*
18
#109960000
0*
08
#109970000
b1010110110 E
1*
18
#109980000
0*
08
#109990000
b1010110111 E
1*
18
#110000000
0*
08
#110010000
b1010111000 E
1*
18
#110020000
0*
08
#110030000
b1010111001 E
1*
18
#110040000
0*
08
#110050000
b1010111010 E
1*
18
#110060000
0*
08
#110070000
b1010111011 E
1*
18
#110080000
0*
08
#110090000
b1010111100 E
1*
18
#110100000
0*
08
#110110000
b1010111101 E
1*
18
#110120000
0*
08
#110130000
b1010111110 E
1*
18
#110140000
0*
08
#110150000
b1010111111 E
1*
18
#110160000
0*
08
#110170000
b1011000000 E
1*
18
#110180000
0*
08
#110190000
b1011000001 E
1*
18
#110200000
0*
08
#110210000
b1011000010 E
1*
18
#110220000
0*
08
#110230000
b1011000011 E
1*
18
#110240000
0*
08
#110250000
b1011000100 E
1*
18
#110260000
0*
08
#110270000
b1011000101 E
1*
18
#110280000
0*
08
#110290000
b1011000110 E
1*
18
#110300000
0*
08
#110310000
b1011000111 E
1*
18
#110320000
0*
08
#110330000
b1011001000 E
1*
18
#110340000
0*
08
#110350000
b1011001001 E
1*
18
#110360000
0*
08
#110370000
b1011001010 E
1*
18
#110380000
0*
08
#110390000
b1011001011 E
1*
18
#110400000
0*
08
#110410000
b1011001100 E
1*
18
#110420000
0*
08
#110430000
b1011001101 E
1*
18
#110440000
0*
08
#110450000
b1011001110 E
1*
18
#110460000
0*
08
#110470000
b1011001111 E
1*
18
#110480000
0*
08
#110490000
b1011010000 E
1*
18
#110500000
0*
08
#110510000
b1011010001 E
1*
18
#110520000
0*
08
#110530000
b1011010010 E
1*
18
#110540000
0*
08
#110550000
b1011010011 E
1*
18
#110560000
0*
08
#110570000
b1011010100 E
1*
18
#110580000
0*
08
#110590000
b1011010101 E
1*
18
#110600000
0*
08
#110610000
b1011010110 E
1*
18
#110620000
0*
08
#110630000
b1011010111 E
1*
18
#110640000
0*
08
#110650000
b1011011000 E
1*
18
#110660000
0*
08
#110670000
b1011011001 E
1*
18
#110680000
0*
08
#110690000
b1011011010 E
1*
18
#110700000
0*
08
#110710000
b1011011011 E
1*
18
#110720000
0*
08
#110730000
b1011011100 E
1*
18
#110740000
0*
08
#110750000
b1011011101 E
1*
18
#110760000
0*
08
#110770000
b1011011110 E
1*
18
#110780000
0*
08
#110790000
b1011011111 E
1*
18
#110800000
0*
08
#110810000
b1011100000 E
1*
18
#110820000
0*
08
#110830000
b1011100001 E
1*
18
#110840000
0*
08
#110850000
b1011100010 E
1*
18
#110860000
0*
08
#110870000
b1011100011 E
1*
18
#110880000
0*
08
#110890000
b1011100100 E
1*
18
#110900000
0*
08
#110910000
b1011100101 E
1*
18
#110920000
0*
08
#110930000
b1011100110 E
1*
18
#110940000
0*
08
#110950000
b1011100111 E
1*
18
#110960000
0*
08
#110970000
b1011101000 E
1*
18
#110980000
0*
08
#110990000
b1011101001 E
1*
18
#111000000
0*
08
#111010000
b1011101010 E
1*
18
#111020000
0*
08
#111030000
b1011101011 E
1*
18
#111040000
0*
08
#111050000
b1011101100 E
1*
18
#111060000
0*
08
#111070000
b1011101101 E
1*
18
#111080000
0*
08
#111090000
b1011101110 E
1*
18
#111100000
0*
08
#111110000
b1011101111 E
1*
18
#111120000
0*
08
#111130000
b1011110000 E
1*
18
#111140000
0*
08
#111150000
b1011110001 E
1*
18
#111160000
0*
08
#111170000
b1011110010 E
1*
18
#111180000
0*
08
#111190000
b1011110011 E
1*
18
#111200000
0*
08
#111210000
b1011110100 E
1*
18
#111220000
0*
08
#111230000
b1011110101 E
1*
18
#111240000
0*
08
#111250000
b1011110110 E
1*
18
#111260000
0*
08
#111270000
b1011110111 E
1*
18
#111280000
0*
08
#111290000
b1011111000 E
1*
18
#111300000
0*
08
#111310000
b1011111001 E
1*
18
#111320000
0*
08
#111330000
b1011111010 E
1*
18
#111340000
0*
08
#111350000
b1011111011 E
1*
18
#111360000
0*
08
#111370000
b1011111100 E
1*
18
#111380000
0*
08
#111390000
b1011111101 E
1*
18
#111400000
0*
08
#111410000
b1011111110 E
1*
18
#111420000
0*
08
#111430000
b1011111111 E
1*
18
#111440000
0*
08
#111450000
b1100000000 E
1*
18
#111460000
0*
08
#111470000
b1100000001 E
1*
18
#111480000
0*
08
#111490000
b1100000010 E
1*
18
#111500000
0*
08
#111510000
b1100000011 E
1*
18
#111520000
0*
08
#111530000
b1100000100 E
1*
18
#111540000
0*
08
#111550000
b1100000101 E
1*
18
#111560000
0*
08
#111570000
b1100000110 E
1*
18
#111580000
0*
08
#111590000
b1100000111 E
1*
18
#111600000
0*
08
#111610000
b1100001000 E
1*
18
#111620000
0*
08
#111630000
b1100001001 E
1*
18
#111640000
0*
08
#111650000
b1100001010 E
1*
18
#111660000
0*
08
#111670000
b1100001011 E
1*
18
#111680000
0*
08
#111690000
b1100001100 E
1*
18
#111700000
0*
08
#111710000
b1100001101 E
1*
18
#111720000
0*
08
#111730000
b1100001110 E
1*
18
#111740000
0*
08
#111750000
b1100001111 E
1*
18
#111760000
0*
08
#111770000
b1100010000 E
1*
18
#111780000
0*
08
#111790000
b1100010001 E
1*
18
#111800000
0*
08
#111810000
b1100010010 E
1*
18
#111820000
0*
08
#111830000
b1100010011 E
1*
18
#111840000
0*
08
#111850000
b1100010100 E
1*
18
#111860000
0*
08
#111870000
b1100010101 E
1*
18
#111880000
0*
08
#111890000
b1100010110 E
1*
18
#111900000
0*
08
#111910000
b1100010111 E
1*
18
#111920000
0*
08
#111930000
b1100011000 E
1*
18
#111940000
0*
08
#111950000
b1100011001 E
1*
18
#111960000
0*
08
#111970000
b1100011010 E
1*
18
#111980000
0*
08
#111990000
b1100011011 E
1*
18
#112000000
0*
08
#112010000
b1100011100 E
1*
18
#112020000
0*
08
#112030000
b1100011101 E
1*
18
#112040000
0*
08
#112050000
b1100011110 E
1*
18
#112060000
0*
08
#112070000
b1100011111 E
1*
18
#112080000
0*
08
#112090000
0B
b0 E
b111 N
1*
18
#112100000
0*
08
#112110000
b1 E
0K
1*
18
#112120000
0*
08
#112130000
0G
0"
b10 E
1*
18
#112140000
0*
08
#112150000
b11 E
1*
18
#112160000
0*
08
#112170000
b100 E
1*
18
#112180000
0*
08
#112190000
b101 E
1*
18
#112200000
0*
08
#112210000
b110 E
1*
18
#112220000
0*
08
#112230000
b111 E
1*
18
#112240000
0*
08
#112250000
b1000 E
1*
18
#112260000
0*
08
#112270000
b1001 E
1*
18
#112280000
0*
08
#112290000
b1010 E
1*
18
#112300000
0*
08
#112310000
b1011 E
1*
18
#112320000
0*
08
#112330000
b1100 E
1*
18
#112340000
0*
08
#112350000
b1101 E
1*
18
#112360000
0*
08
#112370000
b1110 E
1*
18
#112380000
0*
08
#112390000
b1111 E
1*
18
#112400000
0*
08
#112410000
b10000 E
1*
18
#112420000
0*
08
#112430000
b10001 E
1*
18
#112440000
0*
08
#112450000
b10010 E
1*
18
#112460000
0*
08
#112470000
b10011 E
1*
18
#112480000
0*
08
#112490000
b10100 E
1*
18
#112500000
0*
08
#112510000
b10101 E
1*
18
#112520000
0*
08
#112530000
b10110 E
1*
18
#112540000
0*
08
#112550000
b10111 E
1*
18
#112560000
0*
08
#112570000
b11000 E
1*
18
#112580000
0*
08
#112590000
b11001 E
1*
18
#112600000
0*
08
#112610000
b11010 E
1*
18
#112620000
0*
08
#112630000
b11011 E
1*
18
#112640000
0*
08
#112650000
b11100 E
1*
18
#112660000
0*
08
#112670000
b11101 E
1*
18
#112680000
0*
08
#112690000
b11110 E
1*
18
#112700000
0*
08
#112710000
b11111 E
1*
18
#112720000
0*
08
#112730000
b100000 E
1*
18
#112740000
0*
08
#112750000
b100001 E
1*
18
#112760000
0*
08
#112770000
b100010 E
1*
18
#112780000
0*
08
#112790000
b100011 E
1*
18
#112800000
0*
08
#112810000
b100100 E
1*
18
#112820000
0*
08
#112830000
b100101 E
1*
18
#112840000
0*
08
#112850000
b100110 E
1*
18
#112860000
0*
08
#112870000
b100111 E
1*
18
#112880000
0*
08
#112890000
b101000 E
1*
18
#112900000
0*
08
#112910000
b101001 E
1*
18
#112920000
0*
08
#112930000
b101010 E
1*
18
#112940000
0*
08
#112950000
b101011 E
1*
18
#112960000
0*
08
#112970000
b101100 E
1*
18
#112980000
0*
08
#112990000
b101101 E
1*
18
#113000000
0*
08
#113010000
b101110 E
1*
18
#113020000
0*
08
#113030000
b101111 E
1*
18
#113040000
0*
08
#113050000
b110000 E
1*
18
#113060000
0*
08
#113070000
b110001 E
1*
18
#113080000
0*
08
#113090000
b110010 E
1*
18
#113100000
0*
08
#113110000
b110011 E
1*
18
#113120000
0*
08
#113130000
b110100 E
1*
18
#113140000
0*
08
#113150000
b110101 E
1*
18
#113160000
0*
08
#113170000
b110110 E
1*
18
#113180000
0*
08
#113190000
b110111 E
1*
18
#113200000
0*
08
#113210000
b111000 E
1*
18
#113220000
0*
08
#113230000
b111001 E
1*
18
#113240000
0*
08
#113250000
b111010 E
1*
18
#113260000
0*
08
#113270000
b111011 E
1*
18
#113280000
0*
08
#113290000
b111100 E
1*
18
#113300000
0*
08
#113310000
b111101 E
1*
18
#113320000
0*
08
#113330000
b111110 E
1*
18
#113340000
0*
08
#113350000
b111111 E
1*
18
#113360000
0*
08
#113370000
b1000000 E
1*
18
#113380000
0*
08
#113390000
b1000001 E
1*
18
#113400000
0*
08
#113410000
b1000010 E
1*
18
#113420000
0*
08
#113430000
b1000011 E
1*
18
#113440000
0*
08
#113450000
b1000100 E
1*
18
#113460000
0*
08
#113470000
b1000101 E
1*
18
#113480000
0*
08
#113490000
b1000110 E
1*
18
#113500000
0*
08
#113510000
b1000111 E
1*
18
#113520000
0*
08
#113530000
b1001000 E
1*
18
#113540000
0*
08
#113550000
b1001001 E
1*
18
#113560000
0*
08
#113570000
b1001010 E
1*
18
#113580000
0*
08
#113590000
b1001011 E
1*
18
#113600000
0*
08
#113610000
b1001100 E
1*
18
#113620000
0*
08
#113630000
b1001101 E
1*
18
#113640000
0*
08
#113650000
b1001110 E
1*
18
#113660000
0*
08
#113670000
b1001111 E
1*
18
#113680000
0*
08
#113690000
b1010000 E
1*
18
#113700000
0*
08
#113710000
b1010001 E
1*
18
#113720000
0*
08
#113730000
b1010010 E
1*
18
#113740000
0*
08
#113750000
b1010011 E
1*
18
#113760000
0*
08
#113770000
b1010100 E
1*
18
#113780000
0*
08
#113790000
b1010101 E
1*
18
#113800000
0*
08
#113810000
b1010110 E
1*
18
#113820000
0*
08
#113830000
b1010111 E
1*
18
#113840000
0*
08
#113850000
b1011000 E
1*
18
#113860000
0*
08
#113870000
b1011001 E
1*
18
#113880000
0*
08
#113890000
b1011010 E
1*
18
#113900000
0*
08
#113910000
b1011011 E
1*
18
#113920000
0*
08
#113930000
b1011100 E
1*
18
#113940000
0*
08
#113950000
b1011101 E
1*
18
#113960000
0*
08
#113970000
b1011110 E
1*
18
#113980000
0*
08
#113990000
b1011111 E
1*
18
#114000000
0*
08
#114010000
1B
b1100000 E
1*
18
#114020000
0*
08
#114030000
b1100001 E
1K
1*
18
#114040000
0*
08
#114050000
1G
1"
b1100010 E
1*
18
#114060000
0*
08
#114070000
b1100011 E
1*
18
#114080000
0*
08
#114090000
b1100100 E
1*
18
#114100000
0*
08
#114110000
b1100101 E
1*
18
#114120000
0*
08
#114130000
b1100110 E
1*
18
#114140000
0*
08
#114150000
b1100111 E
1*
18
#114160000
0*
08
#114170000
b1101000 E
1*
18
#114180000
0*
08
#114190000
b1101001 E
1*
18
#114200000
0*
08
#114210000
b1101010 E
1*
18
#114220000
0*
08
#114230000
b1101011 E
1*
18
#114240000
0*
08
#114250000
b1101100 E
1*
18
#114260000
0*
08
#114270000
b1101101 E
1*
18
#114280000
0*
08
#114290000
b1101110 E
1*
18
#114300000
0*
08
#114310000
b1101111 E
1*
18
#114320000
0*
08
#114330000
b1110000 E
1*
18
#114340000
0*
08
#114350000
b1110001 E
1*
18
#114360000
0*
08
#114370000
b1110010 E
1*
18
#114380000
0*
08
#114390000
b1110011 E
1*
18
#114400000
0*
08
#114410000
b1110100 E
1*
18
#114420000
0*
08
#114430000
b1110101 E
1*
18
#114440000
0*
08
#114450000
b1110110 E
1*
18
#114460000
0*
08
#114470000
b1110111 E
1*
18
#114480000
0*
08
#114490000
b1111000 E
1*
18
#114500000
0*
08
#114510000
b1111001 E
1*
18
#114520000
0*
08
#114530000
b1111010 E
1*
18
#114540000
0*
08
#114550000
b1111011 E
1*
18
#114560000
0*
08
#114570000
b1111100 E
1*
18
#114580000
0*
08
#114590000
b1111101 E
1*
18
#114600000
0*
08
#114610000
b1111110 E
1*
18
#114620000
0*
08
#114630000
b1111111 E
1*
18
#114640000
0*
08
#114650000
b10000000 E
1*
18
#114660000
0*
08
#114670000
b10000001 E
1*
18
#114680000
0*
08
#114690000
b10000010 E
1*
18
#114700000
0*
08
#114710000
b10000011 E
1*
18
#114720000
0*
08
#114730000
b10000100 E
1*
18
#114740000
0*
08
#114750000
b10000101 E
1*
18
#114760000
0*
08
#114770000
b10000110 E
1*
18
#114780000
0*
08
#114790000
b10000111 E
1*
18
#114800000
0*
08
#114810000
b10001000 E
1*
18
#114820000
0*
08
#114830000
b10001001 E
1*
18
#114840000
0*
08
#114850000
b10001010 E
1*
18
#114860000
0*
08
#114870000
b10001011 E
1*
18
#114880000
0*
08
#114890000
b10001100 E
1*
18
#114900000
0*
08
#114910000
b10001101 E
1*
18
#114920000
0*
08
#114930000
b10001110 E
1*
18
#114940000
0*
08
#114950000
b10001111 E
1*
18
#114960000
0*
08
#114970000
b10010000 E
1*
18
#114980000
0*
08
#114990000
b10010001 E
1*
18
#115000000
0*
08
#115010000
b10010010 E
1*
18
#115020000
0*
08
#115030000
b10010011 E
1*
18
#115040000
0*
08
#115050000
b10010100 E
1*
18
#115060000
0*
08
#115070000
b10010101 E
1*
18
#115080000
0*
08
#115090000
b10010110 E
1*
18
#115100000
0*
08
#115110000
b10010111 E
1*
18
#115120000
0*
08
#115130000
b10011000 E
1*
18
#115140000
0*
08
#115150000
b10011001 E
1*
18
#115160000
0*
08
#115170000
b10011010 E
1*
18
#115180000
0*
08
#115190000
b10011011 E
1*
18
#115200000
0*
08
#115210000
b10011100 E
1*
18
#115220000
0*
08
#115230000
b10011101 E
1*
18
#115240000
0*
08
#115250000
b10011110 E
1*
18
#115260000
0*
08
#115270000
b10011111 E
1*
18
#115280000
0*
08
#115290000
b10100000 E
1*
18
#115300000
0*
08
#115310000
b10100001 E
1*
18
#115320000
0*
08
#115330000
b10100010 E
1*
18
#115340000
0*
08
#115350000
b10100011 E
1*
18
#115360000
0*
08
#115370000
b10100100 E
1*
18
#115380000
0*
08
#115390000
b10100101 E
1*
18
#115400000
0*
08
#115410000
b10100110 E
1*
18
#115420000
0*
08
#115430000
b10100111 E
1*
18
#115440000
0*
08
#115450000
b10101000 E
1*
18
#115460000
0*
08
#115470000
b10101001 E
1*
18
#115480000
0*
08
#115490000
b10101010 E
1*
18
#115500000
0*
08
#115510000
b10101011 E
1*
18
#115520000
0*
08
#115530000
b10101100 E
1*
18
#115540000
0*
08
#115550000
b10101101 E
1*
18
#115560000
0*
08
#115570000
b10101110 E
1*
18
#115580000
0*
08
#115590000
b10101111 E
1*
18
#115600000
0*
08
#115610000
b10110000 E
1*
18
#115620000
0*
08
#115630000
b10110001 E
1*
18
#115640000
0*
08
#115650000
b10110010 E
1*
18
#115660000
0*
08
#115670000
b10110011 E
1*
18
#115680000
0*
08
#115690000
b10110100 E
1*
18
#115700000
0*
08
#115710000
b10110101 E
1*
18
#115720000
0*
08
#115730000
b10110110 E
1*
18
#115740000
0*
08
#115750000
b10110111 E
1*
18
#115760000
0*
08
#115770000
b10111000 E
1*
18
#115780000
0*
08
#115790000
b10111001 E
1*
18
#115800000
0*
08
#115810000
b10111010 E
1*
18
#115820000
0*
08
#115830000
b10111011 E
1*
18
#115840000
0*
08
#115850000
b10111100 E
1*
18
#115860000
0*
08
#115870000
b10111101 E
1*
18
#115880000
0*
08
#115890000
b10111110 E
1*
18
#115900000
0*
08
#115910000
b10111111 E
1*
18
#115920000
0*
08
#115930000
b11000000 E
1*
18
#115940000
0*
08
#115950000
b11000001 E
1*
18
#115960000
0*
08
#115970000
b11000010 E
1*
18
#115980000
0*
08
#115990000
b11000011 E
1*
18
#116000000
0*
08
#116010000
b11000100 E
1*
18
#116020000
0*
08
#116030000
b11000101 E
1*
18
#116040000
0*
08
#116050000
b11000110 E
1*
18
#116060000
0*
08
#116070000
b11000111 E
1*
18
#116080000
0*
08
#116090000
b11001000 E
1*
18
#116100000
0*
08
#116110000
b11001001 E
1*
18
#116120000
0*
08
#116130000
b11001010 E
1*
18
#116140000
0*
08
#116150000
b11001011 E
1*
18
#116160000
0*
08
#116170000
b11001100 E
1*
18
#116180000
0*
08
#116190000
b11001101 E
1*
18
#116200000
0*
08
#116210000
b11001110 E
1*
18
#116220000
0*
08
#116230000
b11001111 E
1*
18
#116240000
0*
08
#116250000
b11010000 E
1*
18
#116260000
0*
08
#116270000
b11010001 E
1*
18
#116280000
0*
08
#116290000
b11010010 E
1*
18
#116300000
0*
08
#116310000
b11010011 E
1*
18
#116320000
0*
08
#116330000
b11010100 E
1*
18
#116340000
0*
08
#116350000
b11010101 E
1*
18
#116360000
0*
08
#116370000
b11010110 E
1*
18
#116380000
0*
08
#116390000
b11010111 E
1*
18
#116400000
0*
08
#116410000
b11011000 E
1*
18
#116420000
0*
08
#116430000
b11011001 E
1*
18
#116440000
0*
08
#116450000
b11011010 E
1*
18
#116460000
0*
08
#116470000
b11011011 E
1*
18
#116480000
0*
08
#116490000
b11011100 E
1*
18
#116500000
0*
08
#116510000
b11011101 E
1*
18
#116520000
0*
08
#116530000
b11011110 E
1*
18
#116540000
0*
08
#116550000
b11011111 E
1*
18
#116560000
0*
08
#116570000
b11100000 E
1*
18
#116580000
0*
08
#116590000
b11100001 E
1*
18
#116600000
0*
08
#116610000
b11100010 E
1*
18
#116620000
0*
08
#116630000
b11100011 E
1*
18
#116640000
0*
08
#116650000
b11100100 E
1*
18
#116660000
0*
08
#116670000
b11100101 E
1*
18
#116680000
0*
08
#116690000
b11100110 E
1*
18
#116700000
0*
08
#116710000
b11100111 E
1*
18
#116720000
0*
08
#116730000
b11101000 E
1*
18
#116740000
0*
08
#116750000
b11101001 E
1*
18
#116760000
0*
08
#116770000
b11101010 E
1*
18
#116780000
0*
08
#116790000
b11101011 E
1*
18
#116800000
0*
08
#116810000
b11101100 E
1*
18
#116820000
0*
08
#116830000
b11101101 E
1*
18
#116840000
0*
08
#116850000
b11101110 E
1*
18
#116860000
0*
08
#116870000
b11101111 E
1*
18
#116880000
0*
08
#116890000
b11110000 E
1*
18
#116900000
0*
08
#116910000
b11110001 E
1*
18
#116920000
0*
08
#116930000
b11110010 E
1*
18
#116940000
0*
08
#116950000
b11110011 E
1*
18
#116960000
0*
08
#116970000
b11110100 E
1*
18
#116980000
0*
08
#116990000
b11110101 E
1*
18
#117000000
0*
08
#117010000
b11110110 E
1*
18
#117020000
0*
08
#117030000
b11110111 E
1*
18
#117040000
0*
08
#117050000
b11111000 E
1*
18
#117060000
0*
08
#117070000
b11111001 E
1*
18
#117080000
0*
08
#117090000
b11111010 E
1*
18
#117100000
0*
08
#117110000
b11111011 E
1*
18
#117120000
0*
08
#117130000
b11111100 E
1*
18
#117140000
0*
08
#117150000
b11111101 E
1*
18
#117160000
0*
08
#117170000
b11111110 E
1*
18
#117180000
0*
08
#117190000
b11111111 E
1*
18
#117200000
0*
08
#117210000
b100000000 E
1*
18
#117220000
0*
08
#117230000
b100000001 E
1*
18
#117240000
0*
08
#117250000
b100000010 E
1*
18
#117260000
0*
08
#117270000
b100000011 E
1*
18
#117280000
0*
08
#117290000
b100000100 E
1*
18
#117300000
0*
08
#117310000
b100000101 E
1*
18
#117320000
0*
08
#117330000
b100000110 E
1*
18
#117340000
0*
08
#117350000
b100000111 E
1*
18
#117360000
0*
08
#117370000
b100001000 E
1*
18
#117380000
0*
08
#117390000
b100001001 E
1*
18
#117400000
0*
08
#117410000
b100001010 E
1*
18
#117420000
0*
08
#117430000
b100001011 E
1*
18
#117440000
0*
08
#117450000
b100001100 E
1*
18
#117460000
0*
08
#117470000
b100001101 E
1*
18
#117480000
0*
08
#117490000
b100001110 E
1*
18
#117500000
0*
08
#117510000
b100001111 E
1*
18
#117520000
0*
08
#117530000
b100010000 E
1*
18
#117540000
0*
08
#117550000
b100010001 E
1*
18
#117560000
0*
08
#117570000
b100010010 E
1*
18
#117580000
0*
08
#117590000
b100010011 E
1*
18
#117600000
0*
08
#117610000
b100010100 E
1*
18
#117620000
0*
08
#117630000
b100010101 E
1*
18
#117640000
0*
08
#117650000
b100010110 E
1*
18
#117660000
0*
08
#117670000
b100010111 E
1*
18
#117680000
0*
08
#117690000
b100011000 E
1*
18
#117700000
0*
08
#117710000
b100011001 E
1*
18
#117720000
0*
08
#117730000
b100011010 E
1*
18
#117740000
0*
08
#117750000
b100011011 E
1*
18
#117760000
0*
08
#117770000
b100011100 E
1*
18
#117780000
0*
08
#117790000
b100011101 E
1*
18
#117800000
0*
08
#117810000
b100011110 E
1*
18
#117820000
0*
08
#117830000
b100011111 E
1*
18
#117840000
0*
08
#117850000
b100100000 E
1*
18
#117860000
0*
08
#117870000
b100100001 E
1*
18
#117880000
0*
08
#117890000
b100100010 E
1*
18
#117900000
0*
08
#117910000
b100100011 E
1*
18
#117920000
0*
08
#117930000
b100100100 E
1*
18
#117940000
0*
08
#117950000
b100100101 E
1*
18
#117960000
0*
08
#117970000
b100100110 E
1*
18
#117980000
0*
08
#117990000
b100100111 E
1*
18
#118000000
0*
08
#118010000
b100101000 E
1*
18
#118020000
0*
08
#118030000
b100101001 E
1*
18
#118040000
0*
08
#118050000
b100101010 E
1*
18
#118060000
0*
08
#118070000
b100101011 E
1*
18
#118080000
0*
08
#118090000
b100101100 E
1*
18
#118100000
0*
08
#118110000
b100101101 E
1*
18
#118120000
0*
08
#118130000
b100101110 E
1*
18
#118140000
0*
08
#118150000
b100101111 E
1*
18
#118160000
0*
08
#118170000
b100110000 E
1*
18
#118180000
0*
08
#118190000
b100110001 E
1*
18
#118200000
0*
08
#118210000
b100110010 E
1*
18
#118220000
0*
08
#118230000
b100110011 E
1*
18
#118240000
0*
08
#118250000
b100110100 E
1*
18
#118260000
0*
08
#118270000
b100110101 E
1*
18
#118280000
0*
08
#118290000
b100110110 E
1*
18
#118300000
0*
08
#118310000
b100110111 E
1*
18
#118320000
0*
08
#118330000
b100111000 E
1*
18
#118340000
0*
08
#118350000
b100111001 E
1*
18
#118360000
0*
08
#118370000
b100111010 E
1*
18
#118380000
0*
08
#118390000
b100111011 E
1*
18
#118400000
0*
08
#118410000
b100111100 E
1*
18
#118420000
0*
08
#118430000
b100111101 E
1*
18
#118440000
0*
08
#118450000
b100111110 E
1*
18
#118460000
0*
08
#118470000
b100111111 E
1*
18
#118480000
0*
08
#118490000
b101000000 E
1*
18
#118500000
0*
08
#118510000
b101000001 E
1*
18
#118520000
0*
08
#118530000
b101000010 E
1*
18
#118540000
0*
08
#118550000
b101000011 E
1*
18
#118560000
0*
08
#118570000
b101000100 E
1*
18
#118580000
0*
08
#118590000
b101000101 E
1*
18
#118600000
0*
08
#118610000
b101000110 E
1*
18
#118620000
0*
08
#118630000
b101000111 E
1*
18
#118640000
0*
08
#118650000
b101001000 E
1*
18
#118660000
0*
08
#118670000
b101001001 E
1*
18
#118680000
0*
08
#118690000
b101001010 E
1*
18
#118700000
0*
08
#118710000
b101001011 E
1*
18
#118720000
0*
08
#118730000
b101001100 E
1*
18
#118740000
0*
08
#118750000
b101001101 E
1*
18
#118760000
0*
08
#118770000
b101001110 E
1*
18
#118780000
0*
08
#118790000
b101001111 E
1*
18
#118800000
0*
08
#118810000
b101010000 E
1*
18
#118820000
0*
08
#118830000
b101010001 E
1*
18
#118840000
0*
08
#118850000
b101010010 E
1*
18
#118860000
0*
08
#118870000
b101010011 E
1*
18
#118880000
0*
08
#118890000
b101010100 E
1*
18
#118900000
0*
08
#118910000
b101010101 E
1*
18
#118920000
0*
08
#118930000
b101010110 E
1*
18
#118940000
0*
08
#118950000
b101010111 E
1*
18
#118960000
0*
08
#118970000
b101011000 E
1*
18
#118980000
0*
08
#118990000
b101011001 E
1*
18
#119000000
0*
08
#119010000
b101011010 E
1*
18
#119020000
0*
08
#119030000
b101011011 E
1*
18
#119040000
0*
08
#119050000
b101011100 E
1*
18
#119060000
0*
08
#119070000
b101011101 E
1*
18
#119080000
0*
08
#119090000
b101011110 E
1*
18
#119100000
0*
08
#119110000
b101011111 E
1*
18
#119120000
0*
08
#119130000
b101100000 E
1*
18
#119140000
0*
08
#119150000
b101100001 E
1*
18
#119160000
0*
08
#119170000
b101100010 E
1*
18
#119180000
0*
08
#119190000
b101100011 E
1*
18
#119200000
0*
08
#119210000
b101100100 E
1*
18
#119220000
0*
08
#119230000
b101100101 E
1*
18
#119240000
0*
08
#119250000
b101100110 E
1*
18
#119260000
0*
08
#119270000
b101100111 E
1*
18
#119280000
0*
08
#119290000
b101101000 E
1*
18
#119300000
0*
08
#119310000
b101101001 E
1*
18
#119320000
0*
08
#119330000
b101101010 E
1*
18
#119340000
0*
08
#119350000
b101101011 E
1*
18
#119360000
0*
08
#119370000
b101101100 E
1*
18
#119380000
0*
08
#119390000
b101101101 E
1*
18
#119400000
0*
08
#119410000
b101101110 E
1*
18
#119420000
0*
08
#119430000
b101101111 E
1*
18
#119440000
0*
08
#119450000
b101110000 E
1*
18
#119460000
0*
08
#119470000
b101110001 E
1*
18
#119480000
0*
08
#119490000
b101110010 E
1*
18
#119500000
0*
08
#119510000
b101110011 E
1*
18
#119520000
0*
08
#119530000
b101110100 E
1*
18
#119540000
0*
08
#119550000
b101110101 E
1*
18
#119560000
0*
08
#119570000
b101110110 E
1*
18
#119580000
0*
08
#119590000
b101110111 E
1*
18
#119600000
0*
08
#119610000
b101111000 E
1*
18
#119620000
0*
08
#119630000
b101111001 E
1*
18
#119640000
0*
08
#119650000
b101111010 E
1*
18
#119660000
0*
08
#119670000
b101111011 E
1*
18
#119680000
0*
08
#119690000
b101111100 E
1*
18
#119700000
0*
08
#119710000
b101111101 E
1*
18
#119720000
0*
08
#119730000
b101111110 E
1*
18
#119740000
0*
08
#119750000
b101111111 E
1*
18
#119760000
0*
08
#119770000
b110000000 E
1*
18
#119780000
0*
08
#119790000
b110000001 E
1*
18
#119800000
0*
08
#119810000
b110000010 E
1*
18
#119820000
0*
08
#119830000
b110000011 E
1*
18
#119840000
0*
08
#119850000
b110000100 E
1*
18
#119860000
0*
08
#119870000
b110000101 E
1*
18
#119880000
0*
08
#119890000
b110000110 E
1*
18
#119900000
0*
08
#119910000
b110000111 E
1*
18
#119920000
0*
08
#119930000
b110001000 E
1*
18
#119940000
0*
08
#119950000
b110001001 E
1*
18
#119960000
0*
08
#119970000
b110001010 E
1*
18
#119980000
0*
08
#119990000
b110001011 E
1*
18
#120000000
0*
08
#120010000
b110001100 E
1*
18
#120020000
0*
08
#120030000
b110001101 E
1*
18
#120040000
0*
08
#120050000
b110001110 E
1*
18
#120060000
0*
08
#120070000
b110001111 E
1*
18
#120080000
0*
08
#120090000
b110010000 E
1*
18
#120100000
0*
08
#120110000
b110010001 E
1*
18
#120120000
0*
08
#120130000
b110010010 E
1*
18
#120140000
0*
08
#120150000
b110010011 E
1*
18
#120160000
0*
08
#120170000
b110010100 E
1*
18
#120180000
0*
08
#120190000
b110010101 E
1*
18
#120200000
0*
08
#120210000
b110010110 E
1*
18
#120220000
0*
08
#120230000
b110010111 E
1*
18
#120240000
0*
08
#120250000
b110011000 E
1*
18
#120260000
0*
08
#120270000
b110011001 E
1*
18
#120280000
0*
08
#120290000
b110011010 E
1*
18
#120300000
0*
08
#120310000
b110011011 E
1*
18
#120320000
0*
08
#120330000
b110011100 E
1*
18
#120340000
0*
08
#120350000
b110011101 E
1*
18
#120360000
0*
08
#120370000
b110011110 E
1*
18
#120380000
0*
08
#120390000
b110011111 E
1*
18
#120400000
0*
08
#120410000
b110100000 E
1*
18
#120420000
0*
08
#120430000
b110100001 E
1*
18
#120440000
0*
08
#120450000
b110100010 E
1*
18
#120460000
0*
08
#120470000
b110100011 E
1*
18
#120480000
0*
08
#120490000
b110100100 E
1*
18
#120500000
0*
08
#120510000
b110100101 E
1*
18
#120520000
0*
08
#120530000
b110100110 E
1*
18
#120540000
0*
08
#120550000
b110100111 E
1*
18
#120560000
0*
08
#120570000
b110101000 E
1*
18
#120580000
0*
08
#120590000
b110101001 E
1*
18
#120600000
0*
08
#120610000
b110101010 E
1*
18
#120620000
0*
08
#120630000
b110101011 E
1*
18
#120640000
0*
08
#120650000
b110101100 E
1*
18
#120660000
0*
08
#120670000
b110101101 E
1*
18
#120680000
0*
08
#120690000
b110101110 E
1*
18
#120700000
0*
08
#120710000
b110101111 E
1*
18
#120720000
0*
08
#120730000
b110110000 E
1*
18
#120740000
0*
08
#120750000
b110110001 E
1*
18
#120760000
0*
08
#120770000
b110110010 E
1*
18
#120780000
0*
08
#120790000
b110110011 E
1*
18
#120800000
0*
08
#120810000
b110110100 E
1*
18
#120820000
0*
08
#120830000
b110110101 E
1*
18
#120840000
0*
08
#120850000
b110110110 E
1*
18
#120860000
0*
08
#120870000
b110110111 E
1*
18
#120880000
0*
08
#120890000
b110111000 E
1*
18
#120900000
0*
08
#120910000
b110111001 E
1*
18
#120920000
0*
08
#120930000
b110111010 E
1*
18
#120940000
0*
08
#120950000
b110111011 E
1*
18
#120960000
0*
08
#120970000
b110111100 E
1*
18
#120980000
0*
08
#120990000
b110111101 E
1*
18
#121000000
0*
08
#121010000
b110111110 E
1*
18
#121020000
0*
08
#121030000
b110111111 E
1*
18
#121040000
0*
08
#121050000
b111000000 E
1*
18
#121060000
0*
08
#121070000
b111000001 E
1*
18
#121080000
0*
08
#121090000
b111000010 E
1*
18
#121100000
0*
08
#121110000
b111000011 E
1*
18
#121120000
0*
08
#121130000
b111000100 E
1*
18
#121140000
0*
08
#121150000
b111000101 E
1*
18
#121160000
0*
08
#121170000
b111000110 E
1*
18
#121180000
0*
08
#121190000
b111000111 E
1*
18
#121200000
0*
08
#121210000
b111001000 E
1*
18
#121220000
0*
08
#121230000
b111001001 E
1*
18
#121240000
0*
08
#121250000
b111001010 E
1*
18
#121260000
0*
08
#121270000
b111001011 E
1*
18
#121280000
0*
08
#121290000
b111001100 E
1*
18
#121300000
0*
08
#121310000
b111001101 E
1*
18
#121320000
0*
08
#121330000
b111001110 E
1*
18
#121340000
0*
08
#121350000
b111001111 E
1*
18
#121360000
0*
08
#121370000
b111010000 E
1*
18
#121380000
0*
08
#121390000
b111010001 E
1*
18
#121400000
0*
08
#121410000
b111010010 E
1*
18
#121420000
0*
08
#121430000
b111010011 E
1*
18
#121440000
0*
08
#121450000
b111010100 E
1*
18
#121460000
0*
08
#121470000
b111010101 E
1*
18
#121480000
0*
08
#121490000
b111010110 E
1*
18
#121500000
0*
08
#121510000
b111010111 E
1*
18
#121520000
0*
08
#121530000
b111011000 E
1*
18
#121540000
0*
08
#121550000
b111011001 E
1*
18
#121560000
0*
08
#121570000
b111011010 E
1*
18
#121580000
0*
08
#121590000
b111011011 E
1*
18
#121600000
0*
08
#121610000
b111011100 E
1*
18
#121620000
0*
08
#121630000
b111011101 E
1*
18
#121640000
0*
08
#121650000
b111011110 E
1*
18
#121660000
0*
08
#121670000
b111011111 E
1*
18
#121680000
0*
08
#121690000
b111100000 E
1*
18
#121700000
0*
08
#121710000
b111100001 E
1*
18
#121720000
0*
08
#121730000
b111100010 E
1*
18
#121740000
0*
08
#121750000
b111100011 E
1*
18
#121760000
0*
08
#121770000
b111100100 E
1*
18
#121780000
0*
08
#121790000
b111100101 E
1*
18
#121800000
0*
08
#121810000
b111100110 E
1*
18
#121820000
0*
08
#121830000
b111100111 E
1*
18
#121840000
0*
08
#121850000
b111101000 E
1*
18
#121860000
0*
08
#121870000
b111101001 E
1*
18
#121880000
0*
08
#121890000
b111101010 E
1*
18
#121900000
0*
08
#121910000
b111101011 E
1*
18
#121920000
0*
08
#121930000
b111101100 E
1*
18
#121940000
0*
08
#121950000
b111101101 E
1*
18
#121960000
0*
08
#121970000
b111101110 E
1*
18
#121980000
0*
08
#121990000
b111101111 E
1*
18
#122000000
0*
08
#122010000
b111110000 E
1*
18
#122020000
0*
08
#122030000
b111110001 E
1*
18
#122040000
0*
08
#122050000
b111110010 E
1*
18
#122060000
0*
08
#122070000
b111110011 E
1*
18
#122080000
0*
08
#122090000
b111110100 E
1*
18
#122100000
0*
08
#122110000
b111110101 E
1*
18
#122120000
0*
08
#122130000
b111110110 E
1*
18
#122140000
0*
08
#122150000
b111110111 E
1*
18
#122160000
0*
08
#122170000
b111111000 E
1*
18
#122180000
0*
08
#122190000
b111111001 E
1*
18
#122200000
0*
08
#122210000
b111111010 E
1*
18
#122220000
0*
08
#122230000
b111111011 E
1*
18
#122240000
0*
08
#122250000
b111111100 E
1*
18
#122260000
0*
08
#122270000
b111111101 E
1*
18
#122280000
0*
08
#122290000
b111111110 E
1*
18
#122300000
0*
08
#122310000
b111111111 E
1*
18
#122320000
0*
08
#122330000
b1000000000 E
1*
18
#122340000
0*
08
#122350000
b1000000001 E
1*
18
#122360000
0*
08
#122370000
b1000000010 E
1*
18
#122380000
0*
08
#122390000
b1000000011 E
1*
18
#122400000
0*
08
#122410000
b1000000100 E
1*
18
#122420000
0*
08
#122430000
b1000000101 E
1*
18
#122440000
0*
08
#122450000
b1000000110 E
1*
18
#122460000
0*
08
#122470000
b1000000111 E
1*
18
#122480000
0*
08
#122490000
b1000001000 E
1*
18
#122500000
0*
08
#122510000
b1000001001 E
1*
18
#122520000
0*
08
#122530000
b1000001010 E
1*
18
#122540000
0*
08
#122550000
b1000001011 E
1*
18
#122560000
0*
08
#122570000
b1000001100 E
1*
18
#122580000
0*
08
#122590000
b1000001101 E
1*
18
#122600000
0*
08
#122610000
b1000001110 E
1*
18
#122620000
0*
08
#122630000
b1000001111 E
1*
18
#122640000
0*
08
#122650000
b1000010000 E
1*
18
#122660000
0*
08
#122670000
b1000010001 E
1*
18
#122680000
0*
08
#122690000
b1000010010 E
1*
18
#122700000
0*
08
#122710000
b1000010011 E
1*
18
#122720000
0*
08
#122730000
b1000010100 E
1*
18
#122740000
0*
08
#122750000
b1000010101 E
1*
18
#122760000
0*
08
#122770000
b1000010110 E
1*
18
#122780000
0*
08
#122790000
b1000010111 E
1*
18
#122800000
0*
08
#122810000
b1000011000 E
1*
18
#122820000
0*
08
#122830000
b1000011001 E
1*
18
#122840000
0*
08
#122850000
b1000011010 E
1*
18
#122860000
0*
08
#122870000
b1000011011 E
1*
18
#122880000
0*
08
#122890000
b1000011100 E
1*
18
#122900000
0*
08
#122910000
b1000011101 E
1*
18
#122920000
0*
08
#122930000
b1000011110 E
1*
18
#122940000
0*
08
#122950000
b1000011111 E
1*
18
#122960000
0*
08
#122970000
b1000100000 E
1*
18
#122980000
0*
08
#122990000
b1000100001 E
1*
18
#123000000
0*
08
#123010000
b1000100010 E
1*
18
#123020000
0*
08
#123030000
b1000100011 E
1*
18
#123040000
0*
08
#123050000
b1000100100 E
1*
18
#123060000
0*
08
#123070000
b1000100101 E
1*
18
#123080000
0*
08
#123090000
b1000100110 E
1*
18
#123100000
0*
08
#123110000
b1000100111 E
1*
18
#123120000
0*
08
#123130000
b1000101000 E
1*
18
#123140000
0*
08
#123150000
b1000101001 E
1*
18
#123160000
0*
08
#123170000
b1000101010 E
1*
18
#123180000
0*
08
#123190000
b1000101011 E
1*
18
#123200000
0*
08
#123210000
b1000101100 E
1*
18
#123220000
0*
08
#123230000
b1000101101 E
1*
18
#123240000
0*
08
#123250000
b1000101110 E
1*
18
#123260000
0*
08
#123270000
b1000101111 E
1*
18
#123280000
0*
08
#123290000
b1000110000 E
1*
18
#123300000
0*
08
#123310000
b1000110001 E
1*
18
#123320000
0*
08
#123330000
b1000110010 E
1*
18
#123340000
0*
08
#123350000
b1000110011 E
1*
18
#123360000
0*
08
#123370000
b1000110100 E
1*
18
#123380000
0*
08
#123390000
b1000110101 E
1*
18
#123400000
0*
08
#123410000
b1000110110 E
1*
18
#123420000
0*
08
#123430000
b1000110111 E
1*
18
#123440000
0*
08
#123450000
b1000111000 E
1*
18
#123460000
0*
08
#123470000
b1000111001 E
1*
18
#123480000
0*
08
#123490000
b1000111010 E
1*
18
#123500000
0*
08
#123510000
b1000111011 E
1*
18
#123520000
0*
08
#123530000
b1000111100 E
1*
18
#123540000
0*
08
#123550000
b1000111101 E
1*
18
#123560000
0*
08
#123570000
b1000111110 E
1*
18
#123580000
0*
08
#123590000
b1000111111 E
1*
18
#123600000
0*
08
#123610000
b1001000000 E
1*
18
#123620000
0*
08
#123630000
b1001000001 E
1*
18
#123640000
0*
08
#123650000
b1001000010 E
1*
18
#123660000
0*
08
#123670000
b1001000011 E
1*
18
#123680000
0*
08
#123690000
b1001000100 E
1*
18
#123700000
0*
08
#123710000
b1001000101 E
1*
18
#123720000
0*
08
#123730000
b1001000110 E
1*
18
#123740000
0*
08
#123750000
b1001000111 E
1*
18
#123760000
0*
08
#123770000
b1001001000 E
1*
18
#123780000
0*
08
#123790000
b1001001001 E
1*
18
#123800000
0*
08
#123810000
b1001001010 E
1*
18
#123820000
0*
08
#123830000
b1001001011 E
1*
18
#123840000
0*
08
#123850000
b1001001100 E
1*
18
#123860000
0*
08
#123870000
b1001001101 E
1*
18
#123880000
0*
08
#123890000
b1001001110 E
1*
18
#123900000
0*
08
#123910000
b1001001111 E
1*
18
#123920000
0*
08
#123930000
b1001010000 E
1*
18
#123940000
0*
08
#123950000
b1001010001 E
1*
18
#123960000
0*
08
#123970000
b1001010010 E
1*
18
#123980000
0*
08
#123990000
b1001010011 E
1*
18
#124000000
0*
08
#124010000
b1001010100 E
1*
18
#124020000
0*
08
#124030000
b1001010101 E
1*
18
#124040000
0*
08
#124050000
b1001010110 E
1*
18
#124060000
0*
08
#124070000
b1001010111 E
1*
18
#124080000
0*
08
#124090000
b1001011000 E
1*
18
#124100000
0*
08
#124110000
b1001011001 E
1*
18
#124120000
0*
08
#124130000
b1001011010 E
1*
18
#124140000
0*
08
#124150000
b1001011011 E
1*
18
#124160000
0*
08
#124170000
b1001011100 E
1*
18
#124180000
0*
08
#124190000
b1001011101 E
1*
18
#124200000
0*
08
#124210000
b1001011110 E
1*
18
#124220000
0*
08
#124230000
b1001011111 E
1*
18
#124240000
0*
08
#124250000
b1001100000 E
1*
18
#124260000
0*
08
#124270000
b1001100001 E
1*
18
#124280000
0*
08
#124290000
b1001100010 E
1*
18
#124300000
0*
08
#124310000
b1001100011 E
1*
18
#124320000
0*
08
#124330000
b1001100100 E
1*
18
#124340000
0*
08
#124350000
b1001100101 E
1*
18
#124360000
0*
08
#124370000
b1001100110 E
1*
18
#124380000
0*
08
#124390000
b1001100111 E
1*
18
#124400000
0*
08
#124410000
b1001101000 E
1*
18
#124420000
0*
08
#124430000
b1001101001 E
1*
18
#124440000
0*
08
#124450000
b1001101010 E
1*
18
#124460000
0*
08
#124470000
b1001101011 E
1*
18
#124480000
0*
08
#124490000
b1001101100 E
1*
18
#124500000
0*
08
#124510000
b1001101101 E
1*
18
#124520000
0*
08
#124530000
b1001101110 E
1*
18
#124540000
0*
08
#124550000
b1001101111 E
1*
18
#124560000
0*
08
#124570000
b1001110000 E
1*
18
#124580000
0*
08
#124590000
b1001110001 E
1*
18
#124600000
0*
08
#124610000
b1001110010 E
1*
18
#124620000
0*
08
#124630000
b1001110011 E
1*
18
#124640000
0*
08
#124650000
b1001110100 E
1*
18
#124660000
0*
08
#124670000
b1001110101 E
1*
18
#124680000
0*
08
#124690000
b1001110110 E
1*
18
#124700000
0*
08
#124710000
b1001110111 E
1*
18
#124720000
0*
08
#124730000
b1001111000 E
1*
18
#124740000
0*
08
#124750000
b1001111001 E
1*
18
#124760000
0*
08
#124770000
b1001111010 E
1*
18
#124780000
0*
08
#124790000
b1001111011 E
1*
18
#124800000
0*
08
#124810000
b1001111100 E
1*
18
#124820000
0*
08
#124830000
b1001111101 E
1*
18
#124840000
0*
08
#124850000
b1001111110 E
1*
18
#124860000
0*
08
#124870000
b1001111111 E
1*
18
#124880000
0*
08
#124890000
b1010000000 E
1*
18
#124900000
0*
08
#124910000
b1010000001 E
1*
18
#124920000
0*
08
#124930000
b1010000010 E
1*
18
#124940000
0*
08
#124950000
b1010000011 E
1*
18
#124960000
0*
08
#124970000
b1010000100 E
1*
18
#124980000
0*
08
#124990000
b1010000101 E
1*
18
#125000000
0*
08
#125010000
b1010000110 E
1*
18
#125020000
0*
08
#125030000
b1010000111 E
1*
18
#125040000
0*
08
#125050000
b1010001000 E
1*
18
#125060000
0*
08
#125070000
b1010001001 E
1*
18
#125080000
0*
08
#125090000
b1010001010 E
1*
18
#125100000
0*
08
#125110000
b1010001011 E
1*
18
#125120000
0*
08
#125130000
b1010001100 E
1*
18
#125140000
0*
08
#125150000
b1010001101 E
1*
18
#125160000
0*
08
#125170000
b1010001110 E
1*
18
#125180000
0*
08
#125190000
b1010001111 E
1*
18
#125200000
0*
08
#125210000
b1010010000 E
1*
18
#125220000
0*
08
#125230000
b1010010001 E
1*
18
#125240000
0*
08
#125250000
b1010010010 E
1*
18
#125260000
0*
08
#125270000
b1010010011 E
1*
18
#125280000
0*
08
#125290000
b1010010100 E
1*
18
#125300000
0*
08
#125310000
b1010010101 E
1*
18
#125320000
0*
08
#125330000
b1010010110 E
1*
18
#125340000
0*
08
#125350000
b1010010111 E
1*
18
#125360000
0*
08
#125370000
b1010011000 E
1*
18
#125380000
0*
08
#125390000
b1010011001 E
1*
18
#125400000
0*
08
#125410000
b1010011010 E
1*
18
#125420000
0*
08
#125430000
b1010011011 E
1*
18
#125440000
0*
08
#125450000
b1010011100 E
1*
18
#125460000
0*
08
#125470000
b1010011101 E
1*
18
#125480000
0*
08
#125490000
b1010011110 E
1*
18
#125500000
0*
08
#125510000
b1010011111 E
1*
18
#125520000
0*
08
#125530000
b1010100000 E
1*
18
#125540000
0*
08
#125550000
b1010100001 E
1*
18
#125560000
0*
08
#125570000
b1010100010 E
1*
18
#125580000
0*
08
#125590000
b1010100011 E
1*
18
#125600000
0*
08
#125610000
b1010100100 E
1*
18
#125620000
0*
08
#125630000
b1010100101 E
1*
18
#125640000
0*
08
#125650000
b1010100110 E
1*
18
#125660000
0*
08
#125670000
b1010100111 E
1*
18
#125680000
0*
08
#125690000
b1010101000 E
1*
18
#125700000
0*
08
#125710000
b1010101001 E
1*
18
#125720000
0*
08
#125730000
b1010101010 E
1*
18
#125740000
0*
08
#125750000
b1010101011 E
1*
18
#125760000
0*
08
#125770000
b1010101100 E
1*
18
#125780000
0*
08
#125790000
b1010101101 E
1*
18
#125800000
0*
08
#125810000
b1010101110 E
1*
18
#125820000
0*
08
#125830000
b1010101111 E
1*
18
#125840000
0*
08
#125850000
b1010110000 E
1*
18
#125860000
0*
08
#125870000
b1010110001 E
1*
18
#125880000
0*
08
#125890000
b1010110010 E
1*
18
#125900000
0*
08
#125910000
b1010110011 E
1*
18
#125920000
0*
08
#125930000
b1010110100 E
1*
18
#125940000
0*
08
#125950000
b1010110101 E
1*
18
#125960000
0*
08
#125970000
b1010110110 E
1*
18
#125980000
0*
08
#125990000
b1010110111 E
1*
18
#126000000
0*
08
#126010000
b1010111000 E
1*
18
#126020000
0*
08
#126030000
b1010111001 E
1*
18
#126040000
0*
08
#126050000
b1010111010 E
1*
18
#126060000
0*
08
#126070000
b1010111011 E
1*
18
#126080000
0*
08
#126090000
b1010111100 E
1*
18
#126100000
0*
08
#126110000
b1010111101 E
1*
18
#126120000
0*
08
#126130000
b1010111110 E
1*
18
#126140000
0*
08
#126150000
b1010111111 E
1*
18
#126160000
0*
08
#126170000
b1011000000 E
1*
18
#126180000
0*
08
#126190000
b1011000001 E
1*
18
#126200000
0*
08
#126210000
b1011000010 E
1*
18
#126220000
0*
08
#126230000
b1011000011 E
1*
18
#126240000
0*
08
#126250000
b1011000100 E
1*
18
#126260000
0*
08
#126270000
b1011000101 E
1*
18
#126280000
0*
08
#126290000
b1011000110 E
1*
18
#126300000
0*
08
#126310000
b1011000111 E
1*
18
#126320000
0*
08
#126330000
b1011001000 E
1*
18
#126340000
0*
08
#126350000
b1011001001 E
1*
18
#126360000
0*
08
#126370000
b1011001010 E
1*
18
#126380000
0*
08
#126390000
b1011001011 E
1*
18
#126400000
0*
08
#126410000
b1011001100 E
1*
18
#126420000
0*
08
#126430000
b1011001101 E
1*
18
#126440000
0*
08
#126450000
b1011001110 E
1*
18
#126460000
0*
08
#126470000
b1011001111 E
1*
18
#126480000
0*
08
#126490000
b1011010000 E
1*
18
#126500000
0*
08
#126510000
b1011010001 E
1*
18
#126520000
0*
08
#126530000
b1011010010 E
1*
18
#126540000
0*
08
#126550000
b1011010011 E
1*
18
#126560000
0*
08
#126570000
b1011010100 E
1*
18
#126580000
0*
08
#126590000
b1011010101 E
1*
18
#126600000
0*
08
#126610000
b1011010110 E
1*
18
#126620000
0*
08
#126630000
b1011010111 E
1*
18
#126640000
0*
08
#126650000
b1011011000 E
1*
18
#126660000
0*
08
#126670000
b1011011001 E
1*
18
#126680000
0*
08
#126690000
b1011011010 E
1*
18
#126700000
0*
08
#126710000
b1011011011 E
1*
18
#126720000
0*
08
#126730000
b1011011100 E
1*
18
#126740000
0*
08
#126750000
b1011011101 E
1*
18
#126760000
0*
08
#126770000
b1011011110 E
1*
18
#126780000
0*
08
#126790000
b1011011111 E
1*
18
#126800000
0*
08
#126810000
b1011100000 E
1*
18
#126820000
0*
08
#126830000
b1011100001 E
1*
18
#126840000
0*
08
#126850000
b1011100010 E
1*
18
#126860000
0*
08
#126870000
b1011100011 E
1*
18
#126880000
0*
08
#126890000
b1011100100 E
1*
18
#126900000
0*
08
#126910000
b1011100101 E
1*
18
#126920000
0*
08
#126930000
b1011100110 E
1*
18
#126940000
0*
08
#126950000
b1011100111 E
1*
18
#126960000
0*
08
#126970000
b1011101000 E
1*
18
#126980000
0*
08
#126990000
b1011101001 E
1*
18
#127000000
0*
08
#127010000
b1011101010 E
1*
18
#127020000
0*
08
#127030000
b1011101011 E
1*
18
#127040000
0*
08
#127050000
b1011101100 E
1*
18
#127060000
0*
08
#127070000
b1011101101 E
1*
18
#127080000
0*
08
#127090000
b1011101110 E
1*
18
#127100000
0*
08
#127110000
b1011101111 E
1*
18
#127120000
0*
08
#127130000
b1011110000 E
1*
18
#127140000
0*
08
#127150000
b1011110001 E
1*
18
#127160000
0*
08
#127170000
b1011110010 E
1*
18
#127180000
0*
08
#127190000
b1011110011 E
1*
18
#127200000
0*
08
#127210000
b1011110100 E
1*
18
#127220000
0*
08
#127230000
b1011110101 E
1*
18
#127240000
0*
08
#127250000
b1011110110 E
1*
18
#127260000
0*
08
#127270000
b1011110111 E
1*
18
#127280000
0*
08
#127290000
b1011111000 E
1*
18
#127300000
0*
08
#127310000
b1011111001 E
1*
18
#127320000
0*
08
#127330000
b1011111010 E
1*
18
#127340000
0*
08
#127350000
b1011111011 E
1*
18
#127360000
0*
08
#127370000
b1011111100 E
1*
18
#127380000
0*
08
#127390000
b1011111101 E
1*
18
#127400000
0*
08
#127410000
b1011111110 E
1*
18
#127420000
0*
08
#127430000
b1011111111 E
1*
18
#127440000
0*
08
#127450000
b1100000000 E
1*
18
#127460000
0*
08
#127470000
b1100000001 E
1*
18
#127480000
0*
08
#127490000
b1100000010 E
1*
18
#127500000
0*
08
#127510000
b1100000011 E
1*
18
#127520000
0*
08
#127530000
b1100000100 E
1*
18
#127540000
0*
08
#127550000
b1100000101 E
1*
18
#127560000
0*
08
#127570000
b1100000110 E
1*
18
#127580000
0*
08
#127590000
b1100000111 E
1*
18
#127600000
0*
08
#127610000
b1100001000 E
1*
18
#127620000
0*
08
#127630000
b1100001001 E
1*
18
#127640000
0*
08
#127650000
b1100001010 E
1*
18
#127660000
0*
08
#127670000
b1100001011 E
1*
18
#127680000
0*
08
#127690000
b1100001100 E
1*
18
#127700000
0*
08
#127710000
b1100001101 E
1*
18
#127720000
0*
08
#127730000
b1100001110 E
1*
18
#127740000
0*
08
#127750000
b1100001111 E
1*
18
#127760000
0*
08
#127770000
b1100010000 E
1*
18
#127780000
0*
08
#127790000
b1100010001 E
1*
18
#127800000
0*
08
#127810000
b1100010010 E
1*
18
#127820000
0*
08
#127830000
b1100010011 E
1*
18
#127840000
0*
08
#127850000
b1100010100 E
1*
18
#127860000
0*
08
#127870000
b1100010101 E
1*
18
#127880000
0*
08
#127890000
b1100010110 E
1*
18
#127900000
0*
08
#127910000
b1100010111 E
1*
18
#127920000
0*
08
#127930000
b1100011000 E
1*
18
#127940000
0*
08
#127950000
b1100011001 E
1*
18
#127960000
0*
08
#127970000
b1100011010 E
1*
18
#127980000
0*
08
#127990000
b1100011011 E
1*
18
#128000000
0*
08
#128010000
b1100011100 E
1*
18
#128020000
0*
08
#128030000
b1100011101 E
1*
18
#128040000
0*
08
#128050000
b1100011110 E
1*
18
#128060000
0*
08
#128070000
b1100011111 E
1*
18
#128080000
0*
08
#128090000
0B
b0 E
b1000 N
1*
18
#128100000
0*
08
#128110000
b1 E
0K
1*
18
#128120000
0*
08
#128130000
0G
0"
b10 E
1*
18
#128140000
0*
08
#128150000
b11 E
1*
18
#128160000
0*
08
#128170000
b100 E
1*
18
#128180000
0*
08
#128190000
b101 E
1*
18
#128200000
0*
08
#128210000
b110 E
1*
18
#128220000
0*
08
#128230000
b111 E
1*
18
#128240000
0*
08
#128250000
b1000 E
1*
18
#128260000
0*
08
#128270000
b1001 E
1*
18
#128280000
0*
08
#128290000
b1010 E
1*
18
#128300000
0*
08
#128310000
b1011 E
1*
18
#128320000
0*
08
#128330000
b1100 E
1*
18
#128340000
0*
08
#128350000
b1101 E
1*
18
#128360000
0*
08
#128370000
b1110 E
1*
18
#128380000
0*
08
#128390000
b1111 E
1*
18
#128400000
0*
08
#128410000
b10000 E
1*
18
#128420000
0*
08
#128430000
b10001 E
1*
18
#128440000
0*
08
#128450000
b10010 E
1*
18
#128460000
0*
08
#128470000
b10011 E
1*
18
#128480000
0*
08
#128490000
b10100 E
1*
18
#128500000
0*
08
#128510000
b10101 E
1*
18
#128520000
0*
08
#128530000
b10110 E
1*
18
#128540000
0*
08
#128550000
b10111 E
1*
18
#128560000
0*
08
#128570000
b11000 E
1*
18
#128580000
0*
08
#128590000
b11001 E
1*
18
#128600000
0*
08
#128610000
b11010 E
1*
18
#128620000
0*
08
#128630000
b11011 E
1*
18
#128640000
0*
08
#128650000
b11100 E
1*
18
#128660000
0*
08
#128670000
b11101 E
1*
18
#128680000
0*
08
#128690000
b11110 E
1*
18
#128700000
0*
08
#128710000
b11111 E
1*
18
#128720000
0*
08
#128730000
b100000 E
1*
18
#128740000
0*
08
#128750000
b100001 E
1*
18
#128760000
0*
08
#128770000
b100010 E
1*
18
#128780000
0*
08
#128790000
b100011 E
1*
18
#128800000
0*
08
#128810000
b100100 E
1*
18
#128820000
0*
08
#128830000
b100101 E
1*
18
#128840000
0*
08
#128850000
b100110 E
1*
18
#128860000
0*
08
#128870000
b100111 E
1*
18
#128880000
0*
08
#128890000
b101000 E
1*
18
#128900000
0*
08
#128910000
b101001 E
1*
18
#128920000
0*
08
#128930000
b101010 E
1*
18
#128940000
0*
08
#128950000
b101011 E
1*
18
#128960000
0*
08
#128970000
b101100 E
1*
18
#128980000
0*
08
#128990000
b101101 E
1*
18
#129000000
0*
08
#129010000
b101110 E
1*
18
#129020000
0*
08
#129030000
b101111 E
1*
18
#129040000
0*
08
#129050000
b110000 E
1*
18
#129060000
0*
08
#129070000
b110001 E
1*
18
#129080000
0*
08
#129090000
b110010 E
1*
18
#129100000
0*
08
#129110000
b110011 E
1*
18
#129120000
0*
08
#129130000
b110100 E
1*
18
#129140000
0*
08
#129150000
b110101 E
1*
18
#129160000
0*
08
#129170000
b110110 E
1*
18
#129180000
0*
08
#129190000
b110111 E
1*
18
#129200000
0*
08
#129210000
b111000 E
1*
18
#129220000
0*
08
#129230000
b111001 E
1*
18
#129240000
0*
08
#129250000
b111010 E
1*
18
#129260000
0*
08
#129270000
b111011 E
1*
18
#129280000
0*
08
#129290000
b111100 E
1*
18
#129300000
0*
08
#129310000
b111101 E
1*
18
#129320000
0*
08
#129330000
b111110 E
1*
18
#129340000
0*
08
#129350000
b111111 E
1*
18
#129360000
0*
08
#129370000
b1000000 E
1*
18
#129380000
0*
08
#129390000
b1000001 E
1*
18
#129400000
0*
08
#129410000
b1000010 E
1*
18
#129420000
0*
08
#129430000
b1000011 E
1*
18
#129440000
0*
08
#129450000
b1000100 E
1*
18
#129460000
0*
08
#129470000
b1000101 E
1*
18
#129480000
0*
08
#129490000
b1000110 E
1*
18
#129500000
0*
08
#129510000
b1000111 E
1*
18
#129520000
0*
08
#129530000
b1001000 E
1*
18
#129540000
0*
08
#129550000
b1001001 E
1*
18
#129560000
0*
08
#129570000
b1001010 E
1*
18
#129580000
0*
08
#129590000
b1001011 E
1*
18
#129600000
0*
08
#129610000
b1001100 E
1*
18
#129620000
0*
08
#129630000
b1001101 E
1*
18
#129640000
0*
08
#129650000
b1001110 E
1*
18
#129660000
0*
08
#129670000
b1001111 E
1*
18
#129680000
0*
08
#129690000
b1010000 E
1*
18
#129700000
0*
08
#129710000
b1010001 E
1*
18
#129720000
0*
08
#129730000
b1010010 E
1*
18
#129740000
0*
08
#129750000
b1010011 E
1*
18
#129760000
0*
08
#129770000
b1010100 E
1*
18
#129780000
0*
08
#129790000
b1010101 E
1*
18
#129800000
0*
08
#129810000
b1010110 E
1*
18
#129820000
0*
08
#129830000
b1010111 E
1*
18
#129840000
0*
08
#129850000
b1011000 E
1*
18
#129860000
0*
08
#129870000
b1011001 E
1*
18
#129880000
0*
08
#129890000
b1011010 E
1*
18
#129900000
0*
08
#129910000
b1011011 E
1*
18
#129920000
0*
08
#129930000
b1011100 E
1*
18
#129940000
0*
08
#129950000
b1011101 E
1*
18
#129960000
0*
08
#129970000
b1011110 E
1*
18
#129980000
0*
08
#129990000
b1011111 E
1*
18
#130000000
0*
08
#130010000
1B
b1100000 E
1*
18
#130020000
0*
08
#130030000
b1100001 E
1K
1*
18
#130040000
0*
08
#130050000
1G
1"
b1100010 E
1*
18
#130060000
0*
08
#130070000
b1100011 E
1*
18
#130080000
0*
08
#130090000
b1100100 E
1*
18
#130100000
0*
08
#130110000
b1100101 E
1*
18
#130120000
0*
08
#130130000
b1100110 E
1*
18
#130140000
0*
08
#130150000
b1100111 E
1*
18
#130160000
0*
08
#130170000
b1101000 E
1*
18
#130180000
0*
08
#130190000
b1101001 E
1*
18
#130200000
0*
08
#130210000
b1101010 E
1*
18
#130220000
0*
08
#130230000
b1101011 E
1*
18
#130240000
0*
08
#130250000
b1101100 E
1*
18
#130260000
0*
08
#130270000
b1101101 E
1*
18
#130280000
0*
08
#130290000
b1101110 E
1*
18
#130300000
0*
08
#130310000
b1101111 E
1*
18
#130320000
0*
08
#130330000
b1110000 E
1*
18
#130340000
0*
08
#130350000
b1110001 E
1*
18
#130360000
0*
08
#130370000
b1110010 E
1*
18
#130380000
0*
08
#130390000
b1110011 E
1*
18
#130400000
0*
08
#130410000
b1110100 E
1*
18
#130420000
0*
08
#130430000
b1110101 E
1*
18
#130440000
0*
08
#130450000
b1110110 E
1*
18
#130460000
0*
08
#130470000
b1110111 E
1*
18
#130480000
0*
08
#130490000
b1111000 E
1*
18
#130500000
0*
08
#130510000
b1111001 E
1*
18
#130520000
0*
08
#130530000
b1111010 E
1*
18
#130540000
0*
08
#130550000
b1111011 E
1*
18
#130560000
0*
08
#130570000
b1111100 E
1*
18
#130580000
0*
08
#130590000
b1111101 E
1*
18
#130600000
0*
08
#130610000
b1111110 E
1*
18
#130620000
0*
08
#130630000
b1111111 E
1*
18
#130640000
0*
08
#130650000
b10000000 E
1*
18
#130660000
0*
08
#130670000
b10000001 E
1*
18
#130680000
0*
08
#130690000
b10000010 E
1*
18
#130700000
0*
08
#130710000
b10000011 E
1*
18
#130720000
0*
08
#130730000
b10000100 E
1*
18
#130740000
0*
08
#130750000
b10000101 E
1*
18
#130760000
0*
08
#130770000
b10000110 E
1*
18
#130780000
0*
08
#130790000
b10000111 E
1*
18
#130800000
0*
08
#130810000
b10001000 E
1*
18
#130820000
0*
08
#130830000
b10001001 E
1*
18
#130840000
0*
08
#130850000
b10001010 E
1*
18
#130860000
0*
08
#130870000
b10001011 E
1*
18
#130880000
0*
08
#130890000
b10001100 E
1*
18
#130900000
0*
08
#130910000
b10001101 E
1*
18
#130920000
0*
08
#130930000
b10001110 E
1*
18
#130940000
0*
08
#130950000
b10001111 E
1*
18
#130960000
0*
08
#130970000
b10010000 E
1*
18
#130980000
0*
08
#130990000
b10010001 E
1*
18
#131000000
0*
08
#131010000
b10010010 E
1*
18
#131020000
0*
08
#131030000
b10010011 E
1*
18
#131040000
0*
08
#131050000
b10010100 E
1*
18
#131060000
0*
08
#131070000
b10010101 E
1*
18
#131080000
0*
08
#131090000
b10010110 E
1*
18
#131100000
0*
08
#131110000
b10010111 E
1*
18
#131120000
0*
08
#131130000
b10011000 E
1*
18
#131140000
0*
08
#131150000
b10011001 E
1*
18
#131160000
0*
08
#131170000
b10011010 E
1*
18
#131180000
0*
08
#131190000
b10011011 E
1*
18
#131200000
0*
08
#131210000
b10011100 E
1*
18
#131220000
0*
08
#131230000
b10011101 E
1*
18
#131240000
0*
08
#131250000
b10011110 E
1*
18
#131260000
0*
08
#131270000
b10011111 E
1*
18
#131280000
0*
08
#131290000
b10100000 E
1*
18
#131300000
0*
08
#131310000
b10100001 E
1*
18
#131320000
0*
08
#131330000
b10100010 E
1*
18
#131340000
0*
08
#131350000
b10100011 E
1*
18
#131360000
0*
08
#131370000
b10100100 E
1*
18
#131380000
0*
08
#131390000
b10100101 E
1*
18
#131400000
0*
08
#131410000
b10100110 E
1*
18
#131420000
0*
08
#131430000
b10100111 E
1*
18
#131440000
0*
08
#131450000
b10101000 E
1*
18
#131460000
0*
08
#131470000
b10101001 E
1*
18
#131480000
0*
08
#131490000
b10101010 E
1*
18
#131500000
0*
08
#131510000
b10101011 E
1*
18
#131520000
0*
08
#131530000
b10101100 E
1*
18
#131540000
0*
08
#131550000
b10101101 E
1*
18
#131560000
0*
08
#131570000
b10101110 E
1*
18
#131580000
0*
08
#131590000
b10101111 E
1*
18
#131600000
0*
08
#131610000
b10110000 E
1*
18
#131620000
0*
08
#131630000
b10110001 E
1*
18
#131640000
0*
08
#131650000
b10110010 E
1*
18
#131660000
0*
08
#131670000
b10110011 E
1*
18
#131680000
0*
08
#131690000
b10110100 E
1*
18
#131700000
0*
08
#131710000
b10110101 E
1*
18
#131720000
0*
08
#131730000
b10110110 E
1*
18
#131740000
0*
08
#131750000
b10110111 E
1*
18
#131760000
0*
08
#131770000
b10111000 E
1*
18
#131780000
0*
08
#131790000
b10111001 E
1*
18
#131800000
0*
08
#131810000
b10111010 E
1*
18
#131820000
0*
08
#131830000
b10111011 E
1*
18
#131840000
0*
08
#131850000
b10111100 E
1*
18
#131860000
0*
08
#131870000
b10111101 E
1*
18
#131880000
0*
08
#131890000
b10111110 E
1*
18
#131900000
0*
08
#131910000
b10111111 E
1*
18
#131920000
0*
08
#131930000
b11000000 E
1*
18
#131940000
0*
08
#131950000
b11000001 E
1*
18
#131960000
0*
08
#131970000
b11000010 E
1*
18
#131980000
0*
08
#131990000
b11000011 E
1*
18
#132000000
0*
08
#132010000
b11000100 E
1*
18
#132020000
0*
08
#132030000
b11000101 E
1*
18
#132040000
0*
08
#132050000
b11000110 E
1*
18
#132060000
0*
08
#132070000
b11000111 E
1*
18
#132080000
0*
08
#132090000
b11001000 E
1*
18
#132100000
0*
08
#132110000
b11001001 E
1*
18
#132120000
0*
08
#132130000
b11001010 E
1*
18
#132140000
0*
08
#132150000
b11001011 E
1*
18
#132160000
0*
08
#132170000
b11001100 E
1*
18
#132180000
0*
08
#132190000
b11001101 E
1*
18
#132200000
0*
08
#132210000
b11001110 E
1*
18
#132220000
0*
08
#132230000
b11001111 E
1*
18
#132240000
0*
08
#132250000
b11010000 E
1*
18
#132260000
0*
08
#132270000
b11010001 E
1*
18
#132280000
0*
08
#132290000
b11010010 E
1*
18
#132300000
0*
08
#132310000
b11010011 E
1*
18
#132320000
0*
08
#132330000
b11010100 E
1*
18
#132340000
0*
08
#132350000
b11010101 E
1*
18
#132360000
0*
08
#132370000
b11010110 E
1*
18
#132380000
0*
08
#132390000
b11010111 E
1*
18
#132400000
0*
08
#132410000
b11011000 E
1*
18
#132420000
0*
08
#132430000
b11011001 E
1*
18
#132440000
0*
08
#132450000
b11011010 E
1*
18
#132460000
0*
08
#132470000
b11011011 E
1*
18
#132480000
0*
08
#132490000
b11011100 E
1*
18
#132500000
0*
08
#132510000
b11011101 E
1*
18
#132520000
0*
08
#132530000
b11011110 E
1*
18
#132540000
0*
08
#132550000
b11011111 E
1*
18
#132560000
0*
08
#132570000
b11100000 E
1*
18
#132580000
0*
08
#132590000
b11100001 E
1*
18
#132600000
0*
08
#132610000
b11100010 E
1*
18
#132620000
0*
08
#132630000
b11100011 E
1*
18
#132640000
0*
08
#132650000
b11100100 E
1*
18
#132660000
0*
08
#132670000
b11100101 E
1*
18
#132680000
0*
08
#132690000
b11100110 E
1*
18
#132700000
0*
08
#132710000
b11100111 E
1*
18
#132720000
0*
08
#132730000
b11101000 E
1*
18
#132740000
0*
08
#132750000
b11101001 E
1*
18
#132760000
0*
08
#132770000
b11101010 E
1*
18
#132780000
0*
08
#132790000
b11101011 E
1*
18
#132800000
0*
08
#132810000
b11101100 E
1*
18
#132820000
0*
08
#132830000
b11101101 E
1*
18
#132840000
0*
08
#132850000
b11101110 E
1*
18
#132860000
0*
08
#132870000
b11101111 E
1*
18
#132880000
0*
08
#132890000
b11110000 E
1*
18
#132900000
0*
08
#132910000
b11110001 E
1*
18
#132920000
0*
08
#132930000
b11110010 E
1*
18
#132940000
0*
08
#132950000
b11110011 E
1*
18
#132960000
0*
08
#132970000
b11110100 E
1*
18
#132980000
0*
08
#132990000
b11110101 E
1*
18
#133000000
0*
08
#133010000
b11110110 E
1*
18
#133020000
0*
08
#133030000
b11110111 E
1*
18
#133040000
0*
08
#133050000
b11111000 E
1*
18
#133060000
0*
08
#133070000
b11111001 E
1*
18
#133080000
0*
08
#133090000
b11111010 E
1*
18
#133100000
0*
08
#133110000
b11111011 E
1*
18
#133120000
0*
08
#133130000
b11111100 E
1*
18
#133140000
0*
08
#133150000
b11111101 E
1*
18
#133160000
0*
08
#133170000
b11111110 E
1*
18
#133180000
0*
08
#133190000
b11111111 E
1*
18
#133200000
0*
08
#133210000
b100000000 E
1*
18
#133220000
0*
08
#133230000
b100000001 E
1*
18
#133240000
0*
08
#133250000
b100000010 E
1*
18
#133260000
0*
08
#133270000
b100000011 E
1*
18
#133280000
0*
08
#133290000
b100000100 E
1*
18
#133300000
0*
08
#133310000
b100000101 E
1*
18
#133320000
0*
08
#133330000
b100000110 E
1*
18
#133340000
0*
08
#133350000
b100000111 E
1*
18
#133360000
0*
08
#133370000
b100001000 E
1*
18
#133380000
0*
08
#133390000
b100001001 E
1*
18
#133400000
0*
08
#133410000
b100001010 E
1*
18
#133420000
0*
08
#133430000
b100001011 E
1*
18
#133440000
0*
08
#133450000
b100001100 E
1*
18
#133460000
0*
08
#133470000
b100001101 E
1*
18
#133480000
0*
08
#133490000
b100001110 E
1*
18
#133500000
0*
08
#133510000
b100001111 E
1*
18
#133520000
0*
08
#133530000
b100010000 E
1*
18
#133540000
0*
08
#133550000
b100010001 E
1*
18
#133560000
0*
08
#133570000
b100010010 E
1*
18
#133580000
0*
08
#133590000
b100010011 E
1*
18
#133600000
0*
08
#133610000
b100010100 E
1*
18
#133620000
0*
08
#133630000
b100010101 E
1*
18
#133640000
0*
08
#133650000
b100010110 E
1*
18
#133660000
0*
08
#133670000
b100010111 E
1*
18
#133680000
0*
08
#133690000
b100011000 E
1*
18
#133700000
0*
08
#133710000
b100011001 E
1*
18
#133720000
0*
08
#133730000
b100011010 E
1*
18
#133740000
0*
08
#133750000
b100011011 E
1*
18
#133760000
0*
08
#133770000
b100011100 E
1*
18
#133780000
0*
08
#133790000
b100011101 E
1*
18
#133800000
0*
08
#133810000
b100011110 E
1*
18
#133820000
0*
08
#133830000
b100011111 E
1*
18
#133840000
0*
08
#133850000
b100100000 E
1*
18
#133860000
0*
08
#133870000
b100100001 E
1*
18
#133880000
0*
08
#133890000
b100100010 E
1*
18
#133900000
0*
08
#133910000
b100100011 E
1*
18
#133920000
0*
08
#133930000
b100100100 E
1*
18
#133940000
0*
08
#133950000
b100100101 E
1*
18
#133960000
0*
08
#133970000
b100100110 E
1*
18
#133980000
0*
08
#133990000
b100100111 E
1*
18
#134000000
0*
08
#134010000
b100101000 E
1*
18
#134020000
0*
08
#134030000
b100101001 E
1*
18
#134040000
0*
08
#134050000
b100101010 E
1*
18
#134060000
0*
08
#134070000
b100101011 E
1*
18
#134080000
0*
08
#134090000
b100101100 E
1*
18
#134100000
0*
08
#134110000
b100101101 E
1*
18
#134120000
0*
08
#134130000
b100101110 E
1*
18
#134140000
0*
08
#134150000
b100101111 E
1*
18
#134160000
0*
08
#134170000
b100110000 E
1*
18
#134180000
0*
08
#134190000
b100110001 E
1*
18
#134200000
0*
08
#134210000
b100110010 E
1*
18
#134220000
0*
08
#134230000
b100110011 E
1*
18
#134240000
0*
08
#134250000
b100110100 E
1*
18
#134260000
0*
08
#134270000
b100110101 E
1*
18
#134280000
0*
08
#134290000
b100110110 E
1*
18
#134300000
0*
08
#134310000
b100110111 E
1*
18
#134320000
0*
08
#134330000
b100111000 E
1*
18
#134340000
0*
08
#134350000
b100111001 E
1*
18
#134360000
0*
08
#134370000
b100111010 E
1*
18
#134380000
0*
08
#134390000
b100111011 E
1*
18
#134400000
0*
08
#134410000
b100111100 E
1*
18
#134420000
0*
08
#134430000
b100111101 E
1*
18
#134440000
0*
08
#134450000
b100111110 E
1*
18
#134460000
0*
08
#134470000
b100111111 E
1*
18
#134480000
0*
08
#134490000
b101000000 E
1*
18
#134500000
0*
08
#134510000
b101000001 E
1*
18
#134520000
0*
08
#134530000
b101000010 E
1*
18
#134540000
0*
08
#134550000
b101000011 E
1*
18
#134560000
0*
08
#134570000
b101000100 E
1*
18
#134580000
0*
08
#134590000
b101000101 E
1*
18
#134600000
0*
08
#134610000
b101000110 E
1*
18
#134620000
0*
08
#134630000
b101000111 E
1*
18
#134640000
0*
08
#134650000
b101001000 E
1*
18
#134660000
0*
08
#134670000
b101001001 E
1*
18
#134680000
0*
08
#134690000
b101001010 E
1*
18
#134700000
0*
08
#134710000
b101001011 E
1*
18
#134720000
0*
08
#134730000
b101001100 E
1*
18
#134740000
0*
08
#134750000
b101001101 E
1*
18
#134760000
0*
08
#134770000
b101001110 E
1*
18
#134780000
0*
08
#134790000
b101001111 E
1*
18
#134800000
0*
08
#134810000
b101010000 E
1*
18
#134820000
0*
08
#134830000
b101010001 E
1*
18
#134840000
0*
08
#134850000
b101010010 E
1*
18
#134860000
0*
08
#134870000
b101010011 E
1*
18
#134880000
0*
08
#134890000
b101010100 E
1*
18
#134900000
0*
08
#134910000
b101010101 E
1*
18
#134920000
0*
08
#134930000
b101010110 E
1*
18
#134940000
0*
08
#134950000
b101010111 E
1*
18
#134960000
0*
08
#134970000
b101011000 E
1*
18
#134980000
0*
08
#134990000
b101011001 E
1*
18
#135000000
0*
08
#135010000
b101011010 E
1*
18
#135020000
0*
08
#135030000
b101011011 E
1*
18
#135040000
0*
08
#135050000
b101011100 E
1*
18
#135060000
0*
08
#135070000
b101011101 E
1*
18
#135080000
0*
08
#135090000
b101011110 E
1*
18
#135100000
0*
08
#135110000
b101011111 E
1*
18
#135120000
0*
08
#135130000
b101100000 E
1*
18
#135140000
0*
08
#135150000
b101100001 E
1*
18
#135160000
0*
08
#135170000
b101100010 E
1*
18
#135180000
0*
08
#135190000
b101100011 E
1*
18
#135200000
0*
08
#135210000
b101100100 E
1*
18
#135220000
0*
08
#135230000
b101100101 E
1*
18
#135240000
0*
08
#135250000
b101100110 E
1*
18
#135260000
0*
08
#135270000
b101100111 E
1*
18
#135280000
0*
08
#135290000
b101101000 E
1*
18
#135300000
0*
08
#135310000
b101101001 E
1*
18
#135320000
0*
08
#135330000
b101101010 E
1*
18
#135340000
0*
08
#135350000
b101101011 E
1*
18
#135360000
0*
08
#135370000
b101101100 E
1*
18
#135380000
0*
08
#135390000
b101101101 E
1*
18
#135400000
0*
08
#135410000
b101101110 E
1*
18
#135420000
0*
08
#135430000
b101101111 E
1*
18
#135440000
0*
08
#135450000
b101110000 E
1*
18
#135460000
0*
08
#135470000
b101110001 E
1*
18
#135480000
0*
08
#135490000
b101110010 E
1*
18
#135500000
0*
08
#135510000
b101110011 E
1*
18
#135520000
0*
08
#135530000
b101110100 E
1*
18
#135540000
0*
08
#135550000
b101110101 E
1*
18
#135560000
0*
08
#135570000
b101110110 E
1*
18
#135580000
0*
08
#135590000
b101110111 E
1*
18
#135600000
0*
08
#135610000
b101111000 E
1*
18
#135620000
0*
08
#135630000
b101111001 E
1*
18
#135640000
0*
08
#135650000
b101111010 E
1*
18
#135660000
0*
08
#135670000
b101111011 E
1*
18
#135680000
0*
08
#135690000
b101111100 E
1*
18
#135700000
0*
08
#135710000
b101111101 E
1*
18
#135720000
0*
08
#135730000
b101111110 E
1*
18
#135740000
0*
08
#135750000
b101111111 E
1*
18
#135760000
0*
08
#135770000
b110000000 E
1*
18
#135780000
0*
08
#135790000
b110000001 E
1*
18
#135800000
0*
08
#135810000
b110000010 E
1*
18
#135820000
0*
08
#135830000
b110000011 E
1*
18
#135840000
0*
08
#135850000
b110000100 E
1*
18
#135860000
0*
08
#135870000
b110000101 E
1*
18
#135880000
0*
08
#135890000
b110000110 E
1*
18
#135900000
0*
08
#135910000
b110000111 E
1*
18
#135920000
0*
08
#135930000
b110001000 E
1*
18
#135940000
0*
08
#135950000
b110001001 E
1*
18
#135960000
0*
08
#135970000
b110001010 E
1*
18
#135980000
0*
08
#135990000
b110001011 E
1*
18
#136000000
0*
08
#136010000
b110001100 E
1*
18
#136020000
0*
08
#136030000
b110001101 E
1*
18
#136040000
0*
08
#136050000
b110001110 E
1*
18
#136060000
0*
08
#136070000
b110001111 E
1*
18
#136080000
0*
08
#136090000
b110010000 E
1*
18
#136100000
0*
08
#136110000
b110010001 E
1*
18
#136120000
0*
08
#136130000
b110010010 E
1*
18
#136140000
0*
08
#136150000
b110010011 E
1*
18
#136160000
0*
08
#136170000
b110010100 E
1*
18
#136180000
0*
08
#136190000
b110010101 E
1*
18
#136200000
0*
08
#136210000
b110010110 E
1*
18
#136220000
0*
08
#136230000
b110010111 E
1*
18
#136240000
0*
08
#136250000
b110011000 E
1*
18
#136260000
0*
08
#136270000
b110011001 E
1*
18
#136280000
0*
08
#136290000
b110011010 E
1*
18
#136300000
0*
08
#136310000
b110011011 E
1*
18
#136320000
0*
08
#136330000
b110011100 E
1*
18
#136340000
0*
08
#136350000
b110011101 E
1*
18
#136360000
0*
08
#136370000
b110011110 E
1*
18
#136380000
0*
08
#136390000
b110011111 E
1*
18
#136400000
0*
08
#136410000
b110100000 E
1*
18
#136420000
0*
08
#136430000
b110100001 E
1*
18
#136440000
0*
08
#136450000
b110100010 E
1*
18
#136460000
0*
08
#136470000
b110100011 E
1*
18
#136480000
0*
08
#136490000
b110100100 E
1*
18
#136500000
0*
08
#136510000
b110100101 E
1*
18
#136520000
0*
08
#136530000
b110100110 E
1*
18
#136540000
0*
08
#136550000
b110100111 E
1*
18
#136560000
0*
08
#136570000
b110101000 E
1*
18
#136580000
0*
08
#136590000
b110101001 E
1*
18
#136600000
0*
08
#136610000
b110101010 E
1*
18
#136620000
0*
08
#136630000
b110101011 E
1*
18
#136640000
0*
08
#136650000
b110101100 E
1*
18
#136660000
0*
08
#136670000
b110101101 E
1*
18
#136680000
0*
08
#136690000
b110101110 E
1*
18
#136700000
0*
08
#136710000
b110101111 E
1*
18
#136720000
0*
08
#136730000
b110110000 E
1*
18
#136740000
0*
08
#136750000
b110110001 E
1*
18
#136760000
0*
08
#136770000
b110110010 E
1*
18
#136780000
0*
08
#136790000
b110110011 E
1*
18
#136800000
0*
08
#136810000
b110110100 E
1*
18
#136820000
0*
08
#136830000
b110110101 E
1*
18
#136840000
0*
08
#136850000
b110110110 E
1*
18
#136860000
0*
08
#136870000
b110110111 E
1*
18
#136880000
0*
08
#136890000
b110111000 E
1*
18
#136900000
0*
08
#136910000
b110111001 E
1*
18
#136920000
0*
08
#136930000
b110111010 E
1*
18
#136940000
0*
08
#136950000
b110111011 E
1*
18
#136960000
0*
08
#136970000
b110111100 E
1*
18
#136980000
0*
08
#136990000
b110111101 E
1*
18
#137000000
0*
08
#137010000
b110111110 E
1*
18
#137020000
0*
08
#137030000
b110111111 E
1*
18
#137040000
0*
08
#137050000
b111000000 E
1*
18
#137060000
0*
08
#137070000
b111000001 E
1*
18
#137080000
0*
08
#137090000
b111000010 E
1*
18
#137100000
0*
08
#137110000
b111000011 E
1*
18
#137120000
0*
08
#137130000
b111000100 E
1*
18
#137140000
0*
08
#137150000
b111000101 E
1*
18
#137160000
0*
08
#137170000
b111000110 E
1*
18
#137180000
0*
08
#137190000
b111000111 E
1*
18
#137200000
0*
08
#137210000
b111001000 E
1*
18
#137220000
0*
08
#137230000
b111001001 E
1*
18
#137240000
0*
08
#137250000
b111001010 E
1*
18
#137260000
0*
08
#137270000
b111001011 E
1*
18
#137280000
0*
08
#137290000
b111001100 E
1*
18
#137300000
0*
08
#137310000
b111001101 E
1*
18
#137320000
0*
08
#137330000
b111001110 E
1*
18
#137340000
0*
08
#137350000
b111001111 E
1*
18
#137360000
0*
08
#137370000
b111010000 E
1*
18
#137380000
0*
08
#137390000
b111010001 E
1*
18
#137400000
0*
08
#137410000
b111010010 E
1*
18
#137420000
0*
08
#137430000
b111010011 E
1*
18
#137440000
0*
08
#137450000
b111010100 E
1*
18
#137460000
0*
08
#137470000
b111010101 E
1*
18
#137480000
0*
08
#137490000
b111010110 E
1*
18
#137500000
0*
08
#137510000
b111010111 E
1*
18
#137520000
0*
08
#137530000
b111011000 E
1*
18
#137540000
0*
08
#137550000
b111011001 E
1*
18
#137560000
0*
08
#137570000
b111011010 E
1*
18
#137580000
0*
08
#137590000
b111011011 E
1*
18
#137600000
0*
08
#137610000
b111011100 E
1*
18
#137620000
0*
08
#137630000
b111011101 E
1*
18
#137640000
0*
08
#137650000
b111011110 E
1*
18
#137660000
0*
08
#137670000
b111011111 E
1*
18
#137680000
0*
08
#137690000
b111100000 E
1*
18
#137700000
0*
08
#137710000
b111100001 E
1*
18
#137720000
0*
08
#137730000
b111100010 E
1*
18
#137740000
0*
08
#137750000
b111100011 E
1*
18
#137760000
0*
08
#137770000
b111100100 E
1*
18
#137780000
0*
08
#137790000
b111100101 E
1*
18
#137800000
0*
08
#137810000
b111100110 E
1*
18
#137820000
0*
08
#137830000
b111100111 E
1*
18
#137840000
0*
08
#137850000
b111101000 E
1*
18
#137860000
0*
08
#137870000
b111101001 E
1*
18
#137880000
0*
08
#137890000
b111101010 E
1*
18
#137900000
0*
08
#137910000
b111101011 E
1*
18
#137920000
0*
08
#137930000
b111101100 E
1*
18
#137940000
0*
08
#137950000
b111101101 E
1*
18
#137960000
0*
08
#137970000
b111101110 E
1*
18
#137980000
0*
08
#137990000
b111101111 E
1*
18
#138000000
0*
08
#138010000
b111110000 E
1*
18
#138020000
0*
08
#138030000
b111110001 E
1*
18
#138040000
0*
08
#138050000
b111110010 E
1*
18
#138060000
0*
08
#138070000
b111110011 E
1*
18
#138080000
0*
08
#138090000
b111110100 E
1*
18
#138100000
0*
08
#138110000
b111110101 E
1*
18
#138120000
0*
08
#138130000
b111110110 E
1*
18
#138140000
0*
08
#138150000
b111110111 E
1*
18
#138160000
0*
08
#138170000
b111111000 E
1*
18
#138180000
0*
08
#138190000
b111111001 E
1*
18
#138200000
0*
08
#138210000
b111111010 E
1*
18
#138220000
0*
08
#138230000
b111111011 E
1*
18
#138240000
0*
08
#138250000
b111111100 E
1*
18
#138260000
0*
08
#138270000
b111111101 E
1*
18
#138280000
0*
08
#138290000
b111111110 E
1*
18
#138300000
0*
08
#138310000
b111111111 E
1*
18
#138320000
0*
08
#138330000
b1000000000 E
1*
18
#138340000
0*
08
#138350000
b1000000001 E
1*
18
#138360000
0*
08
#138370000
b1000000010 E
1*
18
#138380000
0*
08
#138390000
b1000000011 E
1*
18
#138400000
0*
08
#138410000
b1000000100 E
1*
18
#138420000
0*
08
#138430000
b1000000101 E
1*
18
#138440000
0*
08
#138450000
b1000000110 E
1*
18
#138460000
0*
08
#138470000
b1000000111 E
1*
18
#138480000
0*
08
#138490000
b1000001000 E
1*
18
#138500000
0*
08
#138510000
b1000001001 E
1*
18
#138520000
0*
08
#138530000
b1000001010 E
1*
18
#138540000
0*
08
#138550000
b1000001011 E
1*
18
#138560000
0*
08
#138570000
b1000001100 E
1*
18
#138580000
0*
08
#138590000
b1000001101 E
1*
18
#138600000
0*
08
#138610000
b1000001110 E
1*
18
#138620000
0*
08
#138630000
b1000001111 E
1*
18
#138640000
0*
08
#138650000
b1000010000 E
1*
18
#138660000
0*
08
#138670000
b1000010001 E
1*
18
#138680000
0*
08
#138690000
b1000010010 E
1*
18
#138700000
0*
08
#138710000
b1000010011 E
1*
18
#138720000
0*
08
#138730000
b1000010100 E
1*
18
#138740000
0*
08
#138750000
b1000010101 E
1*
18
#138760000
0*
08
#138770000
b1000010110 E
1*
18
#138780000
0*
08
#138790000
b1000010111 E
1*
18
#138800000
0*
08
#138810000
b1000011000 E
1*
18
#138820000
0*
08
#138830000
b1000011001 E
1*
18
#138840000
0*
08
#138850000
b1000011010 E
1*
18
#138860000
0*
08
#138870000
b1000011011 E
1*
18
#138880000
0*
08
#138890000
b1000011100 E
1*
18
#138900000
0*
08
#138910000
b1000011101 E
1*
18
#138920000
0*
08
#138930000
b1000011110 E
1*
18
#138940000
0*
08
#138950000
b1000011111 E
1*
18
#138960000
0*
08
#138970000
b1000100000 E
1*
18
#138980000
0*
08
#138990000
b1000100001 E
1*
18
#139000000
0*
08
#139010000
b1000100010 E
1*
18
#139020000
0*
08
#139030000
b1000100011 E
1*
18
#139040000
0*
08
#139050000
b1000100100 E
1*
18
#139060000
0*
08
#139070000
b1000100101 E
1*
18
#139080000
0*
08
#139090000
b1000100110 E
1*
18
#139100000
0*
08
#139110000
b1000100111 E
1*
18
#139120000
0*
08
#139130000
b1000101000 E
1*
18
#139140000
0*
08
#139150000
b1000101001 E
1*
18
#139160000
0*
08
#139170000
b1000101010 E
1*
18
#139180000
0*
08
#139190000
b1000101011 E
1*
18
#139200000
0*
08
#139210000
b1000101100 E
1*
18
#139220000
0*
08
#139230000
b1000101101 E
1*
18
#139240000
0*
08
#139250000
b1000101110 E
1*
18
#139260000
0*
08
#139270000
b1000101111 E
1*
18
#139280000
0*
08
#139290000
b1000110000 E
1*
18
#139300000
0*
08
#139310000
b1000110001 E
1*
18
#139320000
0*
08
#139330000
b1000110010 E
1*
18
#139340000
0*
08
#139350000
b1000110011 E
1*
18
#139360000
0*
08
#139370000
b1000110100 E
1*
18
#139380000
0*
08
#139390000
b1000110101 E
1*
18
#139400000
0*
08
#139410000
b1000110110 E
1*
18
#139420000
0*
08
#139430000
b1000110111 E
1*
18
#139440000
0*
08
#139450000
b1000111000 E
1*
18
#139460000
0*
08
#139470000
b1000111001 E
1*
18
#139480000
0*
08
#139490000
b1000111010 E
1*
18
#139500000
0*
08
#139510000
b1000111011 E
1*
18
#139520000
0*
08
#139530000
b1000111100 E
1*
18
#139540000
0*
08
#139550000
b1000111101 E
1*
18
#139560000
0*
08
#139570000
b1000111110 E
1*
18
#139580000
0*
08
#139590000
b1000111111 E
1*
18
#139600000
0*
08
#139610000
b1001000000 E
1*
18
#139620000
0*
08
#139630000
b1001000001 E
1*
18
#139640000
0*
08
#139650000
b1001000010 E
1*
18
#139660000
0*
08
#139670000
b1001000011 E
1*
18
#139680000
0*
08
#139690000
b1001000100 E
1*
18
#139700000
0*
08
#139710000
b1001000101 E
1*
18
#139720000
0*
08
#139730000
b1001000110 E
1*
18
#139740000
0*
08
#139750000
b1001000111 E
1*
18
#139760000
0*
08
#139770000
b1001001000 E
1*
18
#139780000
0*
08
#139790000
b1001001001 E
1*
18
#139800000
0*
08
#139810000
b1001001010 E
1*
18
#139820000
0*
08
#139830000
b1001001011 E
1*
18
#139840000
0*
08
#139850000
b1001001100 E
1*
18
#139860000
0*
08
#139870000
b1001001101 E
1*
18
#139880000
0*
08
#139890000
b1001001110 E
1*
18
#139900000
0*
08
#139910000
b1001001111 E
1*
18
#139920000
0*
08
#139930000
b1001010000 E
1*
18
#139940000
0*
08
#139950000
b1001010001 E
1*
18
#139960000
0*
08
#139970000
b1001010010 E
1*
18
#139980000
0*
08
#139990000
b1001010011 E
1*
18
#140000000
0*
08
#140010000
b1001010100 E
1*
18
#140020000
0*
08
#140030000
b1001010101 E
1*
18
#140040000
0*
08
#140050000
b1001010110 E
1*
18
#140060000
0*
08
#140070000
b1001010111 E
1*
18
#140080000
0*
08
#140090000
b1001011000 E
1*
18
#140100000
0*
08
#140110000
b1001011001 E
1*
18
#140120000
0*
08
#140130000
b1001011010 E
1*
18
#140140000
0*
08
#140150000
b1001011011 E
1*
18
#140160000
0*
08
#140170000
b1001011100 E
1*
18
#140180000
0*
08
#140190000
b1001011101 E
1*
18
#140200000
0*
08
#140210000
b1001011110 E
1*
18
#140220000
0*
08
#140230000
b1001011111 E
1*
18
#140240000
0*
08
#140250000
b1001100000 E
1*
18
#140260000
0*
08
#140270000
b1001100001 E
1*
18
#140280000
0*
08
#140290000
b1001100010 E
1*
18
#140300000
0*
08
#140310000
b1001100011 E
1*
18
#140320000
0*
08
#140330000
b1001100100 E
1*
18
#140340000
0*
08
#140350000
b1001100101 E
1*
18
#140360000
0*
08
#140370000
b1001100110 E
1*
18
#140380000
0*
08
#140390000
b1001100111 E
1*
18
#140400000
0*
08
#140410000
b1001101000 E
1*
18
#140420000
0*
08
#140430000
b1001101001 E
1*
18
#140440000
0*
08
#140450000
b1001101010 E
1*
18
#140460000
0*
08
#140470000
b1001101011 E
1*
18
#140480000
0*
08
#140490000
b1001101100 E
1*
18
#140500000
0*
08
#140510000
b1001101101 E
1*
18
#140520000
0*
08
#140530000
b1001101110 E
1*
18
#140540000
0*
08
#140550000
b1001101111 E
1*
18
#140560000
0*
08
#140570000
b1001110000 E
1*
18
#140580000
0*
08
#140590000
b1001110001 E
1*
18
#140600000
0*
08
#140610000
b1001110010 E
1*
18
#140620000
0*
08
#140630000
b1001110011 E
1*
18
#140640000
0*
08
#140650000
b1001110100 E
1*
18
#140660000
0*
08
#140670000
b1001110101 E
1*
18
#140680000
0*
08
#140690000
b1001110110 E
1*
18
#140700000
0*
08
#140710000
b1001110111 E
1*
18
#140720000
0*
08
#140730000
b1001111000 E
1*
18
#140740000
0*
08
#140750000
b1001111001 E
1*
18
#140760000
0*
08
#140770000
b1001111010 E
1*
18
#140780000
0*
08
#140790000
b1001111011 E
1*
18
#140800000
0*
08
#140810000
b1001111100 E
1*
18
#140820000
0*
08
#140830000
b1001111101 E
1*
18
#140840000
0*
08
#140850000
b1001111110 E
1*
18
#140860000
0*
08
#140870000
b1001111111 E
1*
18
#140880000
0*
08
#140890000
b1010000000 E
1*
18
#140900000
0*
08
#140910000
b1010000001 E
1*
18
#140920000
0*
08
#140930000
b1010000010 E
1*
18
#140940000
0*
08
#140950000
b1010000011 E
1*
18
#140960000
0*
08
#140970000
b1010000100 E
1*
18
#140980000
0*
08
#140990000
b1010000101 E
1*
18
#141000000
0*
08
#141010000
b1010000110 E
1*
18
#141020000
0*
08
#141030000
b1010000111 E
1*
18
#141040000
0*
08
#141050000
b1010001000 E
1*
18
#141060000
0*
08
#141070000
b1010001001 E
1*
18
#141080000
0*
08
#141090000
b1010001010 E
1*
18
#141100000
0*
08
#141110000
b1010001011 E
1*
18
#141120000
0*
08
#141130000
b1010001100 E
1*
18
#141140000
0*
08
#141150000
b1010001101 E
1*
18
#141160000
0*
08
#141170000
b1010001110 E
1*
18
#141180000
0*
08
#141190000
b1010001111 E
1*
18
#141200000
0*
08
#141210000
b1010010000 E
1*
18
#141220000
0*
08
#141230000
b1010010001 E
1*
18
#141240000
0*
08
#141250000
b1010010010 E
1*
18
#141260000
0*
08
#141270000
b1010010011 E
1*
18
#141280000
0*
08
#141290000
b1010010100 E
1*
18
#141300000
0*
08
#141310000
b1010010101 E
1*
18
#141320000
0*
08
#141330000
b1010010110 E
1*
18
#141340000
0*
08
#141350000
b1010010111 E
1*
18
#141360000
0*
08
#141370000
b1010011000 E
1*
18
#141380000
0*
08
#141390000
b1010011001 E
1*
18
#141400000
0*
08
#141410000
b1010011010 E
1*
18
#141420000
0*
08
#141430000
b1010011011 E
1*
18
#141440000
0*
08
#141450000
b1010011100 E
1*
18
#141460000
0*
08
#141470000
b1010011101 E
1*
18
#141480000
0*
08
#141490000
b1010011110 E
1*
18
#141500000
0*
08
#141510000
b1010011111 E
1*
18
#141520000
0*
08
#141530000
b1010100000 E
1*
18
#141540000
0*
08
#141550000
b1010100001 E
1*
18
#141560000
0*
08
#141570000
b1010100010 E
1*
18
#141580000
0*
08
#141590000
b1010100011 E
1*
18
#141600000
0*
08
#141610000
b1010100100 E
1*
18
#141620000
0*
08
#141630000
b1010100101 E
1*
18
#141640000
0*
08
#141650000
b1010100110 E
1*
18
#141660000
0*
08
#141670000
b1010100111 E
1*
18
#141680000
0*
08
#141690000
b1010101000 E
1*
18
#141700000
0*
08
#141710000
b1010101001 E
1*
18
#141720000
0*
08
#141730000
b1010101010 E
1*
18
#141740000
0*
08
#141750000
b1010101011 E
1*
18
#141760000
0*
08
#141770000
b1010101100 E
1*
18
#141780000
0*
08
#141790000
b1010101101 E
1*
18
#141800000
0*
08
#141810000
b1010101110 E
1*
18
#141820000
0*
08
#141830000
b1010101111 E
1*
18
#141840000
0*
08
#141850000
b1010110000 E
1*
18
#141860000
0*
08
#141870000
b1010110001 E
1*
18
#141880000
0*
08
#141890000
b1010110010 E
1*
18
#141900000
0*
08
#141910000
b1010110011 E
1*
18
#141920000
0*
08
#141930000
b1010110100 E
1*
18
#141940000
0*
08
#141950000
b1010110101 E
1*
18
#141960000
0*
08
#141970000
b1010110110 E
1*
18
#141980000
0*
08
#141990000
b1010110111 E
1*
18
#142000000
0*
08
#142010000
b1010111000 E
1*
18
#142020000
0*
08
#142030000
b1010111001 E
1*
18
#142040000
0*
08
#142050000
b1010111010 E
1*
18
#142060000
0*
08
#142070000
b1010111011 E
1*
18
#142080000
0*
08
#142090000
b1010111100 E
1*
18
#142100000
0*
08
#142110000
b1010111101 E
1*
18
#142120000
0*
08
#142130000
b1010111110 E
1*
18
#142140000
0*
08
#142150000
b1010111111 E
1*
18
#142160000
0*
08
#142170000
b1011000000 E
1*
18
#142180000
0*
08
#142190000
b1011000001 E
1*
18
#142200000
0*
08
#142210000
b1011000010 E
1*
18
#142220000
0*
08
#142230000
b1011000011 E
1*
18
#142240000
0*
08
#142250000
b1011000100 E
1*
18
#142260000
0*
08
#142270000
b1011000101 E
1*
18
#142280000
0*
08
#142290000
b1011000110 E
1*
18
#142300000
0*
08
#142310000
b1011000111 E
1*
18
#142320000
0*
08
#142330000
b1011001000 E
1*
18
#142340000
0*
08
#142350000
b1011001001 E
1*
18
#142360000
0*
08
#142370000
b1011001010 E
1*
18
#142380000
0*
08
#142390000
b1011001011 E
1*
18
#142400000
0*
08
#142410000
b1011001100 E
1*
18
#142420000
0*
08
#142430000
b1011001101 E
1*
18
#142440000
0*
08
#142450000
b1011001110 E
1*
18
#142460000
0*
08
#142470000
b1011001111 E
1*
18
#142480000
0*
08
#142490000
b1011010000 E
1*
18
#142500000
0*
08
#142510000
b1011010001 E
1*
18
#142520000
0*
08
#142530000
b1011010010 E
1*
18
#142540000
0*
08
#142550000
b1011010011 E
1*
18
#142560000
0*
08
#142570000
b1011010100 E
1*
18
#142580000
0*
08
#142590000
b1011010101 E
1*
18
#142600000
0*
08
#142610000
b1011010110 E
1*
18
#142620000
0*
08
#142630000
b1011010111 E
1*
18
#142640000
0*
08
#142650000
b1011011000 E
1*
18
#142660000
0*
08
#142670000
b1011011001 E
1*
18
#142680000
0*
08
#142690000
b1011011010 E
1*
18
#142700000
0*
08
#142710000
b1011011011 E
1*
18
#142720000
0*
08
#142730000
b1011011100 E
1*
18
#142740000
0*
08
#142750000
b1011011101 E
1*
18
#142760000
0*
08
#142770000
b1011011110 E
1*
18
#142780000
0*
08
#142790000
b1011011111 E
1*
18
#142800000
0*
08
#142810000
b1011100000 E
1*
18
#142820000
0*
08
#142830000
b1011100001 E
1*
18
#142840000
0*
08
#142850000
b1011100010 E
1*
18
#142860000
0*
08
#142870000
b1011100011 E
1*
18
#142880000
0*
08
#142890000
b1011100100 E
1*
18
#142900000
0*
08
#142910000
b1011100101 E
1*
18
#142920000
0*
08
#142930000
b1011100110 E
1*
18
#142940000
0*
08
#142950000
b1011100111 E
1*
18
#142960000
0*
08
#142970000
b1011101000 E
1*
18
#142980000
0*
08
#142990000
b1011101001 E
1*
18
#143000000
0*
08
#143010000
b1011101010 E
1*
18
#143020000
0*
08
#143030000
b1011101011 E
1*
18
#143040000
0*
08
#143050000
b1011101100 E
1*
18
#143060000
0*
08
#143070000
b1011101101 E
1*
18
#143080000
0*
08
#143090000
b1011101110 E
1*
18
#143100000
0*
08
#143110000
b1011101111 E
1*
18
#143120000
0*
08
#143130000
b1011110000 E
1*
18
#143140000
0*
08
#143150000
b1011110001 E
1*
18
#143160000
0*
08
#143170000
b1011110010 E
1*
18
#143180000
0*
08
#143190000
b1011110011 E
1*
18
#143200000
0*
08
#143210000
b1011110100 E
1*
18
#143220000
0*
08
#143230000
b1011110101 E
1*
18
#143240000
0*
08
#143250000
b1011110110 E
1*
18
#143260000
0*
08
#143270000
b1011110111 E
1*
18
#143280000
0*
08
#143290000
b1011111000 E
1*
18
#143300000
0*
08
#143310000
b1011111001 E
1*
18
#143320000
0*
08
#143330000
b1011111010 E
1*
18
#143340000
0*
08
#143350000
b1011111011 E
1*
18
#143360000
0*
08
#143370000
b1011111100 E
1*
18
#143380000
0*
08
#143390000
b1011111101 E
1*
18
#143400000
0*
08
#143410000
b1011111110 E
1*
18
#143420000
0*
08
#143430000
b1011111111 E
1*
18
#143440000
0*
08
#143450000
b1100000000 E
1*
18
#143460000
0*
08
#143470000
b1100000001 E
1*
18
#143480000
0*
08
#143490000
b1100000010 E
1*
18
#143500000
0*
08
#143510000
b1100000011 E
1*
18
#143520000
0*
08
#143530000
b1100000100 E
1*
18
#143540000
0*
08
#143550000
b1100000101 E
1*
18
#143560000
0*
08
#143570000
b1100000110 E
1*
18
#143580000
0*
08
#143590000
b1100000111 E
1*
18
#143600000
0*
08
#143610000
b1100001000 E
1*
18
#143620000
0*
08
#143630000
b1100001001 E
1*
18
#143640000
0*
08
#143650000
b1100001010 E
1*
18
#143660000
0*
08
#143670000
b1100001011 E
1*
18
#143680000
0*
08
#143690000
b1100001100 E
1*
18
#143700000
0*
08
#143710000
b1100001101 E
1*
18
#143720000
0*
08
#143730000
b1100001110 E
1*
18
#143740000
0*
08
#143750000
b1100001111 E
1*
18
#143760000
0*
08
#143770000
b1100010000 E
1*
18
#143780000
0*
08
#143790000
b1100010001 E
1*
18
#143800000
0*
08
#143810000
b1100010010 E
1*
18
#143820000
0*
08
#143830000
b1100010011 E
1*
18
#143840000
0*
08
#143850000
b1100010100 E
1*
18
#143860000
0*
08
#143870000
b1100010101 E
1*
18
#143880000
0*
08
#143890000
b1100010110 E
1*
18
#143900000
0*
08
#143910000
b1100010111 E
1*
18
#143920000
0*
08
#143930000
b1100011000 E
1*
18
#143940000
0*
08
#143950000
b1100011001 E
1*
18
#143960000
0*
08
#143970000
b1100011010 E
1*
18
#143980000
0*
08
#143990000
b1100011011 E
1*
18
#144000000
0*
08
#144010000
b1100011100 E
1*
18
#144020000
0*
08
#144030000
b1100011101 E
1*
18
#144040000
0*
08
#144050000
b1100011110 E
1*
18
#144060000
0*
08
#144070000
b1100011111 E
1*
18
#144080000
0*
08
#144090000
0B
b0 E
b1001 N
1*
18
#144100000
0*
08
#144110000
b1 E
0K
1*
18
#144120000
0*
08
#144130000
0G
0"
b10 E
1*
18
#144140000
0*
08
#144150000
b11 E
1*
18
#144160000
0*
08
#144170000
b100 E
1*
18
#144180000
0*
08
#144190000
b101 E
1*
18
#144200000
0*
08
#144210000
b110 E
1*
18
#144220000
0*
08
#144230000
b111 E
1*
18
#144240000
0*
08
#144250000
b1000 E
1*
18
#144260000
0*
08
#144270000
b1001 E
1*
18
#144280000
0*
08
#144290000
b1010 E
1*
18
#144300000
0*
08
#144310000
b1011 E
1*
18
#144320000
0*
08
#144330000
b1100 E
1*
18
#144340000
0*
08
#144350000
b1101 E
1*
18
#144360000
0*
08
#144370000
b1110 E
1*
18
#144380000
0*
08
#144390000
b1111 E
1*
18
#144400000
0*
08
#144410000
b10000 E
1*
18
#144420000
0*
08
#144430000
b10001 E
1*
18
#144440000
0*
08
#144450000
b10010 E
1*
18
#144460000
0*
08
#144470000
b10011 E
1*
18
#144480000
0*
08
#144490000
b10100 E
1*
18
#144500000
0*
08
#144510000
b10101 E
1*
18
#144520000
0*
08
#144530000
b10110 E
1*
18
#144540000
0*
08
#144550000
b10111 E
1*
18
#144560000
0*
08
#144570000
b11000 E
1*
18
#144580000
0*
08
#144590000
b11001 E
1*
18
#144600000
0*
08
#144610000
b11010 E
1*
18
#144620000
0*
08
#144630000
b11011 E
1*
18
#144640000
0*
08
#144650000
b11100 E
1*
18
#144660000
0*
08
#144670000
b11101 E
1*
18
#144680000
0*
08
#144690000
b11110 E
1*
18
#144700000
0*
08
#144710000
b11111 E
1*
18
#144720000
0*
08
#144730000
b100000 E
1*
18
#144740000
0*
08
#144750000
b100001 E
1*
18
#144760000
0*
08
#144770000
b100010 E
1*
18
#144780000
0*
08
#144790000
b100011 E
1*
18
#144800000
0*
08
#144810000
b100100 E
1*
18
#144820000
0*
08
#144830000
b100101 E
1*
18
#144840000
0*
08
#144850000
b100110 E
1*
18
#144860000
0*
08
#144870000
b100111 E
1*
18
#144880000
0*
08
#144890000
b101000 E
1*
18
#144900000
0*
08
#144910000
b101001 E
1*
18
#144920000
0*
08
#144930000
b101010 E
1*
18
#144940000
0*
08
#144950000
b101011 E
1*
18
#144960000
0*
08
#144970000
b101100 E
1*
18
#144980000
0*
08
#144990000
b101101 E
1*
18
#145000000
0*
08
#145010000
b101110 E
1*
18
#145020000
0*
08
#145030000
b101111 E
1*
18
#145040000
0*
08
#145050000
b110000 E
1*
18
#145060000
0*
08
#145070000
b110001 E
1*
18
#145080000
0*
08
#145090000
b110010 E
1*
18
#145100000
0*
08
#145110000
b110011 E
1*
18
#145120000
0*
08
#145130000
b110100 E
1*
18
#145140000
0*
08
#145150000
b110101 E
1*
18
#145160000
0*
08
#145170000
b110110 E
1*
18
#145180000
0*
08
#145190000
b110111 E
1*
18
#145200000
0*
08
#145210000
b111000 E
1*
18
#145220000
0*
08
#145230000
b111001 E
1*
18
#145240000
0*
08
#145250000
b111010 E
1*
18
#145260000
0*
08
#145270000
b111011 E
1*
18
#145280000
0*
08
#145290000
b111100 E
1*
18
#145300000
0*
08
#145310000
b111101 E
1*
18
#145320000
0*
08
#145330000
b111110 E
1*
18
#145340000
0*
08
#145350000
b111111 E
1*
18
#145360000
0*
08
#145370000
b1000000 E
1*
18
#145380000
0*
08
#145390000
b1000001 E
1*
18
#145400000
0*
08
#145410000
b1000010 E
1*
18
#145420000
0*
08
#145430000
b1000011 E
1*
18
#145440000
0*
08
#145450000
b1000100 E
1*
18
#145460000
0*
08
#145470000
b1000101 E
1*
18
#145480000
0*
08
#145490000
b1000110 E
1*
18
#145500000
0*
08
#145510000
b1000111 E
1*
18
#145520000
0*
08
#145530000
b1001000 E
1*
18
#145540000
0*
08
#145550000
b1001001 E
1*
18
#145560000
0*
08
#145570000
b1001010 E
1*
18
#145580000
0*
08
#145590000
b1001011 E
1*
18
#145600000
0*
08
#145610000
b1001100 E
1*
18
#145620000
0*
08
#145630000
b1001101 E
1*
18
#145640000
0*
08
#145650000
b1001110 E
1*
18
#145660000
0*
08
#145670000
b1001111 E
1*
18
#145680000
0*
08
#145690000
b1010000 E
1*
18
#145700000
0*
08
#145710000
b1010001 E
1*
18
#145720000
0*
08
#145730000
b1010010 E
1*
18
#145740000
0*
08
#145750000
b1010011 E
1*
18
#145760000
0*
08
#145770000
b1010100 E
1*
18
#145780000
0*
08
#145790000
b1010101 E
1*
18
#145800000
0*
08
#145810000
b1010110 E
1*
18
#145820000
0*
08
#145830000
b1010111 E
1*
18
#145840000
0*
08
#145850000
b1011000 E
1*
18
#145860000
0*
08
#145870000
b1011001 E
1*
18
#145880000
0*
08
#145890000
b1011010 E
1*
18
#145900000
0*
08
#145910000
b1011011 E
1*
18
#145920000
0*
08
#145930000
b1011100 E
1*
18
#145940000
0*
08
#145950000
b1011101 E
1*
18
#145960000
0*
08
#145970000
b1011110 E
1*
18
#145980000
0*
08
#145990000
b1011111 E
1*
18
#146000000
0*
08
#146010000
1B
b1100000 E
1*
18
#146020000
0*
08
#146030000
b1100001 E
1K
1*
18
#146040000
0*
08
#146050000
1G
1"
b1100010 E
1*
18
#146060000
0*
08
#146070000
b1100011 E
1*
18
#146080000
0*
08
#146090000
b1100100 E
1*
18
#146100000
0*
08
#146110000
b1100101 E
1*
18
#146120000
0*
08
#146130000
b1100110 E
1*
18
#146140000
0*
08
#146150000
b1100111 E
1*
18
#146160000
0*
08
#146170000
b1101000 E
1*
18
#146180000
0*
08
#146190000
b1101001 E
1*
18
#146200000
0*
08
#146210000
b1101010 E
1*
18
#146220000
0*
08
#146230000
b1101011 E
1*
18
#146240000
0*
08
#146250000
b1101100 E
1*
18
#146260000
0*
08
#146270000
b1101101 E
1*
18
#146280000
0*
08
#146290000
b1101110 E
1*
18
#146300000
0*
08
#146310000
b1101111 E
1*
18
#146320000
0*
08
#146330000
b1110000 E
1*
18
#146340000
0*
08
#146350000
b1110001 E
1*
18
#146360000
0*
08
#146370000
b1110010 E
1*
18
#146380000
0*
08
#146390000
b1110011 E
1*
18
#146400000
0*
08
#146410000
b1110100 E
1*
18
#146420000
0*
08
#146430000
b1110101 E
1*
18
#146440000
0*
08
#146450000
b1110110 E
1*
18
#146460000
0*
08
#146470000
b1110111 E
1*
18
#146480000
0*
08
#146490000
b1111000 E
1*
18
#146500000
0*
08
#146510000
b1111001 E
1*
18
#146520000
0*
08
#146530000
b1111010 E
1*
18
#146540000
0*
08
#146550000
b1111011 E
1*
18
#146560000
0*
08
#146570000
b1111100 E
1*
18
#146580000
0*
08
#146590000
b1111101 E
1*
18
#146600000
0*
08
#146610000
b1111110 E
1*
18
#146620000
0*
08
#146630000
b1111111 E
1*
18
#146640000
0*
08
#146650000
b10000000 E
1*
18
#146660000
0*
08
#146670000
b10000001 E
1*
18
#146680000
0*
08
#146690000
b10000010 E
1*
18
#146700000
0*
08
#146710000
b10000011 E
1*
18
#146720000
0*
08
#146730000
b10000100 E
1*
18
#146740000
0*
08
#146750000
b10000101 E
1*
18
#146760000
0*
08
#146770000
b10000110 E
1*
18
#146780000
0*
08
#146790000
b10000111 E
1*
18
#146800000
0*
08
#146810000
b10001000 E
1*
18
#146820000
0*
08
#146830000
b10001001 E
1*
18
#146840000
0*
08
#146850000
b10001010 E
1*
18
#146860000
0*
08
#146870000
b10001011 E
1*
18
#146880000
0*
08
#146890000
b10001100 E
1*
18
#146900000
0*
08
#146910000
b10001101 E
1*
18
#146920000
0*
08
#146930000
b10001110 E
1*
18
#146940000
0*
08
#146950000
b10001111 E
1*
18
#146960000
0*
08
#146970000
b10010000 E
1*
18
#146980000
0*
08
#146990000
b10010001 E
1*
18
#147000000
0*
08
#147010000
b10010010 E
1*
18
#147020000
0*
08
#147030000
b10010011 E
1*
18
#147040000
0*
08
#147050000
b10010100 E
1*
18
#147060000
0*
08
#147070000
b10010101 E
1*
18
#147080000
0*
08
#147090000
b10010110 E
1*
18
#147100000
0*
08
#147110000
b10010111 E
1*
18
#147120000
0*
08
#147130000
b10011000 E
1*
18
#147140000
0*
08
#147150000
b10011001 E
1*
18
#147160000
0*
08
#147170000
b10011010 E
1*
18
#147180000
0*
08
#147190000
b10011011 E
1*
18
#147200000
0*
08
#147210000
b10011100 E
1*
18
#147220000
0*
08
#147230000
b10011101 E
1*
18
#147240000
0*
08
#147250000
b10011110 E
1*
18
#147260000
0*
08
#147270000
b10011111 E
1*
18
#147280000
0*
08
#147290000
b10100000 E
1*
18
#147300000
0*
08
#147310000
b10100001 E
1*
18
#147320000
0*
08
#147330000
b10100010 E
1*
18
#147340000
0*
08
#147350000
b10100011 E
1*
18
#147360000
0*
08
#147370000
b10100100 E
1*
18
#147380000
0*
08
#147390000
b10100101 E
1*
18
#147400000
0*
08
#147410000
b10100110 E
1*
18
#147420000
0*
08
#147430000
b10100111 E
1*
18
#147440000
0*
08
#147450000
b10101000 E
1*
18
#147460000
0*
08
#147470000
b10101001 E
1*
18
#147480000
0*
08
#147490000
b10101010 E
1*
18
#147500000
0*
08
#147510000
b10101011 E
1*
18
#147520000
0*
08
#147530000
b10101100 E
1*
18
#147540000
0*
08
#147550000
b10101101 E
1*
18
#147560000
0*
08
#147570000
b10101110 E
1*
18
#147580000
0*
08
#147590000
b10101111 E
1*
18
#147600000
0*
08
#147610000
b10110000 E
1*
18
#147620000
0*
08
#147630000
b10110001 E
1*
18
#147640000
0*
08
#147650000
b10110010 E
1*
18
#147660000
0*
08
#147670000
b10110011 E
1*
18
#147680000
0*
08
#147690000
b10110100 E
1*
18
#147700000
0*
08
#147710000
b10110101 E
1*
18
#147720000
0*
08
#147730000
b10110110 E
1*
18
#147740000
0*
08
#147750000
b10110111 E
1*
18
#147760000
0*
08
#147770000
b10111000 E
1*
18
#147780000
0*
08
#147790000
b10111001 E
1*
18
#147800000
0*
08
#147810000
b10111010 E
1*
18
#147820000
0*
08
#147830000
b10111011 E
1*
18
#147840000
0*
08
#147850000
b10111100 E
1*
18
#147860000
0*
08
#147870000
b10111101 E
1*
18
#147880000
0*
08
#147890000
b10111110 E
1*
18
#147900000
0*
08
#147910000
b10111111 E
1*
18
#147920000
0*
08
#147930000
b11000000 E
1*
18
#147940000
0*
08
#147950000
b11000001 E
1*
18
#147960000
0*
08
#147970000
b11000010 E
1*
18
#147980000
0*
08
#147990000
b11000011 E
1*
18
#148000000
0*
08
#148010000
b11000100 E
1*
18
#148020000
0*
08
#148030000
b11000101 E
1*
18
#148040000
0*
08
#148050000
b11000110 E
1*
18
#148060000
0*
08
#148070000
b11000111 E
1*
18
#148080000
0*
08
#148090000
b11001000 E
1*
18
#148100000
0*
08
#148110000
b11001001 E
1*
18
#148120000
0*
08
#148130000
b11001010 E
1*
18
#148140000
0*
08
#148150000
b11001011 E
1*
18
#148160000
0*
08
#148170000
b11001100 E
1*
18
#148180000
0*
08
#148190000
b11001101 E
1*
18
#148200000
0*
08
#148210000
b11001110 E
1*
18
#148220000
0*
08
#148230000
b11001111 E
1*
18
#148240000
0*
08
#148250000
b11010000 E
1*
18
#148260000
0*
08
#148270000
b11010001 E
1*
18
#148280000
0*
08
#148290000
b11010010 E
1*
18
#148300000
0*
08
#148310000
b11010011 E
1*
18
#148320000
0*
08
#148330000
b11010100 E
1*
18
#148340000
0*
08
#148350000
b11010101 E
1*
18
#148360000
0*
08
#148370000
b11010110 E
1*
18
#148380000
0*
08
#148390000
b11010111 E
1*
18
#148400000
0*
08
#148410000
b11011000 E
1*
18
#148420000
0*
08
#148430000
b11011001 E
1*
18
#148440000
0*
08
#148450000
b11011010 E
1*
18
#148460000
0*
08
#148470000
b11011011 E
1*
18
#148480000
0*
08
#148490000
b11011100 E
1*
18
#148500000
0*
08
#148510000
b11011101 E
1*
18
#148520000
0*
08
#148530000
b11011110 E
1*
18
#148540000
0*
08
#148550000
b11011111 E
1*
18
#148560000
0*
08
#148570000
b11100000 E
1*
18
#148580000
0*
08
#148590000
b11100001 E
1*
18
#148600000
0*
08
#148610000
b11100010 E
1*
18
#148620000
0*
08
#148630000
b11100011 E
1*
18
#148640000
0*
08
#148650000
b11100100 E
1*
18
#148660000
0*
08
#148670000
b11100101 E
1*
18
#148680000
0*
08
#148690000
b11100110 E
1*
18
#148700000
0*
08
#148710000
b11100111 E
1*
18
#148720000
0*
08
#148730000
b11101000 E
1*
18
#148740000
0*
08
#148750000
b11101001 E
1*
18
#148760000
0*
08
#148770000
b11101010 E
1*
18
#148780000
0*
08
#148790000
b11101011 E
1*
18
#148800000
0*
08
#148810000
b11101100 E
1*
18
#148820000
0*
08
#148830000
b11101101 E
1*
18
#148840000
0*
08
#148850000
b11101110 E
1*
18
#148860000
0*
08
#148870000
b11101111 E
1*
18
#148880000
0*
08
#148890000
b11110000 E
1*
18
#148900000
0*
08
#148910000
b11110001 E
1*
18
#148920000
0*
08
#148930000
b11110010 E
1*
18
#148940000
0*
08
#148950000
b11110011 E
1*
18
#148960000
0*
08
#148970000
b11110100 E
1*
18
#148980000
0*
08
#148990000
b11110101 E
1*
18
#149000000
0*
08
#149010000
b11110110 E
1*
18
#149020000
0*
08
#149030000
b11110111 E
1*
18
#149040000
0*
08
#149050000
b11111000 E
1*
18
#149060000
0*
08
#149070000
b11111001 E
1*
18
#149080000
0*
08
#149090000
b11111010 E
1*
18
#149100000
0*
08
#149110000
b11111011 E
1*
18
#149120000
0*
08
#149130000
b11111100 E
1*
18
#149140000
0*
08
#149150000
b11111101 E
1*
18
#149160000
0*
08
#149170000
b11111110 E
1*
18
#149180000
0*
08
#149190000
b11111111 E
1*
18
#149200000
0*
08
#149210000
b100000000 E
1*
18
#149220000
0*
08
#149230000
b100000001 E
1*
18
#149240000
0*
08
#149250000
b100000010 E
1*
18
#149260000
0*
08
#149270000
b100000011 E
1*
18
#149280000
0*
08
#149290000
b100000100 E
1*
18
#149300000
0*
08
#149310000
b100000101 E
1*
18
#149320000
0*
08
#149330000
b100000110 E
1*
18
#149340000
0*
08
#149350000
b100000111 E
1*
18
#149360000
0*
08
#149370000
b100001000 E
1*
18
#149380000
0*
08
#149390000
b100001001 E
1*
18
#149400000
0*
08
#149410000
b100001010 E
1*
18
#149420000
0*
08
#149430000
b100001011 E
1*
18
#149440000
0*
08
#149450000
b100001100 E
1*
18
#149460000
0*
08
#149470000
b100001101 E
1*
18
#149480000
0*
08
#149490000
b100001110 E
1*
18
#149500000
0*
08
#149510000
b100001111 E
1*
18
#149520000
0*
08
#149530000
b100010000 E
1*
18
#149540000
0*
08
#149550000
b100010001 E
1*
18
#149560000
0*
08
#149570000
b100010010 E
1*
18
#149580000
0*
08
#149590000
b100010011 E
1*
18
#149600000
0*
08
#149610000
b100010100 E
1*
18
#149620000
0*
08
#149630000
b100010101 E
1*
18
#149640000
0*
08
#149650000
b100010110 E
1*
18
#149660000
0*
08
#149670000
b100010111 E
1*
18
#149680000
0*
08
#149690000
b100011000 E
1*
18
#149700000
0*
08
#149710000
b100011001 E
1*
18
#149720000
0*
08
#149730000
b100011010 E
1*
18
#149740000
0*
08
#149750000
b100011011 E
1*
18
#149760000
0*
08
#149770000
b100011100 E
1*
18
#149780000
0*
08
#149790000
b100011101 E
1*
18
#149800000
0*
08
#149810000
b100011110 E
1*
18
#149820000
0*
08
#149830000
b100011111 E
1*
18
#149840000
0*
08
#149850000
b100100000 E
1*
18
#149860000
0*
08
#149870000
b100100001 E
1*
18
#149880000
0*
08
#149890000
b100100010 E
1*
18
#149900000
0*
08
#149910000
b100100011 E
1*
18
#149920000
0*
08
#149930000
b100100100 E
1*
18
#149940000
0*
08
#149950000
b100100101 E
1*
18
#149960000
0*
08
#149970000
b100100110 E
1*
18
#149980000
0*
08
#149990000
b100100111 E
1*
18
#150000000
0*
08
#150010000
b100101000 E
1*
18
#150020000
0*
08
#150030000
b100101001 E
1*
18
#150040000
0*
08
#150050000
b100101010 E
1*
18
#150060000
0*
08
#150070000
b100101011 E
1*
18
#150080000
0*
08
#150090000
b100101100 E
1*
18
#150100000
0*
08
#150110000
b100101101 E
1*
18
#150120000
0*
08
#150130000
b100101110 E
1*
18
#150140000
0*
08
#150150000
b100101111 E
1*
18
#150160000
0*
08
#150170000
b100110000 E
1*
18
#150180000
0*
08
#150190000
b100110001 E
1*
18
#150200000
0*
08
#150210000
b100110010 E
1*
18
#150220000
0*
08
#150230000
b100110011 E
1*
18
#150240000
0*
08
#150250000
b100110100 E
1*
18
#150260000
0*
08
#150270000
b100110101 E
1*
18
#150280000
0*
08
#150290000
b100110110 E
1*
18
#150300000
0*
08
#150310000
b100110111 E
1*
18
#150320000
0*
08
#150330000
b100111000 E
1*
18
#150340000
0*
08
#150350000
b100111001 E
1*
18
#150360000
0*
08
#150370000
b100111010 E
1*
18
#150380000
0*
08
#150390000
b100111011 E
1*
18
#150400000
0*
08
#150410000
b100111100 E
1*
18
#150420000
0*
08
#150430000
b100111101 E
1*
18
#150440000
0*
08
#150450000
b100111110 E
1*
18
#150460000
0*
08
#150470000
b100111111 E
1*
18
#150480000
0*
08
#150490000
b101000000 E
1*
18
#150500000
0*
08
#150510000
b101000001 E
1*
18
#150520000
0*
08
#150530000
b101000010 E
1*
18
#150540000
0*
08
#150550000
b101000011 E
1*
18
#150560000
0*
08
#150570000
b101000100 E
1*
18
#150580000
0*
08
#150590000
b101000101 E
1*
18
#150600000
0*
08
#150610000
b101000110 E
1*
18
#150620000
0*
08
#150630000
b101000111 E
1*
18
#150640000
0*
08
#150650000
b101001000 E
1*
18
#150660000
0*
08
#150670000
b101001001 E
1*
18
#150680000
0*
08
#150690000
b101001010 E
1*
18
#150700000
0*
08
#150710000
b101001011 E
1*
18
#150720000
0*
08
#150730000
b101001100 E
1*
18
#150740000
0*
08
#150750000
b101001101 E
1*
18
#150760000
0*
08
#150770000
b101001110 E
1*
18
#150780000
0*
08
#150790000
b101001111 E
1*
18
#150800000
0*
08
#150810000
b101010000 E
1*
18
#150820000
0*
08
#150830000
b101010001 E
1*
18
#150840000
0*
08
#150850000
b101010010 E
1*
18
#150860000
0*
08
#150870000
b101010011 E
1*
18
#150880000
0*
08
#150890000
b101010100 E
1*
18
#150900000
0*
08
#150910000
b101010101 E
1*
18
#150920000
0*
08
#150930000
b101010110 E
1*
18
#150940000
0*
08
#150950000
b101010111 E
1*
18
#150960000
0*
08
#150970000
b101011000 E
1*
18
#150980000
0*
08
#150990000
b101011001 E
1*
18
#151000000
0*
08
#151010000
b101011010 E
1*
18
#151020000
0*
08
#151030000
b101011011 E
1*
18
#151040000
0*
08
#151050000
b101011100 E
1*
18
#151060000
0*
08
#151070000
b101011101 E
1*
18
#151080000
0*
08
#151090000
b101011110 E
1*
18
#151100000
0*
08
#151110000
b101011111 E
1*
18
#151120000
0*
08
#151130000
b101100000 E
1*
18
#151140000
0*
08
#151150000
b101100001 E
1*
18
#151160000
0*
08
#151170000
b101100010 E
1*
18
#151180000
0*
08
#151190000
b101100011 E
1*
18
#151200000
0*
08
#151210000
b101100100 E
1*
18
#151220000
0*
08
#151230000
b101100101 E
1*
18
#151240000
0*
08
#151250000
b101100110 E
1*
18
#151260000
0*
08
#151270000
b101100111 E
1*
18
#151280000
0*
08
#151290000
b101101000 E
1*
18
#151300000
0*
08
#151310000
b101101001 E
1*
18
#151320000
0*
08
#151330000
b101101010 E
1*
18
#151340000
0*
08
#151350000
b101101011 E
1*
18
#151360000
0*
08
#151370000
b101101100 E
1*
18
#151380000
0*
08
#151390000
b101101101 E
1*
18
#151400000
0*
08
#151410000
b101101110 E
1*
18
#151420000
0*
08
#151430000
b101101111 E
1*
18
#151440000
0*
08
#151450000
b101110000 E
1*
18
#151460000
0*
08
#151470000
b101110001 E
1*
18
#151480000
0*
08
#151490000
b101110010 E
1*
18
#151500000
0*
08
#151510000
b101110011 E
1*
18
#151520000
0*
08
#151530000
b101110100 E
1*
18
#151540000
0*
08
#151550000
b101110101 E
1*
18
#151560000
0*
08
#151570000
b101110110 E
1*
18
#151580000
0*
08
#151590000
b101110111 E
1*
18
#151600000
0*
08
#151610000
b101111000 E
1*
18
#151620000
0*
08
#151630000
b101111001 E
1*
18
#151640000
0*
08
#151650000
b101111010 E
1*
18
#151660000
0*
08
#151670000
b101111011 E
1*
18
#151680000
0*
08
#151690000
b101111100 E
1*
18
#151700000
0*
08
#151710000
b101111101 E
1*
18
#151720000
0*
08
#151730000
b101111110 E
1*
18
#151740000
0*
08
#151750000
b101111111 E
1*
18
#151760000
0*
08
#151770000
b110000000 E
1*
18
#151780000
0*
08
#151790000
b110000001 E
1*
18
#151800000
0*
08
#151810000
b110000010 E
1*
18
#151820000
0*
08
#151830000
b110000011 E
1*
18
#151840000
0*
08
#151850000
b110000100 E
1*
18
#151860000
0*
08
#151870000
b110000101 E
1*
18
#151880000
0*
08
#151890000
b110000110 E
1*
18
#151900000
0*
08
#151910000
b110000111 E
1*
18
#151920000
0*
08
#151930000
b110001000 E
1*
18
#151940000
0*
08
#151950000
b110001001 E
1*
18
#151960000
0*
08
#151970000
b110001010 E
1*
18
#151980000
0*
08
#151990000
b110001011 E
1*
18
#152000000
0*
08
#152010000
b110001100 E
1*
18
#152020000
0*
08
#152030000
b110001101 E
1*
18
#152040000
0*
08
#152050000
b110001110 E
1*
18
#152060000
0*
08
#152070000
b110001111 E
1*
18
#152080000
0*
08
#152090000
b110010000 E
1*
18
#152100000
0*
08
#152110000
b110010001 E
1*
18
#152120000
0*
08
#152130000
b110010010 E
1*
18
#152140000
0*
08
#152150000
b110010011 E
1*
18
#152160000
0*
08
#152170000
b110010100 E
1*
18
#152180000
0*
08
#152190000
b110010101 E
1*
18
#152200000
0*
08
#152210000
b110010110 E
1*
18
#152220000
0*
08
#152230000
b110010111 E
1*
18
#152240000
0*
08
#152250000
b110011000 E
1*
18
#152260000
0*
08
#152270000
b110011001 E
1*
18
#152280000
0*
08
#152290000
b110011010 E
1*
18
#152300000
0*
08
#152310000
b110011011 E
1*
18
#152320000
0*
08
#152330000
b110011100 E
1*
18
#152340000
0*
08
#152350000
b110011101 E
1*
18
#152360000
0*
08
#152370000
b110011110 E
1*
18
#152380000
0*
08
#152390000
b110011111 E
1*
18
#152400000
0*
08
#152410000
b110100000 E
1*
18
#152420000
0*
08
#152430000
b110100001 E
1*
18
#152440000
0*
08
#152450000
b110100010 E
1*
18
#152460000
0*
08
#152470000
b110100011 E
1*
18
#152480000
0*
08
#152490000
b110100100 E
1*
18
#152500000
0*
08
#152510000
b110100101 E
1*
18
#152520000
0*
08
#152530000
b110100110 E
1*
18
#152540000
0*
08
#152550000
b110100111 E
1*
18
#152560000
0*
08
#152570000
b110101000 E
1*
18
#152580000
0*
08
#152590000
b110101001 E
1*
18
#152600000
0*
08
#152610000
b110101010 E
1*
18
#152620000
0*
08
#152630000
b110101011 E
1*
18
#152640000
0*
08
#152650000
b110101100 E
1*
18
#152660000
0*
08
#152670000
b110101101 E
1*
18
#152680000
0*
08
#152690000
b110101110 E
1*
18
#152700000
0*
08
#152710000
b110101111 E
1*
18
#152720000
0*
08
#152730000
b110110000 E
1*
18
#152740000
0*
08
#152750000
b110110001 E
1*
18
#152760000
0*
08
#152770000
b110110010 E
1*
18
#152780000
0*
08
#152790000
b110110011 E
1*
18
#152800000
0*
08
#152810000
b110110100 E
1*
18
#152820000
0*
08
#152830000
b110110101 E
1*
18
#152840000
0*
08
#152850000
b110110110 E
1*
18
#152860000
0*
08
#152870000
b110110111 E
1*
18
#152880000
0*
08
#152890000
b110111000 E
1*
18
#152900000
0*
08
#152910000
b110111001 E
1*
18
#152920000
0*
08
#152930000
b110111010 E
1*
18
#152940000
0*
08
#152950000
b110111011 E
1*
18
#152960000
0*
08
#152970000
b110111100 E
1*
18
#152980000
0*
08
#152990000
b110111101 E
1*
18
#153000000
0*
08
#153010000
b110111110 E
1*
18
#153020000
0*
08
#153030000
b110111111 E
1*
18
#153040000
0*
08
#153050000
b111000000 E
1*
18
#153060000
0*
08
#153070000
b111000001 E
1*
18
#153080000
0*
08
#153090000
b111000010 E
1*
18
#153100000
0*
08
#153110000
b111000011 E
1*
18
#153120000
0*
08
#153130000
b111000100 E
1*
18
#153140000
0*
08
#153150000
b111000101 E
1*
18
#153160000
0*
08
#153170000
b111000110 E
1*
18
#153180000
0*
08
#153190000
b111000111 E
1*
18
#153200000
0*
08
#153210000
b111001000 E
1*
18
#153220000
0*
08
#153230000
b111001001 E
1*
18
#153240000
0*
08
#153250000
b111001010 E
1*
18
#153260000
0*
08
#153270000
b111001011 E
1*
18
#153280000
0*
08
#153290000
b111001100 E
1*
18
#153300000
0*
08
#153310000
b111001101 E
1*
18
#153320000
0*
08
#153330000
b111001110 E
1*
18
#153340000
0*
08
#153350000
b111001111 E
1*
18
#153360000
0*
08
#153370000
b111010000 E
1*
18
#153380000
0*
08
#153390000
b111010001 E
1*
18
#153400000
0*
08
#153410000
b111010010 E
1*
18
#153420000
0*
08
#153430000
b111010011 E
1*
18
#153440000
0*
08
#153450000
b111010100 E
1*
18
#153460000
0*
08
#153470000
b111010101 E
1*
18
#153480000
0*
08
#153490000
b111010110 E
1*
18
#153500000
0*
08
#153510000
b111010111 E
1*
18
#153520000
0*
08
#153530000
b111011000 E
1*
18
#153540000
0*
08
#153550000
b111011001 E
1*
18
#153560000
0*
08
#153570000
b111011010 E
1*
18
#153580000
0*
08
#153590000
b111011011 E
1*
18
#153600000
0*
08
#153610000
b111011100 E
1*
18
#153620000
0*
08
#153630000
b111011101 E
1*
18
#153640000
0*
08
#153650000
b111011110 E
1*
18
#153660000
0*
08
#153670000
b111011111 E
1*
18
#153680000
0*
08
#153690000
b111100000 E
1*
18
#153700000
0*
08
#153710000
b111100001 E
1*
18
#153720000
0*
08
#153730000
b111100010 E
1*
18
#153740000
0*
08
#153750000
b111100011 E
1*
18
#153760000
0*
08
#153770000
b111100100 E
1*
18
#153780000
0*
08
#153790000
b111100101 E
1*
18
#153800000
0*
08
#153810000
b111100110 E
1*
18
#153820000
0*
08
#153830000
b111100111 E
1*
18
#153840000
0*
08
#153850000
b111101000 E
1*
18
#153860000
0*
08
#153870000
b111101001 E
1*
18
#153880000
0*
08
#153890000
b111101010 E
1*
18
#153900000
0*
08
#153910000
b111101011 E
1*
18
#153920000
0*
08
#153930000
b111101100 E
1*
18
#153940000
0*
08
#153950000
b111101101 E
1*
18
#153960000
0*
08
#153970000
b111101110 E
1*
18
#153980000
0*
08
#153990000
b111101111 E
1*
18
#154000000
0*
08
#154010000
b111110000 E
1*
18
#154020000
0*
08
#154030000
b111110001 E
1*
18
#154040000
0*
08
#154050000
b111110010 E
1*
18
#154060000
0*
08
#154070000
b111110011 E
1*
18
#154080000
0*
08
#154090000
b111110100 E
1*
18
#154100000
0*
08
#154110000
b111110101 E
1*
18
#154120000
0*
08
#154130000
b111110110 E
1*
18
#154140000
0*
08
#154150000
b111110111 E
1*
18
#154160000
0*
08
#154170000
b111111000 E
1*
18
#154180000
0*
08
#154190000
b111111001 E
1*
18
#154200000
0*
08
#154210000
b111111010 E
1*
18
#154220000
0*
08
#154230000
b111111011 E
1*
18
#154240000
0*
08
#154250000
b111111100 E
1*
18
#154260000
0*
08
#154270000
b111111101 E
1*
18
#154280000
0*
08
#154290000
b111111110 E
1*
18
#154300000
0*
08
#154310000
b111111111 E
1*
18
#154320000
0*
08
#154330000
b1000000000 E
1*
18
#154340000
0*
08
#154350000
b1000000001 E
1*
18
#154360000
0*
08
#154370000
b1000000010 E
1*
18
#154380000
0*
08
#154390000
b1000000011 E
1*
18
#154400000
0*
08
#154410000
b1000000100 E
1*
18
#154420000
0*
08
#154430000
b1000000101 E
1*
18
#154440000
0*
08
#154450000
b1000000110 E
1*
18
#154460000
0*
08
#154470000
b1000000111 E
1*
18
#154480000
0*
08
#154490000
b1000001000 E
1*
18
#154500000
0*
08
#154510000
b1000001001 E
1*
18
#154520000
0*
08
#154530000
b1000001010 E
1*
18
#154540000
0*
08
#154550000
b1000001011 E
1*
18
#154560000
0*
08
#154570000
b1000001100 E
1*
18
#154580000
0*
08
#154590000
b1000001101 E
1*
18
#154600000
0*
08
#154610000
b1000001110 E
1*
18
#154620000
0*
08
#154630000
b1000001111 E
1*
18
#154640000
0*
08
#154650000
b1000010000 E
1*
18
#154660000
0*
08
#154670000
b1000010001 E
1*
18
#154680000
0*
08
#154690000
b1000010010 E
1*
18
#154700000
0*
08
#154710000
b1000010011 E
1*
18
#154720000
0*
08
#154730000
b1000010100 E
1*
18
#154740000
0*
08
#154750000
b1000010101 E
1*
18
#154760000
0*
08
#154770000
b1000010110 E
1*
18
#154780000
0*
08
#154790000
b1000010111 E
1*
18
#154800000
0*
08
#154810000
b1000011000 E
1*
18
#154820000
0*
08
#154830000
b1000011001 E
1*
18
#154840000
0*
08
#154850000
b1000011010 E
1*
18
#154860000
0*
08
#154870000
b1000011011 E
1*
18
#154880000
0*
08
#154890000
b1000011100 E
1*
18
#154900000
0*
08
#154910000
b1000011101 E
1*
18
#154920000
0*
08
#154930000
b1000011110 E
1*
18
#154940000
0*
08
#154950000
b1000011111 E
1*
18
#154960000
0*
08
#154970000
b1000100000 E
1*
18
#154980000
0*
08
#154990000
b1000100001 E
1*
18
#155000000
0*
08
#155010000
b1000100010 E
1*
18
#155020000
0*
08
#155030000
b1000100011 E
1*
18
#155040000
0*
08
#155050000
b1000100100 E
1*
18
#155060000
0*
08
#155070000
b1000100101 E
1*
18
#155080000
0*
08
#155090000
b1000100110 E
1*
18
#155100000
0*
08
#155110000
b1000100111 E
1*
18
#155120000
0*
08
#155130000
b1000101000 E
1*
18
#155140000
0*
08
#155150000
b1000101001 E
1*
18
#155160000
0*
08
#155170000
b1000101010 E
1*
18
#155180000
0*
08
#155190000
b1000101011 E
1*
18
#155200000
0*
08
#155210000
b1000101100 E
1*
18
#155220000
0*
08
#155230000
b1000101101 E
1*
18
#155240000
0*
08
#155250000
b1000101110 E
1*
18
#155260000
0*
08
#155270000
b1000101111 E
1*
18
#155280000
0*
08
#155290000
b1000110000 E
1*
18
#155300000
0*
08
#155310000
b1000110001 E
1*
18
#155320000
0*
08
#155330000
b1000110010 E
1*
18
#155340000
0*
08
#155350000
b1000110011 E
1*
18
#155360000
0*
08
#155370000
b1000110100 E
1*
18
#155380000
0*
08
#155390000
b1000110101 E
1*
18
#155400000
0*
08
#155410000
b1000110110 E
1*
18
#155420000
0*
08
#155430000
b1000110111 E
1*
18
#155440000
0*
08
#155450000
b1000111000 E
1*
18
#155460000
0*
08
#155470000
b1000111001 E
1*
18
#155480000
0*
08
#155490000
b1000111010 E
1*
18
#155500000
0*
08
#155510000
b1000111011 E
1*
18
#155520000
0*
08
#155530000
b1000111100 E
1*
18
#155540000
0*
08
#155550000
b1000111101 E
1*
18
#155560000
0*
08
#155570000
b1000111110 E
1*
18
#155580000
0*
08
#155590000
b1000111111 E
1*
18
#155600000
0*
08
#155610000
b1001000000 E
1*
18
#155620000
0*
08
#155630000
b1001000001 E
1*
18
#155640000
0*
08
#155650000
b1001000010 E
1*
18
#155660000
0*
08
#155670000
b1001000011 E
1*
18
#155680000
0*
08
#155690000
b1001000100 E
1*
18
#155700000
0*
08
#155710000
b1001000101 E
1*
18
#155720000
0*
08
#155730000
b1001000110 E
1*
18
#155740000
0*
08
#155750000
b1001000111 E
1*
18
#155760000
0*
08
#155770000
b1001001000 E
1*
18
#155780000
0*
08
#155790000
b1001001001 E
1*
18
#155800000
0*
08
#155810000
b1001001010 E
1*
18
#155820000
0*
08
#155830000
b1001001011 E
1*
18
#155840000
0*
08
#155850000
b1001001100 E
1*
18
#155860000
0*
08
#155870000
b1001001101 E
1*
18
#155880000
0*
08
#155890000
b1001001110 E
1*
18
#155900000
0*
08
#155910000
b1001001111 E
1*
18
#155920000
0*
08
#155930000
b1001010000 E
1*
18
#155940000
0*
08
#155950000
b1001010001 E
1*
18
#155960000
0*
08
#155970000
b1001010010 E
1*
18
#155980000
0*
08
#155990000
b1001010011 E
1*
18
#156000000
0*
08
#156010000
b1001010100 E
1*
18
#156020000
0*
08
#156030000
b1001010101 E
1*
18
#156040000
0*
08
#156050000
b1001010110 E
1*
18
#156060000
0*
08
#156070000
b1001010111 E
1*
18
#156080000
0*
08
#156090000
b1001011000 E
1*
18
#156100000
0*
08
#156110000
b1001011001 E
1*
18
#156120000
0*
08
#156130000
b1001011010 E
1*
18
#156140000
0*
08
#156150000
b1001011011 E
1*
18
#156160000
0*
08
#156170000
b1001011100 E
1*
18
#156180000
0*
08
#156190000
b1001011101 E
1*
18
#156200000
0*
08
#156210000
b1001011110 E
1*
18
#156220000
0*
08
#156230000
b1001011111 E
1*
18
#156240000
0*
08
#156250000
b1001100000 E
1*
18
#156260000
0*
08
#156270000
b1001100001 E
1*
18
#156280000
0*
08
#156290000
b1001100010 E
1*
18
#156300000
0*
08
#156310000
b1001100011 E
1*
18
#156320000
0*
08
#156330000
b1001100100 E
1*
18
#156340000
0*
08
#156350000
b1001100101 E
1*
18
#156360000
0*
08
#156370000
b1001100110 E
1*
18
#156380000
0*
08
#156390000
b1001100111 E
1*
18
#156400000
0*
08
#156410000
b1001101000 E
1*
18
#156420000
0*
08
#156430000
b1001101001 E
1*
18
#156440000
0*
08
#156450000
b1001101010 E
1*
18
#156460000
0*
08
#156470000
b1001101011 E
1*
18
#156480000
0*
08
#156490000
b1001101100 E
1*
18
#156500000
0*
08
#156510000
b1001101101 E
1*
18
#156520000
0*
08
#156530000
b1001101110 E
1*
18
#156540000
0*
08
#156550000
b1001101111 E
1*
18
#156560000
0*
08
#156570000
b1001110000 E
1*
18
#156580000
0*
08
#156590000
b1001110001 E
1*
18
#156600000
0*
08
#156610000
b1001110010 E
1*
18
#156620000
0*
08
#156630000
b1001110011 E
1*
18
#156640000
0*
08
#156650000
b1001110100 E
1*
18
#156660000
0*
08
#156670000
b1001110101 E
1*
18
#156680000
0*
08
#156690000
b1001110110 E
1*
18
#156700000
0*
08
#156710000
b1001110111 E
1*
18
#156720000
0*
08
#156730000
b1001111000 E
1*
18
#156740000
0*
08
#156750000
b1001111001 E
1*
18
#156760000
0*
08
#156770000
b1001111010 E
1*
18
#156780000
0*
08
#156790000
b1001111011 E
1*
18
#156800000
0*
08
#156810000
b1001111100 E
1*
18
#156820000
0*
08
#156830000
b1001111101 E
1*
18
#156840000
0*
08
#156850000
b1001111110 E
1*
18
#156860000
0*
08
#156870000
b1001111111 E
1*
18
#156880000
0*
08
#156890000
b1010000000 E
1*
18
#156900000
0*
08
#156910000
b1010000001 E
1*
18
#156920000
0*
08
#156930000
b1010000010 E
1*
18
#156940000
0*
08
#156950000
b1010000011 E
1*
18
#156960000
0*
08
#156970000
b1010000100 E
1*
18
#156980000
0*
08
#156990000
b1010000101 E
1*
18
#157000000
0*
08
#157010000
b1010000110 E
1*
18
#157020000
0*
08
#157030000
b1010000111 E
1*
18
#157040000
0*
08
#157050000
b1010001000 E
1*
18
#157060000
0*
08
#157070000
b1010001001 E
1*
18
#157080000
0*
08
#157090000
b1010001010 E
1*
18
#157100000
0*
08
#157110000
b1010001011 E
1*
18
#157120000
0*
08
#157130000
b1010001100 E
1*
18
#157140000
0*
08
#157150000
b1010001101 E
1*
18
#157160000
0*
08
#157170000
b1010001110 E
1*
18
#157180000
0*
08
#157190000
b1010001111 E
1*
18
#157200000
0*
08
#157210000
b1010010000 E
1*
18
#157220000
0*
08
#157230000
b1010010001 E
1*
18
#157240000
0*
08
#157250000
b1010010010 E
1*
18
#157260000
0*
08
#157270000
b1010010011 E
1*
18
#157280000
0*
08
#157290000
b1010010100 E
1*
18
#157300000
0*
08
#157310000
b1010010101 E
1*
18
#157320000
0*
08
#157330000
b1010010110 E
1*
18
#157340000
0*
08
#157350000
b1010010111 E
1*
18
#157360000
0*
08
#157370000
b1010011000 E
1*
18
#157380000
0*
08
#157390000
b1010011001 E
1*
18
#157400000
0*
08
#157410000
b1010011010 E
1*
18
#157420000
0*
08
#157430000
b1010011011 E
1*
18
#157440000
0*
08
#157450000
b1010011100 E
1*
18
#157460000
0*
08
#157470000
b1010011101 E
1*
18
#157480000
0*
08
#157490000
b1010011110 E
1*
18
#157500000
0*
08
#157510000
b1010011111 E
1*
18
#157520000
0*
08
#157530000
b1010100000 E
1*
18
#157540000
0*
08
#157550000
b1010100001 E
1*
18
#157560000
0*
08
#157570000
b1010100010 E
1*
18
#157580000
0*
08
#157590000
b1010100011 E
1*
18
#157600000
0*
08
#157610000
b1010100100 E
1*
18
#157620000
0*
08
#157630000
b1010100101 E
1*
18
#157640000
0*
08
#157650000
b1010100110 E
1*
18
#157660000
0*
08
#157670000
b1010100111 E
1*
18
#157680000
0*
08
#157690000
b1010101000 E
1*
18
#157700000
0*
08
#157710000
b1010101001 E
1*
18
#157720000
0*
08
#157730000
b1010101010 E
1*
18
#157740000
0*
08
#157750000
b1010101011 E
1*
18
#157760000
0*
08
#157770000
b1010101100 E
1*
18
#157780000
0*
08
#157790000
b1010101101 E
1*
18
#157800000
0*
08
#157810000
b1010101110 E
1*
18
#157820000
0*
08
#157830000
b1010101111 E
1*
18
#157840000
0*
08
#157850000
b1010110000 E
1*
18
#157860000
0*
08
#157870000
b1010110001 E
1*
18
#157880000
0*
08
#157890000
b1010110010 E
1*
18
#157900000
0*
08
#157910000
b1010110011 E
1*
18
#157920000
0*
08
#157930000
b1010110100 E
1*
18
#157940000
0*
08
#157950000
b1010110101 E
1*
18
#157960000
0*
08
#157970000
b1010110110 E
1*
18
#157980000
0*
08
#157990000
b1010110111 E
1*
18
#158000000
0*
08
#158010000
b1010111000 E
1*
18
#158020000
0*
08
#158030000
b1010111001 E
1*
18
#158040000
0*
08
#158050000
b1010111010 E
1*
18
#158060000
0*
08
#158070000
b1010111011 E
1*
18
#158080000
0*
08
#158090000
b1010111100 E
1*
18
#158100000
0*
08
#158110000
b1010111101 E
1*
18
#158120000
0*
08
#158130000
b1010111110 E
1*
18
#158140000
0*
08
#158150000
b1010111111 E
1*
18
#158160000
0*
08
#158170000
b1011000000 E
1*
18
#158180000
0*
08
#158190000
b1011000001 E
1*
18
#158200000
0*
08
#158210000
b1011000010 E
1*
18
#158220000
0*
08
#158230000
b1011000011 E
1*
18
#158240000
0*
08
#158250000
b1011000100 E
1*
18
#158260000
0*
08
#158270000
b1011000101 E
1*
18
#158280000
0*
08
#158290000
b1011000110 E
1*
18
#158300000
0*
08
#158310000
b1011000111 E
1*
18
#158320000
0*
08
#158330000
b1011001000 E
1*
18
#158340000
0*
08
#158350000
b1011001001 E
1*
18
#158360000
0*
08
#158370000
b1011001010 E
1*
18
#158380000
0*
08
#158390000
b1011001011 E
1*
18
#158400000
0*
08
#158410000
b1011001100 E
1*
18
#158420000
0*
08
#158430000
b1011001101 E
1*
18
#158440000
0*
08
#158450000
b1011001110 E
1*
18
#158460000
0*
08
#158470000
b1011001111 E
1*
18
#158480000
0*
08
#158490000
b1011010000 E
1*
18
#158500000
0*
08
#158510000
b1011010001 E
1*
18
#158520000
0*
08
#158530000
b1011010010 E
1*
18
#158540000
0*
08
#158550000
b1011010011 E
1*
18
#158560000
0*
08
#158570000
b1011010100 E
1*
18
#158580000
0*
08
#158590000
b1011010101 E
1*
18
#158600000
0*
08
#158610000
b1011010110 E
1*
18
#158620000
0*
08
#158630000
b1011010111 E
1*
18
#158640000
0*
08
#158650000
b1011011000 E
1*
18
#158660000
0*
08
#158670000
b1011011001 E
1*
18
#158680000
0*
08
#158690000
b1011011010 E
1*
18
#158700000
0*
08
#158710000
b1011011011 E
1*
18
#158720000
0*
08
#158730000
b1011011100 E
1*
18
#158740000
0*
08
#158750000
b1011011101 E
1*
18
#158760000
0*
08
#158770000
b1011011110 E
1*
18
#158780000
0*
08
#158790000
b1011011111 E
1*
18
#158800000
0*
08
#158810000
b1011100000 E
1*
18
#158820000
0*
08
#158830000
b1011100001 E
1*
18
#158840000
0*
08
#158850000
b1011100010 E
1*
18
#158860000
0*
08
#158870000
b1011100011 E
1*
18
#158880000
0*
08
#158890000
b1011100100 E
1*
18
#158900000
0*
08
#158910000
b1011100101 E
1*
18
#158920000
0*
08
#158930000
b1011100110 E
1*
18
#158940000
0*
08
#158950000
b1011100111 E
1*
18
#158960000
0*
08
#158970000
b1011101000 E
1*
18
#158980000
0*
08
#158990000
b1011101001 E
1*
18
#159000000
0*
08
#159010000
b1011101010 E
1*
18
#159020000
0*
08
#159030000
b1011101011 E
1*
18
#159040000
0*
08
#159050000
b1011101100 E
1*
18
#159060000
0*
08
#159070000
b1011101101 E
1*
18
#159080000
0*
08
#159090000
b1011101110 E
1*
18
#159100000
0*
08
#159110000
b1011101111 E
1*
18
#159120000
0*
08
#159130000
b1011110000 E
1*
18
#159140000
0*
08
#159150000
b1011110001 E
1*
18
#159160000
0*
08
#159170000
b1011110010 E
1*
18
#159180000
0*
08
#159190000
b1011110011 E
1*
18
#159200000
0*
08
#159210000
b1011110100 E
1*
18
#159220000
0*
08
#159230000
b1011110101 E
1*
18
#159240000
0*
08
#159250000
b1011110110 E
1*
18
#159260000
0*
08
#159270000
b1011110111 E
1*
18
#159280000
0*
08
#159290000
b1011111000 E
1*
18
#159300000
0*
08
#159310000
b1011111001 E
1*
18
#159320000
0*
08
#159330000
b1011111010 E
1*
18
#159340000
0*
08
#159350000
b1011111011 E
1*
18
#159360000
0*
08
#159370000
b1011111100 E
1*
18
#159380000
0*
08
#159390000
b1011111101 E
1*
18
#159400000
0*
08
#159410000
b1011111110 E
1*
18
#159420000
0*
08
#159430000
b1011111111 E
1*
18
#159440000
0*
08
#159450000
b1100000000 E
1*
18
#159460000
0*
08
#159470000
b1100000001 E
1*
18
#159480000
0*
08
#159490000
b1100000010 E
1*
18
#159500000
0*
08
#159510000
b1100000011 E
1*
18
#159520000
0*
08
#159530000
b1100000100 E
1*
18
#159540000
0*
08
#159550000
b1100000101 E
1*
18
#159560000
0*
08
#159570000
b1100000110 E
1*
18
#159580000
0*
08
#159590000
b1100000111 E
1*
18
#159600000
0*
08
#159610000
b1100001000 E
1*
18
#159620000
0*
08
#159630000
b1100001001 E
1*
18
#159640000
0*
08
#159650000
b1100001010 E
1*
18
#159660000
0*
08
#159670000
b1100001011 E
1*
18
#159680000
0*
08
#159690000
b1100001100 E
1*
18
#159700000
0*
08
#159710000
b1100001101 E
1*
18
#159720000
0*
08
#159730000
b1100001110 E
1*
18
#159740000
0*
08
#159750000
b1100001111 E
1*
18
#159760000
0*
08
#159770000
b1100010000 E
1*
18
#159780000
0*
08
#159790000
b1100010001 E
1*
18
#159800000
0*
08
#159810000
b1100010010 E
1*
18
#159820000
0*
08
#159830000
b1100010011 E
1*
18
#159840000
0*
08
#159850000
b1100010100 E
1*
18
#159860000
0*
08
#159870000
b1100010101 E
1*
18
#159880000
0*
08
#159890000
b1100010110 E
1*
18
#159900000
0*
08
#159910000
b1100010111 E
1*
18
#159920000
0*
08
#159930000
b1100011000 E
1*
18
#159940000
0*
08
#159950000
b1100011001 E
1*
18
#159960000
0*
08
#159970000
b1100011010 E
1*
18
#159980000
0*
08
#159990000
b1100011011 E
1*
18
#160000000
0*
08
#160010000
b1100011100 E
1*
18
#160020000
0*
08
#160030000
b1100011101 E
1*
18
#160040000
0*
08
#160050000
b1100011110 E
1*
18
#160060000
0*
08
#160070000
b1100011111 E
1*
18
#160080000
0*
08
#160090000
0B
b0 E
b1010 N
1*
18
#160100000
0*
08
#160110000
b1 E
0K
1*
18
#160120000
0*
08
#160130000
0G
0"
b10 E
1*
18
#160140000
0*
08
#160150000
b11 E
1*
18
#160160000
0*
08
#160170000
b100 E
1*
18
#160180000
0*
08
#160190000
b101 E
1*
18
#160200000
0*
08
#160210000
b110 E
1*
18
#160220000
0*
08
#160230000
b111 E
1*
18
#160240000
0*
08
#160250000
b1000 E
1*
18
#160260000
0*
08
#160270000
b1001 E
1*
18
#160280000
0*
08
#160290000
b1010 E
1*
18
#160300000
0*
08
#160310000
b1011 E
1*
18
#160320000
0*
08
#160330000
b1100 E
1*
18
#160340000
0*
08
#160350000
b1101 E
1*
18
#160360000
0*
08
#160370000
b1110 E
1*
18
#160380000
0*
08
#160390000
b1111 E
1*
18
#160400000
0*
08
#160410000
b10000 E
1*
18
#160420000
0*
08
#160430000
b10001 E
1*
18
#160440000
0*
08
#160450000
b10010 E
1*
18
#160460000
0*
08
#160470000
b10011 E
1*
18
#160480000
0*
08
#160490000
b10100 E
1*
18
#160500000
0*
08
#160510000
b10101 E
1*
18
#160520000
0*
08
#160530000
b10110 E
1*
18
#160540000
0*
08
#160550000
b10111 E
1*
18
#160560000
0*
08
#160570000
b11000 E
1*
18
#160580000
0*
08
#160590000
b11001 E
1*
18
#160600000
0*
08
#160610000
b11010 E
1*
18
#160620000
0*
08
#160630000
b11011 E
1*
18
#160640000
0*
08
#160650000
b11100 E
1*
18
#160660000
0*
08
#160670000
b11101 E
1*
18
#160680000
0*
08
#160690000
b11110 E
1*
18
#160700000
0*
08
#160710000
b11111 E
1*
18
#160720000
0*
08
#160730000
b100000 E
1*
18
#160740000
0*
08
#160750000
b100001 E
1*
18
#160760000
0*
08
#160770000
b100010 E
1*
18
#160780000
0*
08
#160790000
b100011 E
1*
18
#160800000
0*
08
#160810000
b100100 E
1*
18
#160820000
0*
08
#160830000
b100101 E
1*
18
#160840000
0*
08
#160850000
b100110 E
1*
18
#160860000
0*
08
#160870000
b100111 E
1*
18
#160880000
0*
08
#160890000
b101000 E
1*
18
#160900000
0*
08
#160910000
b101001 E
1*
18
#160920000
0*
08
#160930000
b101010 E
1*
18
#160940000
0*
08
#160950000
b101011 E
1*
18
#160960000
0*
08
#160970000
b101100 E
1*
18
#160980000
0*
08
#160990000
b101101 E
1*
18
#161000000
0*
08
#161010000
b101110 E
1*
18
#161020000
0*
08
#161030000
b101111 E
1*
18
#161040000
0*
08
#161050000
b110000 E
1*
18
#161060000
0*
08
#161070000
b110001 E
1*
18
#161080000
0*
08
#161090000
b110010 E
1*
18
#161100000
0*
08
#161110000
b110011 E
1*
18
#161120000
0*
08
#161130000
b110100 E
1*
18
#161140000
0*
08
#161150000
b110101 E
1*
18
#161160000
0*
08
#161170000
b110110 E
1*
18
#161180000
0*
08
#161190000
b110111 E
1*
18
#161200000
0*
08
#161210000
b111000 E
1*
18
#161220000
0*
08
#161230000
b111001 E
1*
18
#161240000
0*
08
#161250000
b111010 E
1*
18
#161260000
0*
08
#161270000
b111011 E
1*
18
#161280000
0*
08
#161290000
b111100 E
1*
18
#161300000
0*
08
#161310000
b111101 E
1*
18
#161320000
0*
08
#161330000
b111110 E
1*
18
#161340000
0*
08
#161350000
b111111 E
1*
18
#161360000
0*
08
#161370000
b1000000 E
1*
18
#161380000
0*
08
#161390000
b1000001 E
1*
18
#161400000
0*
08
#161410000
b1000010 E
1*
18
#161420000
0*
08
#161430000
b1000011 E
1*
18
#161440000
0*
08
#161450000
b1000100 E
1*
18
#161460000
0*
08
#161470000
b1000101 E
1*
18
#161480000
0*
08
#161490000
b1000110 E
1*
18
#161500000
0*
08
#161510000
b1000111 E
1*
18
#161520000
0*
08
#161530000
b1001000 E
1*
18
#161540000
0*
08
#161550000
b1001001 E
1*
18
#161560000
0*
08
#161570000
b1001010 E
1*
18
#161580000
0*
08
#161590000
b1001011 E
1*
18
#161600000
0*
08
#161610000
b1001100 E
1*
18
#161620000
0*
08
#161630000
b1001101 E
1*
18
#161640000
0*
08
#161650000
b1001110 E
1*
18
#161660000
0*
08
#161670000
b1001111 E
1*
18
#161680000
0*
08
#161690000
b1010000 E
1*
18
#161700000
0*
08
#161710000
b1010001 E
1*
18
#161720000
0*
08
#161730000
b1010010 E
1*
18
#161740000
0*
08
#161750000
b1010011 E
1*
18
#161760000
0*
08
#161770000
b1010100 E
1*
18
#161780000
0*
08
#161790000
b1010101 E
1*
18
#161800000
0*
08
#161810000
b1010110 E
1*
18
#161820000
0*
08
#161830000
b1010111 E
1*
18
#161840000
0*
08
#161850000
b1011000 E
1*
18
#161860000
0*
08
#161870000
b1011001 E
1*
18
#161880000
0*
08
#161890000
b1011010 E
1*
18
#161900000
0*
08
#161910000
b1011011 E
1*
18
#161920000
0*
08
#161930000
b1011100 E
1*
18
#161940000
0*
08
#161950000
b1011101 E
1*
18
#161960000
0*
08
#161970000
b1011110 E
1*
18
#161980000
0*
08
#161990000
b1011111 E
1*
18
#162000000
0*
08
#162010000
1B
b1100000 E
1*
18
#162020000
0*
08
#162030000
b1100001 E
1K
1*
18
#162040000
0*
08
#162050000
1G
1"
b1100010 E
1*
18
#162060000
0*
08
#162070000
b1100011 E
1*
18
#162080000
0*
08
#162090000
b1100100 E
1*
18
#162100000
0*
08
#162110000
b1100101 E
1*
18
#162120000
0*
08
#162130000
b1100110 E
1*
18
#162140000
0*
08
#162150000
b1100111 E
1*
18
#162160000
0*
08
#162170000
b1101000 E
1*
18
#162180000
0*
08
#162190000
b1101001 E
1*
18
#162200000
0*
08
#162210000
b1101010 E
1*
18
#162220000
0*
08
#162230000
b1101011 E
1*
18
#162240000
0*
08
#162250000
b1101100 E
1*
18
#162260000
0*
08
#162270000
b1101101 E
1*
18
#162280000
0*
08
#162290000
b1101110 E
1*
18
#162300000
0*
08
#162310000
b1101111 E
1*
18
#162320000
0*
08
#162330000
b1110000 E
1*
18
#162340000
0*
08
#162350000
b1110001 E
1*
18
#162360000
0*
08
#162370000
b1110010 E
1*
18
#162380000
0*
08
#162390000
b1110011 E
1*
18
#162400000
0*
08
#162410000
b1110100 E
1*
18
#162420000
0*
08
#162430000
b1110101 E
1*
18
#162440000
0*
08
#162450000
b1110110 E
1*
18
#162460000
0*
08
#162470000
b1110111 E
1*
18
#162480000
0*
08
#162490000
b1111000 E
1*
18
#162500000
0*
08
#162510000
b1111001 E
1*
18
#162520000
0*
08
#162530000
b1111010 E
1*
18
#162540000
0*
08
#162550000
b1111011 E
1*
18
#162560000
0*
08
#162570000
b1111100 E
1*
18
#162580000
0*
08
#162590000
b1111101 E
1*
18
#162600000
0*
08
#162610000
b1111110 E
1*
18
#162620000
0*
08
#162630000
b1111111 E
1*
18
#162640000
0*
08
#162650000
b10000000 E
1*
18
#162660000
0*
08
#162670000
b10000001 E
1*
18
#162680000
0*
08
#162690000
b10000010 E
1*
18
#162700000
0*
08
#162710000
b10000011 E
1*
18
#162720000
0*
08
#162730000
b10000100 E
1*
18
#162740000
0*
08
#162750000
b10000101 E
1*
18
#162760000
0*
08
#162770000
b10000110 E
1*
18
#162780000
0*
08
#162790000
b10000111 E
1*
18
#162800000
0*
08
#162810000
b10001000 E
1*
18
#162820000
0*
08
#162830000
b10001001 E
1*
18
#162840000
0*
08
#162850000
b10001010 E
1*
18
#162860000
0*
08
#162870000
b10001011 E
1*
18
#162880000
0*
08
#162890000
b10001100 E
1*
18
#162900000
0*
08
#162910000
b10001101 E
1*
18
#162920000
0*
08
#162930000
b10001110 E
1*
18
#162940000
0*
08
#162950000
b10001111 E
1*
18
#162960000
0*
08
#162970000
b10010000 E
1*
18
#162980000
0*
08
#162990000
b10010001 E
1*
18
#163000000
0*
08
#163010000
b10010010 E
1*
18
#163020000
0*
08
#163030000
b10010011 E
1*
18
#163040000
0*
08
#163050000
b10010100 E
1*
18
#163060000
0*
08
#163070000
b10010101 E
1*
18
#163080000
0*
08
#163090000
b10010110 E
1*
18
#163100000
0*
08
#163110000
b10010111 E
1*
18
#163120000
0*
08
#163130000
b10011000 E
1*
18
#163140000
0*
08
#163150000
b10011001 E
1*
18
#163160000
0*
08
#163170000
b10011010 E
1*
18
#163180000
0*
08
#163190000
b10011011 E
1*
18
#163200000
0*
08
#163210000
b10011100 E
1*
18
#163220000
0*
08
#163230000
b10011101 E
1*
18
#163240000
0*
08
#163250000
b10011110 E
1*
18
#163260000
0*
08
#163270000
b10011111 E
1*
18
#163280000
0*
08
#163290000
b10100000 E
1*
18
#163300000
0*
08
#163310000
b10100001 E
1*
18
#163320000
0*
08
#163330000
b10100010 E
1*
18
#163340000
0*
08
#163350000
b10100011 E
1*
18
#163360000
0*
08
#163370000
b10100100 E
1*
18
#163380000
0*
08
#163390000
b10100101 E
1*
18
#163400000
0*
08
#163410000
b10100110 E
1*
18
#163420000
0*
08
#163430000
b10100111 E
1*
18
#163440000
0*
08
#163450000
b10101000 E
1*
18
#163460000
0*
08
#163470000
b10101001 E
1*
18
#163480000
0*
08
#163490000
b10101010 E
1*
18
#163500000
0*
08
#163510000
b10101011 E
1*
18
#163520000
0*
08
#163530000
b10101100 E
1*
18
#163540000
0*
08
#163550000
b10101101 E
1*
18
#163560000
0*
08
#163570000
b10101110 E
1*
18
#163580000
0*
08
#163590000
b10101111 E
1*
18
#163600000
0*
08
#163610000
b10110000 E
1*
18
#163620000
0*
08
#163630000
b10110001 E
1*
18
#163640000
0*
08
#163650000
b10110010 E
1*
18
#163660000
0*
08
#163670000
b10110011 E
1*
18
#163680000
0*
08
#163690000
b10110100 E
1*
18
#163700000
0*
08
#163710000
b10110101 E
1*
18
#163720000
0*
08
#163730000
b10110110 E
1*
18
#163740000
0*
08
#163750000
b10110111 E
1*
18
#163760000
0*
08
#163770000
b10111000 E
1*
18
#163780000
0*
08
#163790000
b10111001 E
1*
18
#163800000
0*
08
#163810000
b10111010 E
1*
18
#163820000
0*
08
#163830000
b10111011 E
1*
18
#163840000
0*
08
#163850000
b10111100 E
1*
18
#163860000
0*
08
#163870000
b10111101 E
1*
18
#163880000
0*
08
#163890000
b10111110 E
1*
18
#163900000
0*
08
#163910000
b10111111 E
1*
18
#163920000
0*
08
#163930000
b11000000 E
1*
18
#163940000
0*
08
#163950000
b11000001 E
1*
18
#163960000
0*
08
#163970000
b11000010 E
1*
18
#163980000
0*
08
#163990000
b11000011 E
1*
18
#164000000
0*
08
#164010000
b11000100 E
1*
18
#164020000
0*
08
#164030000
b11000101 E
1*
18
#164040000
0*
08
#164050000
b11000110 E
1*
18
#164060000
0*
08
#164070000
b11000111 E
1*
18
#164080000
0*
08
#164090000
b11001000 E
1*
18
#164100000
0*
08
#164110000
b11001001 E
1*
18
#164120000
0*
08
#164130000
b11001010 E
1*
18
#164140000
0*
08
#164150000
b11001011 E
1*
18
#164160000
0*
08
#164170000
b11001100 E
1*
18
#164180000
0*
08
#164190000
b11001101 E
1*
18
#164200000
0*
08
#164210000
b11001110 E
1*
18
#164220000
0*
08
#164230000
b11001111 E
1*
18
#164240000
0*
08
#164250000
b11010000 E
1*
18
#164260000
0*
08
#164270000
b11010001 E
1*
18
#164280000
0*
08
#164290000
b11010010 E
1*
18
#164300000
0*
08
#164310000
b11010011 E
1*
18
#164320000
0*
08
#164330000
b11010100 E
1*
18
#164340000
0*
08
#164350000
b11010101 E
1*
18
#164360000
0*
08
#164370000
b11010110 E
1*
18
#164380000
0*
08
#164390000
b11010111 E
1*
18
#164400000
0*
08
#164410000
b11011000 E
1*
18
#164420000
0*
08
#164430000
b11011001 E
1*
18
#164440000
0*
08
#164450000
b11011010 E
1*
18
#164460000
0*
08
#164470000
b11011011 E
1*
18
#164480000
0*
08
#164490000
b11011100 E
1*
18
#164500000
0*
08
#164510000
b11011101 E
1*
18
#164520000
0*
08
#164530000
b11011110 E
1*
18
#164540000
0*
08
#164550000
b11011111 E
1*
18
#164560000
0*
08
#164570000
b11100000 E
1*
18
#164580000
0*
08
#164590000
b11100001 E
1*
18
#164600000
0*
08
#164610000
b11100010 E
1*
18
#164620000
0*
08
#164630000
b11100011 E
1*
18
#164640000
0*
08
#164650000
b11100100 E
1*
18
#164660000
0*
08
#164670000
b11100101 E
1*
18
#164680000
0*
08
#164690000
b11100110 E
1*
18
#164700000
0*
08
#164710000
b11100111 E
1*
18
#164720000
0*
08
#164730000
b11101000 E
1*
18
#164740000
0*
08
#164750000
b11101001 E
1*
18
#164760000
0*
08
#164770000
b11101010 E
1*
18
#164780000
0*
08
#164790000
b11101011 E
1*
18
#164800000
0*
08
#164810000
b11101100 E
1*
18
#164820000
0*
08
#164830000
b11101101 E
1*
18
#164840000
0*
08
#164850000
b11101110 E
1*
18
#164860000
0*
08
#164870000
b11101111 E
1*
18
#164880000
0*
08
#164890000
b11110000 E
1*
18
#164900000
0*
08
#164910000
b11110001 E
1*
18
#164920000
0*
08
#164930000
b11110010 E
1*
18
#164940000
0*
08
#164950000
b11110011 E
1*
18
#164960000
0*
08
#164970000
b11110100 E
1*
18
#164980000
0*
08
#164990000
b11110101 E
1*
18
#165000000
0*
08
#165010000
b11110110 E
1*
18
#165020000
0*
08
#165030000
b11110111 E
1*
18
#165040000
0*
08
#165050000
b11111000 E
1*
18
#165060000
0*
08
#165070000
b11111001 E
1*
18
#165080000
0*
08
#165090000
b11111010 E
1*
18
#165100000
0*
08
#165110000
b11111011 E
1*
18
#165120000
0*
08
#165130000
b11111100 E
1*
18
#165140000
0*
08
#165150000
b11111101 E
1*
18
#165160000
0*
08
#165170000
b11111110 E
1*
18
#165180000
0*
08
#165190000
b11111111 E
1*
18
#165200000
0*
08
#165210000
b100000000 E
1*
18
#165220000
0*
08
#165230000
b100000001 E
1*
18
#165240000
0*
08
#165250000
b100000010 E
1*
18
#165260000
0*
08
#165270000
b100000011 E
1*
18
#165280000
0*
08
#165290000
b100000100 E
1*
18
#165300000
0*
08
#165310000
b100000101 E
1*
18
#165320000
0*
08
#165330000
b100000110 E
1*
18
#165340000
0*
08
#165350000
b100000111 E
1*
18
#165360000
0*
08
#165370000
b100001000 E
1*
18
#165380000
0*
08
#165390000
b100001001 E
1*
18
#165400000
0*
08
#165410000
b100001010 E
1*
18
#165420000
0*
08
#165430000
b100001011 E
1*
18
#165440000
0*
08
#165450000
b100001100 E
1*
18
#165460000
0*
08
#165470000
b100001101 E
1*
18
#165480000
0*
08
#165490000
b100001110 E
1*
18
#165500000
0*
08
#165510000
b100001111 E
1*
18
#165520000
0*
08
#165530000
b100010000 E
1*
18
#165540000
0*
08
#165550000
b100010001 E
1*
18
#165560000
0*
08
#165570000
b100010010 E
1*
18
#165580000
0*
08
#165590000
b100010011 E
1*
18
#165600000
0*
08
#165610000
b100010100 E
1*
18
#165620000
0*
08
#165630000
b100010101 E
1*
18
#165640000
0*
08
#165650000
b100010110 E
1*
18
#165660000
0*
08
#165670000
b100010111 E
1*
18
#165680000
0*
08
#165690000
b100011000 E
1*
18
#165700000
0*
08
#165710000
b100011001 E
1*
18
#165720000
0*
08
#165730000
b100011010 E
1*
18
#165740000
0*
08
#165750000
b100011011 E
1*
18
#165760000
0*
08
#165770000
b100011100 E
1*
18
#165780000
0*
08
#165790000
b100011101 E
1*
18
#165800000
0*
08
#165810000
b100011110 E
1*
18
#165820000
0*
08
#165830000
b100011111 E
1*
18
#165840000
0*
08
#165850000
b100100000 E
1*
18
#165860000
0*
08
#165870000
b100100001 E
1*
18
#165880000
0*
08
#165890000
b100100010 E
1*
18
#165900000
0*
08
#165910000
b100100011 E
1*
18
#165920000
0*
08
#165930000
b100100100 E
1*
18
#165940000
0*
08
#165950000
b100100101 E
1*
18
#165960000
0*
08
#165970000
b100100110 E
1*
18
#165980000
0*
08
#165990000
b100100111 E
1*
18
#166000000
0*
08
#166010000
b100101000 E
1*
18
#166020000
0*
08
#166030000
b100101001 E
1*
18
#166040000
0*
08
#166050000
b100101010 E
1*
18
#166060000
0*
08
#166070000
b100101011 E
1*
18
#166080000
0*
08
#166090000
b100101100 E
1*
18
#166100000
0*
08
#166110000
b100101101 E
1*
18
#166120000
0*
08
#166130000
b100101110 E
1*
18
#166140000
0*
08
#166150000
b100101111 E
1*
18
#166160000
0*
08
#166170000
b100110000 E
1*
18
#166180000
0*
08
#166190000
b100110001 E
1*
18
#166200000
0*
08
#166210000
b100110010 E
1*
18
#166220000
0*
08
#166230000
b100110011 E
1*
18
#166240000
0*
08
#166250000
b100110100 E
1*
18
#166260000
0*
08
#166270000
b100110101 E
1*
18
#166280000
0*
08
#166290000
b100110110 E
1*
18
#166300000
0*
08
#166310000
b100110111 E
1*
18
#166320000
0*
08
#166330000
b100111000 E
1*
18
#166340000
0*
08
#166350000
b100111001 E
1*
18
#166360000
0*
08
#166370000
b100111010 E
1*
18
#166380000
0*
08
#166390000
b100111011 E
1*
18
#166400000
0*
08
#166410000
b100111100 E
1*
18
#166420000
0*
08
#166430000
b100111101 E
1*
18
#166440000
0*
08
#166450000
b100111110 E
1*
18
#166460000
0*
08
#166470000
b100111111 E
1*
18
#166480000
0*
08
#166490000
b101000000 E
1*
18
#166500000
0*
08
#166510000
b101000001 E
1*
18
#166520000
0*
08
#166530000
b101000010 E
1*
18
#166540000
0*
08
#166550000
b101000011 E
1*
18
#166560000
0*
08
#166570000
b101000100 E
1*
18
#166580000
0*
08
#166590000
b101000101 E
1*
18
#166600000
0*
08
#166610000
b101000110 E
1*
18
#166620000
0*
08
#166630000
b101000111 E
1*
18
#166640000
0*
08
#166650000
b101001000 E
1*
18
#166660000
0*
08
#166670000
b101001001 E
1*
18
#166680000
0*
08
#166690000
b101001010 E
1*
18
#166700000
0*
08
#166710000
b101001011 E
1*
18
#166720000
0*
08
#166730000
b101001100 E
1*
18
#166740000
0*
08
#166750000
b101001101 E
1*
18
#166760000
0*
08
#166770000
b101001110 E
1*
18
#166780000
0*
08
#166790000
b101001111 E
1*
18
#166800000
0*
08
#166810000
b101010000 E
1*
18
#166820000
0*
08
#166830000
b101010001 E
1*
18
#166840000
0*
08
#166850000
b101010010 E
1*
18
#166860000
0*
08
#166870000
b101010011 E
1*
18
#166880000
0*
08
#166890000
b101010100 E
1*
18
#166900000
0*
08
#166910000
b101010101 E
1*
18
#166920000
0*
08
#166930000
b101010110 E
1*
18
#166940000
0*
08
#166950000
b101010111 E
1*
18
#166960000
0*
08
#166970000
b101011000 E
1*
18
#166980000
0*
08
#166990000
b101011001 E
1*
18
#167000000
0*
08
#167010000
b101011010 E
1*
18
#167020000
0*
08
#167030000
b101011011 E
1*
18
#167040000
0*
08
#167050000
b101011100 E
1*
18
#167060000
0*
08
#167070000
b101011101 E
1*
18
#167080000
0*
08
#167090000
b101011110 E
1*
18
#167100000
0*
08
#167110000
b101011111 E
1*
18
#167120000
0*
08
#167130000
b101100000 E
1*
18
#167140000
0*
08
#167150000
b101100001 E
1*
18
#167160000
0*
08
#167170000
b101100010 E
1*
18
#167180000
0*
08
#167190000
b101100011 E
1*
18
#167200000
0*
08
#167210000
b101100100 E
1*
18
#167220000
0*
08
#167230000
b101100101 E
1*
18
#167240000
0*
08
#167250000
b101100110 E
1*
18
#167260000
0*
08
#167270000
b101100111 E
1*
18
#167280000
0*
08
#167290000
b101101000 E
1*
18
#167300000
0*
08
#167310000
b101101001 E
1*
18
#167320000
0*
08
#167330000
b101101010 E
1*
18
#167340000
0*
08
#167350000
b101101011 E
1*
18
#167360000
0*
08
#167370000
b101101100 E
1*
18
#167380000
0*
08
#167390000
b101101101 E
1*
18
#167400000
0*
08
#167410000
b101101110 E
1*
18
#167420000
0*
08
#167430000
b101101111 E
1*
18
#167440000
0*
08
#167450000
b101110000 E
1*
18
#167460000
0*
08
#167470000
b101110001 E
1*
18
#167480000
0*
08
#167490000
b101110010 E
1*
18
#167500000
0*
08
#167510000
b101110011 E
1*
18
#167520000
0*
08
#167530000
b101110100 E
1*
18
#167540000
0*
08
#167550000
b101110101 E
1*
18
#167560000
0*
08
#167570000
b101110110 E
1*
18
#167580000
0*
08
#167590000
b101110111 E
1*
18
#167600000
0*
08
#167610000
b101111000 E
1*
18
#167620000
0*
08
#167630000
b101111001 E
1*
18
#167640000
0*
08
#167650000
b101111010 E
1*
18
#167660000
0*
08
#167670000
b101111011 E
1*
18
#167680000
0*
08
#167690000
b101111100 E
1*
18
#167700000
0*
08
#167710000
b101111101 E
1*
18
#167720000
0*
08
#167730000
b101111110 E
1*
18
#167740000
0*
08
#167750000
b101111111 E
1*
18
#167760000
0*
08
#167770000
b110000000 E
1*
18
#167780000
0*
08
#167790000
b110000001 E
1*
18
#167800000
0*
08
#167810000
b110000010 E
1*
18
#167820000
0*
08
#167830000
b110000011 E
1*
18
#167840000
0*
08
#167850000
b110000100 E
1*
18
#167860000
0*
08
#167870000
b110000101 E
1*
18
#167880000
0*
08
#167890000
b110000110 E
1*
18
#167900000
0*
08
#167910000
b110000111 E
1*
18
#167920000
0*
08
#167930000
b110001000 E
1*
18
#167940000
0*
08
#167950000
b110001001 E
1*
18
#167960000
0*
08
#167970000
b110001010 E
1*
18
#167980000
0*
08
#167990000
b110001011 E
1*
18
#168000000
0*
08
#168010000
b110001100 E
1*
18
#168020000
0*
08
#168030000
b110001101 E
1*
18
#168040000
0*
08
#168050000
b110001110 E
1*
18
#168060000
0*
08
#168070000
b110001111 E
1*
18
#168080000
0*
08
#168090000
b110010000 E
1*
18
#168100000
0*
08
#168110000
b110010001 E
1*
18
#168120000
0*
08
#168130000
b110010010 E
1*
18
#168140000
0*
08
#168150000
b110010011 E
1*
18
#168160000
0*
08
#168170000
b110010100 E
1*
18
#168180000
0*
08
#168190000
b110010101 E
1*
18
#168200000
0*
08
#168210000
b110010110 E
1*
18
#168220000
0*
08
#168230000
b110010111 E
1*
18
#168240000
0*
08
#168250000
b110011000 E
1*
18
#168260000
0*
08
#168270000
b110011001 E
1*
18
#168280000
0*
08
#168290000
b110011010 E
1*
18
#168300000
0*
08
#168310000
b110011011 E
1*
18
#168320000
0*
08
#168330000
b110011100 E
1*
18
#168340000
0*
08
#168350000
b110011101 E
1*
18
#168360000
0*
08
#168370000
b110011110 E
1*
18
#168380000
0*
08
#168390000
b110011111 E
1*
18
#168400000
0*
08
#168410000
b110100000 E
1*
18
#168420000
0*
08
#168430000
b110100001 E
1*
18
#168440000
0*
08
#168450000
b110100010 E
1*
18
#168460000
0*
08
#168470000
b110100011 E
1*
18
#168480000
0*
08
#168490000
b110100100 E
1*
18
#168500000
0*
08
#168510000
b110100101 E
1*
18
#168520000
0*
08
#168530000
b110100110 E
1*
18
#168540000
0*
08
#168550000
b110100111 E
1*
18
#168560000
0*
08
#168570000
b110101000 E
1*
18
#168580000
0*
08
#168590000
b110101001 E
1*
18
#168600000
0*
08
#168610000
b110101010 E
1*
18
#168620000
0*
08
#168630000
b110101011 E
1*
18
#168640000
0*
08
#168650000
b110101100 E
1*
18
#168660000
0*
08
#168670000
b110101101 E
1*
18
#168680000
0*
08
#168690000
b110101110 E
1*
18
#168700000
0*
08
#168710000
b110101111 E
1*
18
#168720000
0*
08
#168730000
b110110000 E
1*
18
#168740000
0*
08
#168750000
b110110001 E
1*
18
#168760000
0*
08
#168770000
b110110010 E
1*
18
#168780000
0*
08
#168790000
b110110011 E
1*
18
#168800000
0*
08
#168810000
b110110100 E
1*
18
#168820000
0*
08
#168830000
b110110101 E
1*
18
#168840000
0*
08
#168850000
b110110110 E
1*
18
#168860000
0*
08
#168870000
b110110111 E
1*
18
#168880000
0*
08
#168890000
b110111000 E
1*
18
#168900000
0*
08
#168910000
b110111001 E
1*
18
#168920000
0*
08
#168930000
b110111010 E
1*
18
#168940000
0*
08
#168950000
b110111011 E
1*
18
#168960000
0*
08
#168970000
b110111100 E
1*
18
#168980000
0*
08
#168990000
b110111101 E
1*
18
#169000000
0*
08
#169010000
b110111110 E
1*
18
#169020000
0*
08
#169030000
b110111111 E
1*
18
#169040000
0*
08
#169050000
b111000000 E
1*
18
#169060000
0*
08
#169070000
b111000001 E
1*
18
#169080000
0*
08
#169090000
b111000010 E
1*
18
#169100000
0*
08
#169110000
b111000011 E
1*
18
#169120000
0*
08
#169130000
b111000100 E
1*
18
#169140000
0*
08
#169150000
b111000101 E
1*
18
#169160000
0*
08
#169170000
b111000110 E
1*
18
#169180000
0*
08
#169190000
b111000111 E
1*
18
#169200000
0*
08
#169210000
b111001000 E
1*
18
#169220000
0*
08
#169230000
b111001001 E
1*
18
#169240000
0*
08
#169250000
b111001010 E
1*
18
#169260000
0*
08
#169270000
b111001011 E
1*
18
#169280000
0*
08
#169290000
b111001100 E
1*
18
#169300000
0*
08
#169310000
b111001101 E
1*
18
#169320000
0*
08
#169330000
b111001110 E
1*
18
#169340000
0*
08
#169350000
b111001111 E
1*
18
#169360000
0*
08
#169370000
b111010000 E
1*
18
#169380000
0*
08
#169390000
b111010001 E
1*
18
#169400000
0*
08
#169410000
b111010010 E
1*
18
#169420000
0*
08
#169430000
b111010011 E
1*
18
#169440000
0*
08
#169450000
b111010100 E
1*
18
#169460000
0*
08
#169470000
b111010101 E
1*
18
#169480000
0*
08
#169490000
b111010110 E
1*
18
#169500000
0*
08
#169510000
b111010111 E
1*
18
#169520000
0*
08
#169530000
b111011000 E
1*
18
#169540000
0*
08
#169550000
b111011001 E
1*
18
#169560000
0*
08
#169570000
b111011010 E
1*
18
#169580000
0*
08
#169590000
b111011011 E
1*
18
#169600000
0*
08
#169610000
b111011100 E
1*
18
#169620000
0*
08
#169630000
b111011101 E
1*
18
#169640000
0*
08
#169650000
b111011110 E
1*
18
#169660000
0*
08
#169670000
b111011111 E
1*
18
#169680000
0*
08
#169690000
b111100000 E
1*
18
#169700000
0*
08
#169710000
b111100001 E
1*
18
#169720000
0*
08
#169730000
b111100010 E
1*
18
#169740000
0*
08
#169750000
b111100011 E
1*
18
#169760000
0*
08
#169770000
b111100100 E
1*
18
#169780000
0*
08
#169790000
b111100101 E
1*
18
#169800000
0*
08
#169810000
b111100110 E
1*
18
#169820000
0*
08
#169830000
b111100111 E
1*
18
#169840000
0*
08
#169850000
b111101000 E
1*
18
#169860000
0*
08
#169870000
b111101001 E
1*
18
#169880000
0*
08
#169890000
b111101010 E
1*
18
#169900000
0*
08
#169910000
b111101011 E
1*
18
#169920000
0*
08
#169930000
b111101100 E
1*
18
#169940000
0*
08
#169950000
b111101101 E
1*
18
#169960000
0*
08
#169970000
b111101110 E
1*
18
#169980000
0*
08
#169990000
b111101111 E
1*
18
#170000000
0*
08
#170010000
b111110000 E
1*
18
#170020000
0*
08
#170030000
b111110001 E
1*
18
#170040000
0*
08
#170050000
b111110010 E
1*
18
#170060000
0*
08
#170070000
b111110011 E
1*
18
#170080000
0*
08
#170090000
b111110100 E
1*
18
#170100000
0*
08
#170110000
b111110101 E
1*
18
#170120000
0*
08
#170130000
b111110110 E
1*
18
#170140000
0*
08
#170150000
b111110111 E
1*
18
#170160000
0*
08
#170170000
b111111000 E
1*
18
#170180000
0*
08
#170190000
b111111001 E
1*
18
#170200000
0*
08
#170210000
b111111010 E
1*
18
#170220000
0*
08
#170230000
b111111011 E
1*
18
#170240000
0*
08
#170250000
b111111100 E
1*
18
#170260000
0*
08
#170270000
b111111101 E
1*
18
#170280000
0*
08
#170290000
b111111110 E
1*
18
#170300000
0*
08
#170310000
b111111111 E
1*
18
#170320000
0*
08
#170330000
b1000000000 E
1*
18
#170340000
0*
08
#170350000
b1000000001 E
1*
18
#170360000
0*
08
#170370000
b1000000010 E
1*
18
#170380000
0*
08
#170390000
b1000000011 E
1*
18
#170400000
0*
08
#170410000
b1000000100 E
1*
18
#170420000
0*
08
#170430000
b1000000101 E
1*
18
#170440000
0*
08
#170450000
b1000000110 E
1*
18
#170460000
0*
08
#170470000
b1000000111 E
1*
18
#170480000
0*
08
#170490000
b1000001000 E
1*
18
#170500000
0*
08
#170510000
b1000001001 E
1*
18
#170520000
0*
08
#170530000
b1000001010 E
1*
18
#170540000
0*
08
#170550000
b1000001011 E
1*
18
#170560000
0*
08
#170570000
b1000001100 E
1*
18
#170580000
0*
08
#170590000
b1000001101 E
1*
18
#170600000
0*
08
#170610000
b1000001110 E
1*
18
#170620000
0*
08
#170630000
b1000001111 E
1*
18
#170640000
0*
08
#170650000
b1000010000 E
1*
18
#170660000
0*
08
#170670000
b1000010001 E
1*
18
#170680000
0*
08
#170690000
b1000010010 E
1*
18
#170700000
0*
08
#170710000
b1000010011 E
1*
18
#170720000
0*
08
#170730000
b1000010100 E
1*
18
#170740000
0*
08
#170750000
b1000010101 E
1*
18
#170760000
0*
08
#170770000
b1000010110 E
1*
18
#170780000
0*
08
#170790000
b1000010111 E
1*
18
#170800000
0*
08
#170810000
b1000011000 E
1*
18
#170820000
0*
08
#170830000
b1000011001 E
1*
18
#170840000
0*
08
#170850000
b1000011010 E
1*
18
#170860000
0*
08
#170870000
b1000011011 E
1*
18
#170880000
0*
08
#170890000
b1000011100 E
1*
18
#170900000
0*
08
#170910000
b1000011101 E
1*
18
#170920000
0*
08
#170930000
b1000011110 E
1*
18
#170940000
0*
08
#170950000
b1000011111 E
1*
18
#170960000
0*
08
#170970000
b1000100000 E
1*
18
#170980000
0*
08
#170990000
b1000100001 E
1*
18
#171000000
0*
08
#171010000
b1000100010 E
1*
18
#171020000
0*
08
#171030000
b1000100011 E
1*
18
#171040000
0*
08
#171050000
b1000100100 E
1*
18
#171060000
0*
08
#171070000
b1000100101 E
1*
18
#171080000
0*
08
#171090000
b1000100110 E
1*
18
#171100000
0*
08
#171110000
b1000100111 E
1*
18
#171120000
0*
08
#171130000
b1000101000 E
1*
18
#171140000
0*
08
#171150000
b1000101001 E
1*
18
#171160000
0*
08
#171170000
b1000101010 E
1*
18
#171180000
0*
08
#171190000
b1000101011 E
1*
18
#171200000
0*
08
#171210000
b1000101100 E
1*
18
#171220000
0*
08
#171230000
b1000101101 E
1*
18
#171240000
0*
08
#171250000
b1000101110 E
1*
18
#171260000
0*
08
#171270000
b1000101111 E
1*
18
#171280000
0*
08
#171290000
b1000110000 E
1*
18
#171300000
0*
08
#171310000
b1000110001 E
1*
18
#171320000
0*
08
#171330000
b1000110010 E
1*
18
#171340000
0*
08
#171350000
b1000110011 E
1*
18
#171360000
0*
08
#171370000
b1000110100 E
1*
18
#171380000
0*
08
#171390000
b1000110101 E
1*
18
#171400000
0*
08
#171410000
b1000110110 E
1*
18
#171420000
0*
08
#171430000
b1000110111 E
1*
18
#171440000
0*
08
#171450000
b1000111000 E
1*
18
#171460000
0*
08
#171470000
b1000111001 E
1*
18
#171480000
0*
08
#171490000
b1000111010 E
1*
18
#171500000
0*
08
#171510000
b1000111011 E
1*
18
#171520000
0*
08
#171530000
b1000111100 E
1*
18
#171540000
0*
08
#171550000
b1000111101 E
1*
18
#171560000
0*
08
#171570000
b1000111110 E
1*
18
#171580000
0*
08
#171590000
b1000111111 E
1*
18
#171600000
0*
08
#171610000
b1001000000 E
1*
18
#171620000
0*
08
#171630000
b1001000001 E
1*
18
#171640000
0*
08
#171650000
b1001000010 E
1*
18
#171660000
0*
08
#171670000
b1001000011 E
1*
18
#171680000
0*
08
#171690000
b1001000100 E
1*
18
#171700000
0*
08
#171710000
b1001000101 E
1*
18
#171720000
0*
08
#171730000
b1001000110 E
1*
18
#171740000
0*
08
#171750000
b1001000111 E
1*
18
#171760000
0*
08
#171770000
b1001001000 E
1*
18
#171780000
0*
08
#171790000
b1001001001 E
1*
18
#171800000
0*
08
#171810000
b1001001010 E
1*
18
#171820000
0*
08
#171830000
b1001001011 E
1*
18
#171840000
0*
08
#171850000
b1001001100 E
1*
18
#171860000
0*
08
#171870000
b1001001101 E
1*
18
#171880000
0*
08
#171890000
b1001001110 E
1*
18
#171900000
0*
08
#171910000
b1001001111 E
1*
18
#171920000
0*
08
#171930000
b1001010000 E
1*
18
#171940000
0*
08
#171950000
b1001010001 E
1*
18
#171960000
0*
08
#171970000
b1001010010 E
1*
18
#171980000
0*
08
#171990000
b1001010011 E
1*
18
#172000000
0*
08
#172010000
b1001010100 E
1*
18
#172020000
0*
08
#172030000
b1001010101 E
1*
18
#172040000
0*
08
#172050000
b1001010110 E
1*
18
#172060000
0*
08
#172070000
b1001010111 E
1*
18
#172080000
0*
08
#172090000
b1001011000 E
1*
18
#172100000
0*
08
#172110000
b1001011001 E
1*
18
#172120000
0*
08
#172130000
b1001011010 E
1*
18
#172140000
0*
08
#172150000
b1001011011 E
1*
18
#172160000
0*
08
#172170000
b1001011100 E
1*
18
#172180000
0*
08
#172190000
b1001011101 E
1*
18
#172200000
0*
08
#172210000
b1001011110 E
1*
18
#172220000
0*
08
#172230000
b1001011111 E
1*
18
#172240000
0*
08
#172250000
b1001100000 E
1*
18
#172260000
0*
08
#172270000
b1001100001 E
1*
18
#172280000
0*
08
#172290000
b1001100010 E
1*
18
#172300000
0*
08
#172310000
b1001100011 E
1*
18
#172320000
0*
08
#172330000
b1001100100 E
1*
18
#172340000
0*
08
#172350000
b1001100101 E
1*
18
#172360000
0*
08
#172370000
b1001100110 E
1*
18
#172380000
0*
08
#172390000
b1001100111 E
1*
18
#172400000
0*
08
#172410000
b1001101000 E
1*
18
#172420000
0*
08
#172430000
b1001101001 E
1*
18
#172440000
0*
08
#172450000
b1001101010 E
1*
18
#172460000
0*
08
#172470000
b1001101011 E
1*
18
#172480000
0*
08
#172490000
b1001101100 E
1*
18
#172500000
0*
08
#172510000
b1001101101 E
1*
18
#172520000
0*
08
#172530000
b1001101110 E
1*
18
#172540000
0*
08
#172550000
b1001101111 E
1*
18
#172560000
0*
08
#172570000
b1001110000 E
1*
18
#172580000
0*
08
#172590000
b1001110001 E
1*
18
#172600000
0*
08
#172610000
b1001110010 E
1*
18
#172620000
0*
08
#172630000
b1001110011 E
1*
18
#172640000
0*
08
#172650000
b1001110100 E
1*
18
#172660000
0*
08
#172670000
b1001110101 E
1*
18
#172680000
0*
08
#172690000
b1001110110 E
1*
18
#172700000
0*
08
#172710000
b1001110111 E
1*
18
#172720000
0*
08
#172730000
b1001111000 E
1*
18
#172740000
0*
08
#172750000
b1001111001 E
1*
18
#172760000
0*
08
#172770000
b1001111010 E
1*
18
#172780000
0*
08
#172790000
b1001111011 E
1*
18
#172800000
0*
08
#172810000
b1001111100 E
1*
18
#172820000
0*
08
#172830000
b1001111101 E
1*
18
#172840000
0*
08
#172850000
b1001111110 E
1*
18
#172860000
0*
08
#172870000
b1001111111 E
1*
18
#172880000
0*
08
#172890000
b1010000000 E
1*
18
#172900000
0*
08
#172910000
b1010000001 E
1*
18
#172920000
0*
08
#172930000
b1010000010 E
1*
18
#172940000
0*
08
#172950000
b1010000011 E
1*
18
#172960000
0*
08
#172970000
b1010000100 E
1*
18
#172980000
0*
08
#172990000
b1010000101 E
1*
18
#173000000
0*
08
#173010000
b1010000110 E
1*
18
#173020000
0*
08
#173030000
b1010000111 E
1*
18
#173040000
0*
08
#173050000
b1010001000 E
1*
18
#173060000
0*
08
#173070000
b1010001001 E
1*
18
#173080000
0*
08
#173090000
b1010001010 E
1*
18
#173100000
0*
08
#173110000
b1010001011 E
1*
18
#173120000
0*
08
#173130000
b1010001100 E
1*
18
#173140000
0*
08
#173150000
b1010001101 E
1*
18
#173160000
0*
08
#173170000
b1010001110 E
1*
18
#173180000
0*
08
#173190000
b1010001111 E
1*
18
#173200000
0*
08
#173210000
b1010010000 E
1*
18
#173220000
0*
08
#173230000
b1010010001 E
1*
18
#173240000
0*
08
#173250000
b1010010010 E
1*
18
#173260000
0*
08
#173270000
b1010010011 E
1*
18
#173280000
0*
08
#173290000
b1010010100 E
1*
18
#173300000
0*
08
#173310000
b1010010101 E
1*
18
#173320000
0*
08
#173330000
b1010010110 E
1*
18
#173340000
0*
08
#173350000
b1010010111 E
1*
18
#173360000
0*
08
#173370000
b1010011000 E
1*
18
#173380000
0*
08
#173390000
b1010011001 E
1*
18
#173400000
0*
08
#173410000
b1010011010 E
1*
18
#173420000
0*
08
#173430000
b1010011011 E
1*
18
#173440000
0*
08
#173450000
b1010011100 E
1*
18
#173460000
0*
08
#173470000
b1010011101 E
1*
18
#173480000
0*
08
#173490000
b1010011110 E
1*
18
#173500000
0*
08
#173510000
b1010011111 E
1*
18
#173520000
0*
08
#173530000
b1010100000 E
1*
18
#173540000
0*
08
#173550000
b1010100001 E
1*
18
#173560000
0*
08
#173570000
b1010100010 E
1*
18
#173580000
0*
08
#173590000
b1010100011 E
1*
18
#173600000
0*
08
#173610000
b1010100100 E
1*
18
#173620000
0*
08
#173630000
b1010100101 E
1*
18
#173640000
0*
08
#173650000
b1010100110 E
1*
18
#173660000
0*
08
#173670000
b1010100111 E
1*
18
#173680000
0*
08
#173690000
b1010101000 E
1*
18
#173700000
0*
08
#173710000
b1010101001 E
1*
18
#173720000
0*
08
#173730000
b1010101010 E
1*
18
#173740000
0*
08
#173750000
b1010101011 E
1*
18
#173760000
0*
08
#173770000
b1010101100 E
1*
18
#173780000
0*
08
#173790000
b1010101101 E
1*
18
#173800000
0*
08
#173810000
b1010101110 E
1*
18
#173820000
0*
08
#173830000
b1010101111 E
1*
18
#173840000
0*
08
#173850000
b1010110000 E
1*
18
#173860000
0*
08
#173870000
b1010110001 E
1*
18
#173880000
0*
08
#173890000
b1010110010 E
1*
18
#173900000
0*
08
#173910000
b1010110011 E
1*
18
#173920000
0*
08
#173930000
b1010110100 E
1*
18
#173940000
0*
08
#173950000
b1010110101 E
1*
18
#173960000
0*
08
#173970000
b1010110110 E
1*
18
#173980000
0*
08
#173990000
b1010110111 E
1*
18
#174000000
0*
08
#174010000
b1010111000 E
1*
18
#174020000
0*
08
#174030000
b1010111001 E
1*
18
#174040000
0*
08
#174050000
b1010111010 E
1*
18
#174060000
0*
08
#174070000
b1010111011 E
1*
18
#174080000
0*
08
#174090000
b1010111100 E
1*
18
#174100000
0*
08
#174110000
b1010111101 E
1*
18
#174120000
0*
08
#174130000
b1010111110 E
1*
18
#174140000
0*
08
#174150000
b1010111111 E
1*
18
#174160000
0*
08
#174170000
b1011000000 E
1*
18
#174180000
0*
08
#174190000
b1011000001 E
1*
18
#174200000
0*
08
#174210000
b1011000010 E
1*
18
#174220000
0*
08
#174230000
b1011000011 E
1*
18
#174240000
0*
08
#174250000
b1011000100 E
1*
18
#174260000
0*
08
#174270000
b1011000101 E
1*
18
#174280000
0*
08
#174290000
b1011000110 E
1*
18
#174300000
0*
08
#174310000
b1011000111 E
1*
18
#174320000
0*
08
#174330000
b1011001000 E
1*
18
#174340000
0*
08
#174350000
b1011001001 E
1*
18
#174360000
0*
08
#174370000
b1011001010 E
1*
18
#174380000
0*
08
#174390000
b1011001011 E
1*
18
#174400000
0*
08
#174410000
b1011001100 E
1*
18
#174420000
0*
08
#174430000
b1011001101 E
1*
18
#174440000
0*
08
#174450000
b1011001110 E
1*
18
#174460000
0*
08
#174470000
b1011001111 E
1*
18
#174480000
0*
08
#174490000
b1011010000 E
1*
18
#174500000
0*
08
#174510000
b1011010001 E
1*
18
#174520000
0*
08
#174530000
b1011010010 E
1*
18
#174540000
0*
08
#174550000
b1011010011 E
1*
18
#174560000
0*
08
#174570000
b1011010100 E
1*
18
#174580000
0*
08
#174590000
b1011010101 E
1*
18
#174600000
0*
08
#174610000
b1011010110 E
1*
18
#174620000
0*
08
#174630000
b1011010111 E
1*
18
#174640000
0*
08
#174650000
b1011011000 E
1*
18
#174660000
0*
08
#174670000
b1011011001 E
1*
18
#174680000
0*
08
#174690000
b1011011010 E
1*
18
#174700000
0*
08
#174710000
b1011011011 E
1*
18
#174720000
0*
08
#174730000
b1011011100 E
1*
18
#174740000
0*
08
#174750000
b1011011101 E
1*
18
#174760000
0*
08
#174770000
b1011011110 E
1*
18
#174780000
0*
08
#174790000
b1011011111 E
1*
18
#174800000
0*
08
#174810000
b1011100000 E
1*
18
#174820000
0*
08
#174830000
b1011100001 E
1*
18
#174840000
0*
08
#174850000
b1011100010 E
1*
18
#174860000
0*
08
#174870000
b1011100011 E
1*
18
#174880000
0*
08
#174890000
b1011100100 E
1*
18
#174900000
0*
08
#174910000
b1011100101 E
1*
18
#174920000
0*
08
#174930000
b1011100110 E
1*
18
#174940000
0*
08
#174950000
b1011100111 E
1*
18
#174960000
0*
08
#174970000
b1011101000 E
1*
18
#174980000
0*
08
#174990000
b1011101001 E
1*
18
#175000000
0*
08
#175010000
b1011101010 E
1*
18
#175020000
0*
08
#175030000
b1011101011 E
1*
18
#175040000
0*
08
#175050000
b1011101100 E
1*
18
#175060000
0*
08
#175070000
b1011101101 E
1*
18
#175080000
0*
08
#175090000
b1011101110 E
1*
18
#175100000
0*
08
#175110000
b1011101111 E
1*
18
#175120000
0*
08
#175130000
b1011110000 E
1*
18
#175140000
0*
08
#175150000
b1011110001 E
1*
18
#175160000
0*
08
#175170000
b1011110010 E
1*
18
#175180000
0*
08
#175190000
b1011110011 E
1*
18
#175200000
0*
08
#175210000
b1011110100 E
1*
18
#175220000
0*
08
#175230000
b1011110101 E
1*
18
#175240000
0*
08
#175250000
b1011110110 E
1*
18
#175260000
0*
08
#175270000
b1011110111 E
1*
18
#175280000
0*
08
#175290000
b1011111000 E
1*
18
#175300000
0*
08
#175310000
b1011111001 E
1*
18
#175320000
0*
08
#175330000
b1011111010 E
1*
18
#175340000
0*
08
#175350000
b1011111011 E
1*
18
#175360000
0*
08
#175370000
b1011111100 E
1*
18
#175380000
0*
08
#175390000
b1011111101 E
1*
18
#175400000
0*
08
#175410000
b1011111110 E
1*
18
#175420000
0*
08
#175430000
b1011111111 E
1*
18
#175440000
0*
08
#175450000
b1100000000 E
1*
18
#175460000
0*
08
#175470000
b1100000001 E
1*
18
#175480000
0*
08
#175490000
b1100000010 E
1*
18
#175500000
0*
08
#175510000
b1100000011 E
1*
18
#175520000
0*
08
#175530000
b1100000100 E
1*
18
#175540000
0*
08
#175550000
b1100000101 E
1*
18
#175560000
0*
08
#175570000
b1100000110 E
1*
18
#175580000
0*
08
#175590000
b1100000111 E
1*
18
#175600000
0*
08
#175610000
b1100001000 E
1*
18
#175620000
0*
08
#175630000
b1100001001 E
1*
18
#175640000
0*
08
#175650000
b1100001010 E
1*
18
#175660000
0*
08
#175670000
b1100001011 E
1*
18
#175680000
0*
08
#175690000
b1100001100 E
1*
18
#175700000
0*
08
#175710000
b1100001101 E
1*
18
#175720000
0*
08
#175730000
b1100001110 E
1*
18
#175740000
0*
08
#175750000
b1100001111 E
1*
18
#175760000
0*
08
#175770000
b1100010000 E
1*
18
#175780000
0*
08
#175790000
b1100010001 E
1*
18
#175800000
0*
08
#175810000
b1100010010 E
1*
18
#175820000
0*
08
#175830000
b1100010011 E
1*
18
#175840000
0*
08
#175850000
b1100010100 E
1*
18
#175860000
0*
08
#175870000
b1100010101 E
1*
18
#175880000
0*
08
#175890000
b1100010110 E
1*
18
#175900000
0*
08
#175910000
b1100010111 E
1*
18
#175920000
0*
08
#175930000
b1100011000 E
1*
18
#175940000
0*
08
#175950000
b1100011001 E
1*
18
#175960000
0*
08
#175970000
b1100011010 E
1*
18
#175980000
0*
08
#175990000
b1100011011 E
1*
18
#176000000
0*
08
#176010000
b1100011100 E
1*
18
#176020000
0*
08
#176030000
b1100011101 E
1*
18
#176040000
0*
08
#176050000
b1100011110 E
1*
18
#176060000
0*
08
#176070000
b1100011111 E
1*
18
#176080000
0*
08
#176090000
0B
b0 E
b1011 N
1*
18
#176100000
0*
08
#176110000
b1 E
0K
1*
18
#176120000
0*
08
#176130000
0G
0"
b10 E
1*
18
#176140000
0*
08
#176150000
b11 E
1*
18
#176160000
0*
08
#176170000
b100 E
1*
18
#176180000
0*
08
#176190000
b101 E
1*
18
#176200000
0*
08
#176210000
b110 E
1*
18
#176220000
0*
08
#176230000
b111 E
1*
18
#176240000
0*
08
#176250000
b1000 E
1*
18
#176260000
0*
08
#176270000
b1001 E
1*
18
#176280000
0*
08
#176290000
b1010 E
1*
18
#176300000
0*
08
#176310000
b1011 E
1*
18
#176320000
0*
08
#176330000
b1100 E
1*
18
#176340000
0*
08
#176350000
b1101 E
1*
18
#176360000
0*
08
#176370000
b1110 E
1*
18
#176380000
0*
08
#176390000
b1111 E
1*
18
#176400000
0*
08
#176410000
b10000 E
1*
18
#176420000
0*
08
#176430000
b10001 E
1*
18
#176440000
0*
08
#176450000
b10010 E
1*
18
#176460000
0*
08
#176470000
b10011 E
1*
18
#176480000
0*
08
#176490000
b10100 E
1*
18
#176500000
0*
08
#176510000
b10101 E
1*
18
#176520000
0*
08
#176530000
b10110 E
1*
18
#176540000
0*
08
#176550000
b10111 E
1*
18
#176560000
0*
08
#176570000
b11000 E
1*
18
#176580000
0*
08
#176590000
b11001 E
1*
18
#176600000
0*
08
#176610000
b11010 E
1*
18
#176620000
0*
08
#176630000
b11011 E
1*
18
#176640000
0*
08
#176650000
b11100 E
1*
18
#176660000
0*
08
#176670000
b11101 E
1*
18
#176680000
0*
08
#176690000
b11110 E
1*
18
#176700000
0*
08
#176710000
b11111 E
1*
18
#176720000
0*
08
#176730000
b100000 E
1*
18
#176740000
0*
08
#176750000
b100001 E
1*
18
#176760000
0*
08
#176770000
b100010 E
1*
18
#176780000
0*
08
#176790000
b100011 E
1*
18
#176800000
0*
08
#176810000
b100100 E
1*
18
#176820000
0*
08
#176830000
b100101 E
1*
18
#176840000
0*
08
#176850000
b100110 E
1*
18
#176860000
0*
08
#176870000
b100111 E
1*
18
#176880000
0*
08
#176890000
b101000 E
1*
18
#176900000
0*
08
#176910000
b101001 E
1*
18
#176920000
0*
08
#176930000
b101010 E
1*
18
#176940000
0*
08
#176950000
b101011 E
1*
18
#176960000
0*
08
#176970000
b101100 E
1*
18
#176980000
0*
08
#176990000
b101101 E
1*
18
#177000000
0*
08
#177010000
b101110 E
1*
18
#177020000
0*
08
#177030000
b101111 E
1*
18
#177040000
0*
08
#177050000
b110000 E
1*
18
#177060000
0*
08
#177070000
b110001 E
1*
18
#177080000
0*
08
#177090000
b110010 E
1*
18
#177100000
0*
08
#177110000
b110011 E
1*
18
#177120000
0*
08
#177130000
b110100 E
1*
18
#177140000
0*
08
#177150000
b110101 E
1*
18
#177160000
0*
08
#177170000
b110110 E
1*
18
#177180000
0*
08
#177190000
b110111 E
1*
18
#177200000
0*
08
#177210000
b111000 E
1*
18
#177220000
0*
08
#177230000
b111001 E
1*
18
#177240000
0*
08
#177250000
b111010 E
1*
18
#177260000
0*
08
#177270000
b111011 E
1*
18
#177280000
0*
08
#177290000
b111100 E
1*
18
#177300000
0*
08
#177310000
b111101 E
1*
18
#177320000
0*
08
#177330000
b111110 E
1*
18
#177340000
0*
08
#177350000
b111111 E
1*
18
#177360000
0*
08
#177370000
b1000000 E
1*
18
#177380000
0*
08
#177390000
b1000001 E
1*
18
#177400000
0*
08
#177410000
b1000010 E
1*
18
#177420000
0*
08
#177430000
b1000011 E
1*
18
#177440000
0*
08
#177450000
b1000100 E
1*
18
#177460000
0*
08
#177470000
b1000101 E
1*
18
#177480000
0*
08
#177490000
b1000110 E
1*
18
#177500000
0*
08
#177510000
b1000111 E
1*
18
#177520000
0*
08
#177530000
b1001000 E
1*
18
#177540000
0*
08
#177550000
b1001001 E
1*
18
#177560000
0*
08
#177570000
b1001010 E
1*
18
#177580000
0*
08
#177590000
b1001011 E
1*
18
#177600000
0*
08
#177610000
b1001100 E
1*
18
#177620000
0*
08
#177630000
b1001101 E
1*
18
#177640000
0*
08
#177650000
b1001110 E
1*
18
#177660000
0*
08
#177670000
b1001111 E
1*
18
#177680000
0*
08
#177690000
b1010000 E
1*
18
#177700000
0*
08
#177710000
b1010001 E
1*
18
#177720000
0*
08
#177730000
b1010010 E
1*
18
#177740000
0*
08
#177750000
b1010011 E
1*
18
#177760000
0*
08
#177770000
b1010100 E
1*
18
#177780000
0*
08
#177790000
b1010101 E
1*
18
#177800000
0*
08
#177810000
b1010110 E
1*
18
#177820000
0*
08
#177830000
b1010111 E
1*
18
#177840000
0*
08
#177850000
b1011000 E
1*
18
#177860000
0*
08
#177870000
b1011001 E
1*
18
#177880000
0*
08
#177890000
b1011010 E
1*
18
#177900000
0*
08
#177910000
b1011011 E
1*
18
#177920000
0*
08
#177930000
b1011100 E
1*
18
#177940000
0*
08
#177950000
b1011101 E
1*
18
#177960000
0*
08
#177970000
b1011110 E
1*
18
#177980000
0*
08
#177990000
b1011111 E
1*
18
#178000000
0*
08
#178010000
1B
b1100000 E
1*
18
#178020000
0*
08
#178030000
b1100001 E
1K
1*
18
#178040000
0*
08
#178050000
1G
1"
b1100010 E
1*
18
#178060000
0*
08
#178070000
b1100011 E
1*
18
#178080000
0*
08
#178090000
b1100100 E
1*
18
#178100000
0*
08
#178110000
b1100101 E
1*
18
#178120000
0*
08
#178130000
b1100110 E
1*
18
#178140000
0*
08
#178150000
b1100111 E
1*
18
#178160000
0*
08
#178170000
b1101000 E
1*
18
#178180000
0*
08
#178190000
b1101001 E
1*
18
#178200000
0*
08
#178210000
b1101010 E
1*
18
#178220000
0*
08
#178230000
b1101011 E
1*
18
#178240000
0*
08
#178250000
b1101100 E
1*
18
#178260000
0*
08
#178270000
b1101101 E
1*
18
#178280000
0*
08
#178290000
b1101110 E
1*
18
#178300000
0*
08
#178310000
b1101111 E
1*
18
#178320000
0*
08
#178330000
b1110000 E
1*
18
#178340000
0*
08
#178350000
b1110001 E
1*
18
#178360000
0*
08
#178370000
b1110010 E
1*
18
#178380000
0*
08
#178390000
b1110011 E
1*
18
#178400000
0*
08
#178410000
b1110100 E
1*
18
#178420000
0*
08
#178430000
b1110101 E
1*
18
#178440000
0*
08
#178450000
b1110110 E
1*
18
#178460000
0*
08
#178470000
b1110111 E
1*
18
#178480000
0*
08
#178490000
b1111000 E
1*
18
#178500000
0*
08
#178510000
b1111001 E
1*
18
#178520000
0*
08
#178530000
b1111010 E
1*
18
#178540000
0*
08
#178550000
b1111011 E
1*
18
#178560000
0*
08
#178570000
b1111100 E
1*
18
#178580000
0*
08
#178590000
b1111101 E
1*
18
#178600000
0*
08
#178610000
b1111110 E
1*
18
#178620000
0*
08
#178630000
b1111111 E
1*
18
#178640000
0*
08
#178650000
b10000000 E
1*
18
#178660000
0*
08
#178670000
b10000001 E
1*
18
#178680000
0*
08
#178690000
b10000010 E
1*
18
#178700000
0*
08
#178710000
b10000011 E
1*
18
#178720000
0*
08
#178730000
b10000100 E
1*
18
#178740000
0*
08
#178750000
b10000101 E
1*
18
#178760000
0*
08
#178770000
b10000110 E
1*
18
#178780000
0*
08
#178790000
b10000111 E
1*
18
#178800000
0*
08
#178810000
b10001000 E
1*
18
#178820000
0*
08
#178830000
b10001001 E
1*
18
#178840000
0*
08
#178850000
b10001010 E
1*
18
#178860000
0*
08
#178870000
b10001011 E
1*
18
#178880000
0*
08
#178890000
b10001100 E
1*
18
#178900000
0*
08
#178910000
b10001101 E
1*
18
#178920000
0*
08
#178930000
b10001110 E
1*
18
#178940000
0*
08
#178950000
b10001111 E
1*
18
#178960000
0*
08
#178970000
b10010000 E
1*
18
#178980000
0*
08
#178990000
b10010001 E
1*
18
#179000000
0*
08
#179010000
b10010010 E
1*
18
#179020000
0*
08
#179030000
b10010011 E
1*
18
#179040000
0*
08
#179050000
b10010100 E
1*
18
#179060000
0*
08
#179070000
b10010101 E
1*
18
#179080000
0*
08
#179090000
b10010110 E
1*
18
#179100000
0*
08
#179110000
b10010111 E
1*
18
#179120000
0*
08
#179130000
b10011000 E
1*
18
#179140000
0*
08
#179150000
b10011001 E
1*
18
#179160000
0*
08
#179170000
b10011010 E
1*
18
#179180000
0*
08
#179190000
b10011011 E
1*
18
#179200000
0*
08
#179210000
b10011100 E
1*
18
#179220000
0*
08
#179230000
b10011101 E
1*
18
#179240000
0*
08
#179250000
b10011110 E
1*
18
#179260000
0*
08
#179270000
b10011111 E
1*
18
#179280000
0*
08
#179290000
b10100000 E
1*
18
#179300000
0*
08
#179310000
b10100001 E
1*
18
#179320000
0*
08
#179330000
b10100010 E
1*
18
#179340000
0*
08
#179350000
b10100011 E
1*
18
#179360000
0*
08
#179370000
b10100100 E
1*
18
#179380000
0*
08
#179390000
b10100101 E
1*
18
#179400000
0*
08
#179410000
b10100110 E
1*
18
#179420000
0*
08
#179430000
b10100111 E
1*
18
#179440000
0*
08
#179450000
b10101000 E
1*
18
#179460000
0*
08
#179470000
b10101001 E
1*
18
#179480000
0*
08
#179490000
b10101010 E
1*
18
#179500000
0*
08
#179510000
b10101011 E
1*
18
#179520000
0*
08
#179530000
b10101100 E
1*
18
#179540000
0*
08
#179550000
b10101101 E
1*
18
#179560000
0*
08
#179570000
b10101110 E
1*
18
#179580000
0*
08
#179590000
b10101111 E
1*
18
#179600000
0*
08
#179610000
b10110000 E
1*
18
#179620000
0*
08
#179630000
b10110001 E
1*
18
#179640000
0*
08
#179650000
b10110010 E
1*
18
#179660000
0*
08
#179670000
b10110011 E
1*
18
#179680000
0*
08
#179690000
b10110100 E
1*
18
#179700000
0*
08
#179710000
b10110101 E
1*
18
#179720000
0*
08
#179730000
b10110110 E
1*
18
#179740000
0*
08
#179750000
b10110111 E
1*
18
#179760000
0*
08
#179770000
b10111000 E
1*
18
#179780000
0*
08
#179790000
b10111001 E
1*
18
#179800000
0*
08
#179810000
b10111010 E
1*
18
#179820000
0*
08
#179830000
b10111011 E
1*
18
#179840000
0*
08
#179850000
b10111100 E
1*
18
#179860000
0*
08
#179870000
b10111101 E
1*
18
#179880000
0*
08
#179890000
b10111110 E
1*
18
#179900000
0*
08
#179910000
b10111111 E
1*
18
#179920000
0*
08
#179930000
b11000000 E
1*
18
#179940000
0*
08
#179950000
b11000001 E
1*
18
#179960000
0*
08
#179970000
b11000010 E
1*
18
#179980000
0*
08
#179990000
b11000011 E
1*
18
#180000000
0*
08
#180010000
b11000100 E
1*
18
#180020000
0*
08
#180030000
b11000101 E
1*
18
#180040000
0*
08
#180050000
b11000110 E
1*
18
#180060000
0*
08
#180070000
b11000111 E
1*
18
#180080000
0*
08
#180090000
b11001000 E
1*
18
#180100000
0*
08
#180110000
b11001001 E
1*
18
#180120000
0*
08
#180130000
b11001010 E
1*
18
#180140000
0*
08
#180150000
b11001011 E
1*
18
#180160000
0*
08
#180170000
b11001100 E
1*
18
#180180000
0*
08
#180190000
b11001101 E
1*
18
#180200000
0*
08
#180210000
b11001110 E
1*
18
#180220000
0*
08
#180230000
b11001111 E
1*
18
#180240000
0*
08
#180250000
b11010000 E
1*
18
#180260000
0*
08
#180270000
b11010001 E
1*
18
#180280000
0*
08
#180290000
b11010010 E
1*
18
#180300000
0*
08
#180310000
b11010011 E
1*
18
#180320000
0*
08
#180330000
b11010100 E
1*
18
#180340000
0*
08
#180350000
b11010101 E
1*
18
#180360000
0*
08
#180370000
b11010110 E
1*
18
#180380000
0*
08
#180390000
b11010111 E
1*
18
#180400000
0*
08
#180410000
b11011000 E
1*
18
#180420000
0*
08
#180430000
b11011001 E
1*
18
#180440000
0*
08
#180450000
b11011010 E
1*
18
#180460000
0*
08
#180470000
b11011011 E
1*
18
#180480000
0*
08
#180490000
b11011100 E
1*
18
#180500000
0*
08
#180510000
b11011101 E
1*
18
#180520000
0*
08
#180530000
b11011110 E
1*
18
#180540000
0*
08
#180550000
b11011111 E
1*
18
#180560000
0*
08
#180570000
b11100000 E
1*
18
#180580000
0*
08
#180590000
b11100001 E
1*
18
#180600000
0*
08
#180610000
b11100010 E
1*
18
#180620000
0*
08
#180630000
b11100011 E
1*
18
#180640000
0*
08
#180650000
b11100100 E
1*
18
#180660000
0*
08
#180670000
b11100101 E
1*
18
#180680000
0*
08
#180690000
b11100110 E
1*
18
#180700000
0*
08
#180710000
b11100111 E
1*
18
#180720000
0*
08
#180730000
b11101000 E
1*
18
#180740000
0*
08
#180750000
b11101001 E
1*
18
#180760000
0*
08
#180770000
b11101010 E
1*
18
#180780000
0*
08
#180790000
b11101011 E
1*
18
#180800000
0*
08
#180810000
b11101100 E
1*
18
#180820000
0*
08
#180830000
b11101101 E
1*
18
#180840000
0*
08
#180850000
b11101110 E
1*
18
#180860000
0*
08
#180870000
b11101111 E
1*
18
#180880000
0*
08
#180890000
b11110000 E
1*
18
#180900000
0*
08
#180910000
b11110001 E
1*
18
#180920000
0*
08
#180930000
b11110010 E
1*
18
#180940000
0*
08
#180950000
b11110011 E
1*
18
#180960000
0*
08
#180970000
b11110100 E
1*
18
#180980000
0*
08
#180990000
b11110101 E
1*
18
#181000000
0*
08
#181010000
b11110110 E
1*
18
#181020000
0*
08
#181030000
b11110111 E
1*
18
#181040000
0*
08
#181050000
b11111000 E
1*
18
#181060000
0*
08
#181070000
b11111001 E
1*
18
#181080000
0*
08
#181090000
b11111010 E
1*
18
#181100000
0*
08
#181110000
b11111011 E
1*
18
#181120000
0*
08
#181130000
b11111100 E
1*
18
#181140000
0*
08
#181150000
b11111101 E
1*
18
#181160000
0*
08
#181170000
b11111110 E
1*
18
#181180000
0*
08
#181190000
b11111111 E
1*
18
#181200000
0*
08
#181210000
b100000000 E
1*
18
#181220000
0*
08
#181230000
b100000001 E
1*
18
#181240000
0*
08
#181250000
b100000010 E
1*
18
#181260000
0*
08
#181270000
b100000011 E
1*
18
#181280000
0*
08
#181290000
b100000100 E
1*
18
#181300000
0*
08
#181310000
b100000101 E
1*
18
#181320000
0*
08
#181330000
b100000110 E
1*
18
#181340000
0*
08
#181350000
b100000111 E
1*
18
#181360000
0*
08
#181370000
b100001000 E
1*
18
#181380000
0*
08
#181390000
b100001001 E
1*
18
#181400000
0*
08
#181410000
b100001010 E
1*
18
#181420000
0*
08
#181430000
b100001011 E
1*
18
#181440000
0*
08
#181450000
b100001100 E
1*
18
#181460000
0*
08
#181470000
b100001101 E
1*
18
#181480000
0*
08
#181490000
b100001110 E
1*
18
#181500000
0*
08
#181510000
b100001111 E
1*
18
#181520000
0*
08
#181530000
b100010000 E
1*
18
#181540000
0*
08
#181550000
b100010001 E
1*
18
#181560000
0*
08
#181570000
b100010010 E
1*
18
#181580000
0*
08
#181590000
b100010011 E
1*
18
#181600000
0*
08
#181610000
b100010100 E
1*
18
#181620000
0*
08
#181630000
b100010101 E
1*
18
#181640000
0*
08
#181650000
b100010110 E
1*
18
#181660000
0*
08
#181670000
b100010111 E
1*
18
#181680000
0*
08
#181690000
b100011000 E
1*
18
#181700000
0*
08
#181710000
b100011001 E
1*
18
#181720000
0*
08
#181730000
b100011010 E
1*
18
#181740000
0*
08
#181750000
b100011011 E
1*
18
#181760000
0*
08
#181770000
b100011100 E
1*
18
#181780000
0*
08
#181790000
b100011101 E
1*
18
#181800000
0*
08
#181810000
b100011110 E
1*
18
#181820000
0*
08
#181830000
b100011111 E
1*
18
#181840000
0*
08
#181850000
b100100000 E
1*
18
#181860000
0*
08
#181870000
b100100001 E
1*
18
#181880000
0*
08
#181890000
b100100010 E
1*
18
#181900000
0*
08
#181910000
b100100011 E
1*
18
#181920000
0*
08
#181930000
b100100100 E
1*
18
#181940000
0*
08
#181950000
b100100101 E
1*
18
#181960000
0*
08
#181970000
b100100110 E
1*
18
#181980000
0*
08
#181990000
b100100111 E
1*
18
#182000000
0*
08
#182010000
b100101000 E
1*
18
#182020000
0*
08
#182030000
b100101001 E
1*
18
#182040000
0*
08
#182050000
b100101010 E
1*
18
#182060000
0*
08
#182070000
b100101011 E
1*
18
#182080000
0*
08
#182090000
b100101100 E
1*
18
#182100000
0*
08
#182110000
b100101101 E
1*
18
#182120000
0*
08
#182130000
b100101110 E
1*
18
#182140000
0*
08
#182150000
b100101111 E
1*
18
#182160000
0*
08
#182170000
b100110000 E
1*
18
#182180000
0*
08
#182190000
b100110001 E
1*
18
#182200000
0*
08
#182210000
b100110010 E
1*
18
#182220000
0*
08
#182230000
b100110011 E
1*
18
#182240000
0*
08
#182250000
b100110100 E
1*
18
#182260000
0*
08
#182270000
b100110101 E
1*
18
#182280000
0*
08
#182290000
b100110110 E
1*
18
#182300000
0*
08
#182310000
b100110111 E
1*
18
#182320000
0*
08
#182330000
b100111000 E
1*
18
#182340000
0*
08
#182350000
b100111001 E
1*
18
#182360000
0*
08
#182370000
b100111010 E
1*
18
#182380000
0*
08
#182390000
b100111011 E
1*
18
#182400000
0*
08
#182410000
b100111100 E
1*
18
#182420000
0*
08
#182430000
b100111101 E
1*
18
#182440000
0*
08
#182450000
b100111110 E
1*
18
#182460000
0*
08
#182470000
b100111111 E
1*
18
#182480000
0*
08
#182490000
b101000000 E
1*
18
#182500000
0*
08
#182510000
b101000001 E
1*
18
#182520000
0*
08
#182530000
b101000010 E
1*
18
#182540000
0*
08
#182550000
b101000011 E
1*
18
#182560000
0*
08
#182570000
b101000100 E
1*
18
#182580000
0*
08
#182590000
b101000101 E
1*
18
#182600000
0*
08
#182610000
b101000110 E
1*
18
#182620000
0*
08
#182630000
b101000111 E
1*
18
#182640000
0*
08
#182650000
b101001000 E
1*
18
#182660000
0*
08
#182670000
b101001001 E
1*
18
#182680000
0*
08
#182690000
b101001010 E
1*
18
#182700000
0*
08
#182710000
b101001011 E
1*
18
#182720000
0*
08
#182730000
b101001100 E
1*
18
#182740000
0*
08
#182750000
b101001101 E
1*
18
#182760000
0*
08
#182770000
b101001110 E
1*
18
#182780000
0*
08
#182790000
b101001111 E
1*
18
#182800000
0*
08
#182810000
b101010000 E
1*
18
#182820000
0*
08
#182830000
b101010001 E
1*
18
#182840000
0*
08
#182850000
b101010010 E
1*
18
#182860000
0*
08
#182870000
b101010011 E
1*
18
#182880000
0*
08
#182890000
b101010100 E
1*
18
#182900000
0*
08
#182910000
b101010101 E
1*
18
#182920000
0*
08
#182930000
b101010110 E
1*
18
#182940000
0*
08
#182950000
b101010111 E
1*
18
#182960000
0*
08
#182970000
b101011000 E
1*
18
#182980000
0*
08
#182990000
b101011001 E
1*
18
#183000000
0*
08
#183010000
b101011010 E
1*
18
#183020000
0*
08
#183030000
b101011011 E
1*
18
#183040000
0*
08
#183050000
b101011100 E
1*
18
#183060000
0*
08
#183070000
b101011101 E
1*
18
#183080000
0*
08
#183090000
b101011110 E
1*
18
#183100000
0*
08
#183110000
b101011111 E
1*
18
#183120000
0*
08
#183130000
b101100000 E
1*
18
#183140000
0*
08
#183150000
b101100001 E
1*
18
#183160000
0*
08
#183170000
b101100010 E
1*
18
#183180000
0*
08
#183190000
b101100011 E
1*
18
#183200000
0*
08
#183210000
b101100100 E
1*
18
#183220000
0*
08
#183230000
b101100101 E
1*
18
#183240000
0*
08
#183250000
b101100110 E
1*
18
#183260000
0*
08
#183270000
b101100111 E
1*
18
#183280000
0*
08
#183290000
b101101000 E
1*
18
#183300000
0*
08
#183310000
b101101001 E
1*
18
#183320000
0*
08
#183330000
b101101010 E
1*
18
#183340000
0*
08
#183350000
b101101011 E
1*
18
#183360000
0*
08
#183370000
b101101100 E
1*
18
#183380000
0*
08
#183390000
b101101101 E
1*
18
#183400000
0*
08
#183410000
b101101110 E
1*
18
#183420000
0*
08
#183430000
b101101111 E
1*
18
#183440000
0*
08
#183450000
b101110000 E
1*
18
#183460000
0*
08
#183470000
b101110001 E
1*
18
#183480000
0*
08
#183490000
b101110010 E
1*
18
#183500000
0*
08
#183510000
b101110011 E
1*
18
#183520000
0*
08
#183530000
b101110100 E
1*
18
#183540000
0*
08
#183550000
b101110101 E
1*
18
#183560000
0*
08
#183570000
b101110110 E
1*
18
#183580000
0*
08
#183590000
b101110111 E
1*
18
#183600000
0*
08
#183610000
b101111000 E
1*
18
#183620000
0*
08
#183630000
b101111001 E
1*
18
#183640000
0*
08
#183650000
b101111010 E
1*
18
#183660000
0*
08
#183670000
b101111011 E
1*
18
#183680000
0*
08
#183690000
b101111100 E
1*
18
#183700000
0*
08
#183710000
b101111101 E
1*
18
#183720000
0*
08
#183730000
b101111110 E
1*
18
#183740000
0*
08
#183750000
b101111111 E
1*
18
#183760000
0*
08
#183770000
b110000000 E
1*
18
#183780000
0*
08
#183790000
b110000001 E
1*
18
#183800000
0*
08
#183810000
b110000010 E
1*
18
#183820000
0*
08
#183830000
b110000011 E
1*
18
#183840000
0*
08
#183850000
b110000100 E
1*
18
#183860000
0*
08
#183870000
b110000101 E
1*
18
#183880000
0*
08
#183890000
b110000110 E
1*
18
#183900000
0*
08
#183910000
b110000111 E
1*
18
#183920000
0*
08
#183930000
b110001000 E
1*
18
#183940000
0*
08
#183950000
b110001001 E
1*
18
#183960000
0*
08
#183970000
b110001010 E
1*
18
#183980000
0*
08
#183990000
b110001011 E
1*
18
#184000000
0*
08
#184010000
b110001100 E
1*
18
#184020000
0*
08
#184030000
b110001101 E
1*
18
#184040000
0*
08
#184050000
b110001110 E
1*
18
#184060000
0*
08
#184070000
b110001111 E
1*
18
#184080000
0*
08
#184090000
b110010000 E
1*
18
#184100000
0*
08
#184110000
b110010001 E
1*
18
#184120000
0*
08
#184130000
b110010010 E
1*
18
#184140000
0*
08
#184150000
b110010011 E
1*
18
#184160000
0*
08
#184170000
b110010100 E
1*
18
#184180000
0*
08
#184190000
b110010101 E
1*
18
#184200000
0*
08
#184210000
b110010110 E
1*
18
#184220000
0*
08
#184230000
b110010111 E
1*
18
#184240000
0*
08
#184250000
b110011000 E
1*
18
#184260000
0*
08
#184270000
b110011001 E
1*
18
#184280000
0*
08
#184290000
b110011010 E
1*
18
#184300000
0*
08
#184310000
b110011011 E
1*
18
#184320000
0*
08
#184330000
b110011100 E
1*
18
#184340000
0*
08
#184350000
b110011101 E
1*
18
#184360000
0*
08
#184370000
b110011110 E
1*
18
#184380000
0*
08
#184390000
b110011111 E
1*
18
#184400000
0*
08
#184410000
b110100000 E
1*
18
#184420000
0*
08
#184430000
b110100001 E
1*
18
#184440000
0*
08
#184450000
b110100010 E
1*
18
#184460000
0*
08
#184470000
b110100011 E
1*
18
#184480000
0*
08
#184490000
b110100100 E
1*
18
#184500000
0*
08
#184510000
b110100101 E
1*
18
#184520000
0*
08
#184530000
b110100110 E
1*
18
#184540000
0*
08
#184550000
b110100111 E
1*
18
#184560000
0*
08
#184570000
b110101000 E
1*
18
#184580000
0*
08
#184590000
b110101001 E
1*
18
#184600000
0*
08
#184610000
b110101010 E
1*
18
#184620000
0*
08
#184630000
b110101011 E
1*
18
#184640000
0*
08
#184650000
b110101100 E
1*
18
#184660000
0*
08
#184670000
b110101101 E
1*
18
#184680000
0*
08
#184690000
b110101110 E
1*
18
#184700000
0*
08
#184710000
b110101111 E
1*
18
#184720000
0*
08
#184730000
b110110000 E
1*
18
#184740000
0*
08
#184750000
b110110001 E
1*
18
#184760000
0*
08
#184770000
b110110010 E
1*
18
#184780000
0*
08
#184790000
b110110011 E
1*
18
#184800000
0*
08
#184810000
b110110100 E
1*
18
#184820000
0*
08
#184830000
b110110101 E
1*
18
#184840000
0*
08
#184850000
b110110110 E
1*
18
#184860000
0*
08
#184870000
b110110111 E
1*
18
#184880000
0*
08
#184890000
b110111000 E
1*
18
#184900000
0*
08
#184910000
b110111001 E
1*
18
#184920000
0*
08
#184930000
b110111010 E
1*
18
#184940000
0*
08
#184950000
b110111011 E
1*
18
#184960000
0*
08
#184970000
b110111100 E
1*
18
#184980000
0*
08
#184990000
b110111101 E
1*
18
#185000000
0*
08
#185010000
b110111110 E
1*
18
#185020000
0*
08
#185030000
b110111111 E
1*
18
#185040000
0*
08
#185050000
b111000000 E
1*
18
#185060000
0*
08
#185070000
b111000001 E
1*
18
#185080000
0*
08
#185090000
b111000010 E
1*
18
#185100000
0*
08
#185110000
b111000011 E
1*
18
#185120000
0*
08
#185130000
b111000100 E
1*
18
#185140000
0*
08
#185150000
b111000101 E
1*
18
#185160000
0*
08
#185170000
b111000110 E
1*
18
#185180000
0*
08
#185190000
b111000111 E
1*
18
#185200000
0*
08
#185210000
b111001000 E
1*
18
#185220000
0*
08
#185230000
b111001001 E
1*
18
#185240000
0*
08
#185250000
b111001010 E
1*
18
#185260000
0*
08
#185270000
b111001011 E
1*
18
#185280000
0*
08
#185290000
b111001100 E
1*
18
#185300000
0*
08
#185310000
b111001101 E
1*
18
#185320000
0*
08
#185330000
b111001110 E
1*
18
#185340000
0*
08
#185350000
b111001111 E
1*
18
#185360000
0*
08
#185370000
b111010000 E
1*
18
#185380000
0*
08
#185390000
b111010001 E
1*
18
#185400000
0*
08
#185410000
b111010010 E
1*
18
#185420000
0*
08
#185430000
b111010011 E
1*
18
#185440000
0*
08
#185450000
b111010100 E
1*
18
#185460000
0*
08
#185470000
b111010101 E
1*
18
#185480000
0*
08
#185490000
b111010110 E
1*
18
#185500000
0*
08
#185510000
b111010111 E
1*
18
#185520000
0*
08
#185530000
b111011000 E
1*
18
#185540000
0*
08
#185550000
b111011001 E
1*
18
#185560000
0*
08
#185570000
b111011010 E
1*
18
#185580000
0*
08
#185590000
b111011011 E
1*
18
#185600000
0*
08
#185610000
b111011100 E
1*
18
#185620000
0*
08
#185630000
b111011101 E
1*
18
#185640000
0*
08
#185650000
b111011110 E
1*
18
#185660000
0*
08
#185670000
b111011111 E
1*
18
#185680000
0*
08
#185690000
b111100000 E
1*
18
#185700000
0*
08
#185710000
b111100001 E
1*
18
#185720000
0*
08
#185730000
b111100010 E
1*
18
#185740000
0*
08
#185750000
b111100011 E
1*
18
#185760000
0*
08
#185770000
b111100100 E
1*
18
#185780000
0*
08
#185790000
b111100101 E
1*
18
#185800000
0*
08
#185810000
b111100110 E
1*
18
#185820000
0*
08
#185830000
b111100111 E
1*
18
#185840000
0*
08
#185850000
b111101000 E
1*
18
#185860000
0*
08
#185870000
b111101001 E
1*
18
#185880000
0*
08
#185890000
b111101010 E
1*
18
#185900000
0*
08
#185910000
b111101011 E
1*
18
#185920000
0*
08
#185930000
b111101100 E
1*
18
#185940000
0*
08
#185950000
b111101101 E
1*
18
#185960000
0*
08
#185970000
b111101110 E
1*
18
#185980000
0*
08
#185990000
b111101111 E
1*
18
#186000000
0*
08
#186010000
b111110000 E
1*
18
#186020000
0*
08
#186030000
b111110001 E
1*
18
#186040000
0*
08
#186050000
b111110010 E
1*
18
#186060000
0*
08
#186070000
b111110011 E
1*
18
#186080000
0*
08
#186090000
b111110100 E
1*
18
#186100000
0*
08
#186110000
b111110101 E
1*
18
#186120000
0*
08
#186130000
b111110110 E
1*
18
#186140000
0*
08
#186150000
b111110111 E
1*
18
#186160000
0*
08
#186170000
b111111000 E
1*
18
#186180000
0*
08
#186190000
b111111001 E
1*
18
#186200000
0*
08
#186210000
b111111010 E
1*
18
#186220000
0*
08
#186230000
b111111011 E
1*
18
#186240000
0*
08
#186250000
b111111100 E
1*
18
#186260000
0*
08
#186270000
b111111101 E
1*
18
#186280000
0*
08
#186290000
b111111110 E
1*
18
#186300000
0*
08
#186310000
b111111111 E
1*
18
#186320000
0*
08
#186330000
b1000000000 E
1*
18
#186340000
0*
08
#186350000
b1000000001 E
1*
18
#186360000
0*
08
#186370000
b1000000010 E
1*
18
#186380000
0*
08
#186390000
b1000000011 E
1*
18
#186400000
0*
08
#186410000
b1000000100 E
1*
18
#186420000
0*
08
#186430000
b1000000101 E
1*
18
#186440000
0*
08
#186450000
b1000000110 E
1*
18
#186460000
0*
08
#186470000
b1000000111 E
1*
18
#186480000
0*
08
#186490000
b1000001000 E
1*
18
#186500000
0*
08
#186510000
b1000001001 E
1*
18
#186520000
0*
08
#186530000
b1000001010 E
1*
18
#186540000
0*
08
#186550000
b1000001011 E
1*
18
#186560000
0*
08
#186570000
b1000001100 E
1*
18
#186580000
0*
08
#186590000
b1000001101 E
1*
18
#186600000
0*
08
#186610000
b1000001110 E
1*
18
#186620000
0*
08
#186630000
b1000001111 E
1*
18
#186640000
0*
08
#186650000
b1000010000 E
1*
18
#186660000
0*
08
#186670000
b1000010001 E
1*
18
#186680000
0*
08
#186690000
b1000010010 E
1*
18
#186700000
0*
08
#186710000
b1000010011 E
1*
18
#186720000
0*
08
#186730000
b1000010100 E
1*
18
#186740000
0*
08
#186750000
b1000010101 E
1*
18
#186760000
0*
08
#186770000
b1000010110 E
1*
18
#186780000
0*
08
#186790000
b1000010111 E
1*
18
#186800000
0*
08
#186810000
b1000011000 E
1*
18
#186820000
0*
08
#186830000
b1000011001 E
1*
18
#186840000
0*
08
#186850000
b1000011010 E
1*
18
#186860000
0*
08
#186870000
b1000011011 E
1*
18
#186880000
0*
08
#186890000
b1000011100 E
1*
18
#186900000
0*
08
#186910000
b1000011101 E
1*
18
#186920000
0*
08
#186930000
b1000011110 E
1*
18
#186940000
0*
08
#186950000
b1000011111 E
1*
18
#186960000
0*
08
#186970000
b1000100000 E
1*
18
#186980000
0*
08
#186990000
b1000100001 E
1*
18
#187000000
0*
08
#187010000
b1000100010 E
1*
18
#187020000
0*
08
#187030000
b1000100011 E
1*
18
#187040000
0*
08
#187050000
b1000100100 E
1*
18
#187060000
0*
08
#187070000
b1000100101 E
1*
18
#187080000
0*
08
#187090000
b1000100110 E
1*
18
#187100000
0*
08
#187110000
b1000100111 E
1*
18
#187120000
0*
08
#187130000
b1000101000 E
1*
18
#187140000
0*
08
#187150000
b1000101001 E
1*
18
#187160000
0*
08
#187170000
b1000101010 E
1*
18
#187180000
0*
08
#187190000
b1000101011 E
1*
18
#187200000
0*
08
#187210000
b1000101100 E
1*
18
#187220000
0*
08
#187230000
b1000101101 E
1*
18
#187240000
0*
08
#187250000
b1000101110 E
1*
18
#187260000
0*
08
#187270000
b1000101111 E
1*
18
#187280000
0*
08
#187290000
b1000110000 E
1*
18
#187300000
0*
08
#187310000
b1000110001 E
1*
18
#187320000
0*
08
#187330000
b1000110010 E
1*
18
#187340000
0*
08
#187350000
b1000110011 E
1*
18
#187360000
0*
08
#187370000
b1000110100 E
1*
18
#187380000
0*
08
#187390000
b1000110101 E
1*
18
#187400000
0*
08
#187410000
b1000110110 E
1*
18
#187420000
0*
08
#187430000
b1000110111 E
1*
18
#187440000
0*
08
#187450000
b1000111000 E
1*
18
#187460000
0*
08
#187470000
b1000111001 E
1*
18
#187480000
0*
08
#187490000
b1000111010 E
1*
18
#187500000
0*
08
#187510000
b1000111011 E
1*
18
#187520000
0*
08
#187530000
b1000111100 E
1*
18
#187540000
0*
08
#187550000
b1000111101 E
1*
18
#187560000
0*
08
#187570000
b1000111110 E
1*
18
#187580000
0*
08
#187590000
b1000111111 E
1*
18
#187600000
0*
08
#187610000
b1001000000 E
1*
18
#187620000
0*
08
#187630000
b1001000001 E
1*
18
#187640000
0*
08
#187650000
b1001000010 E
1*
18
#187660000
0*
08
#187670000
b1001000011 E
1*
18
#187680000
0*
08
#187690000
b1001000100 E
1*
18
#187700000
0*
08
#187710000
b1001000101 E
1*
18
#187720000
0*
08
#187730000
b1001000110 E
1*
18
#187740000
0*
08
#187750000
b1001000111 E
1*
18
#187760000
0*
08
#187770000
b1001001000 E
1*
18
#187780000
0*
08
#187790000
b1001001001 E
1*
18
#187800000
0*
08
#187810000
b1001001010 E
1*
18
#187820000
0*
08
#187830000
b1001001011 E
1*
18
#187840000
0*
08
#187850000
b1001001100 E
1*
18
#187860000
0*
08
#187870000
b1001001101 E
1*
18
#187880000
0*
08
#187890000
b1001001110 E
1*
18
#187900000
0*
08
#187910000
b1001001111 E
1*
18
#187920000
0*
08
#187930000
b1001010000 E
1*
18
#187940000
0*
08
#187950000
b1001010001 E
1*
18
#187960000
0*
08
#187970000
b1001010010 E
1*
18
#187980000
0*
08
#187990000
b1001010011 E
1*
18
#188000000
0*
08
#188010000
b1001010100 E
1*
18
#188020000
0*
08
#188030000
b1001010101 E
1*
18
#188040000
0*
08
#188050000
b1001010110 E
1*
18
#188060000
0*
08
#188070000
b1001010111 E
1*
18
#188080000
0*
08
#188090000
b1001011000 E
1*
18
#188100000
0*
08
#188110000
b1001011001 E
1*
18
#188120000
0*
08
#188130000
b1001011010 E
1*
18
#188140000
0*
08
#188150000
b1001011011 E
1*
18
#188160000
0*
08
#188170000
b1001011100 E
1*
18
#188180000
0*
08
#188190000
b1001011101 E
1*
18
#188200000
0*
08
#188210000
b1001011110 E
1*
18
#188220000
0*
08
#188230000
b1001011111 E
1*
18
#188240000
0*
08
#188250000
b1001100000 E
1*
18
#188260000
0*
08
#188270000
b1001100001 E
1*
18
#188280000
0*
08
#188290000
b1001100010 E
1*
18
#188300000
0*
08
#188310000
b1001100011 E
1*
18
#188320000
0*
08
#188330000
b1001100100 E
1*
18
#188340000
0*
08
#188350000
b1001100101 E
1*
18
#188360000
0*
08
#188370000
b1001100110 E
1*
18
#188380000
0*
08
#188390000
b1001100111 E
1*
18
#188400000
0*
08
#188410000
b1001101000 E
1*
18
#188420000
0*
08
#188430000
b1001101001 E
1*
18
#188440000
0*
08
#188450000
b1001101010 E
1*
18
#188460000
0*
08
#188470000
b1001101011 E
1*
18
#188480000
0*
08
#188490000
b1001101100 E
1*
18
#188500000
0*
08
#188510000
b1001101101 E
1*
18
#188520000
0*
08
#188530000
b1001101110 E
1*
18
#188540000
0*
08
#188550000
b1001101111 E
1*
18
#188560000
0*
08
#188570000
b1001110000 E
1*
18
#188580000
0*
08
#188590000
b1001110001 E
1*
18
#188600000
0*
08
#188610000
b1001110010 E
1*
18
#188620000
0*
08
#188630000
b1001110011 E
1*
18
#188640000
0*
08
#188650000
b1001110100 E
1*
18
#188660000
0*
08
#188670000
b1001110101 E
1*
18
#188680000
0*
08
#188690000
b1001110110 E
1*
18
#188700000
0*
08
#188710000
b1001110111 E
1*
18
#188720000
0*
08
#188730000
b1001111000 E
1*
18
#188740000
0*
08
#188750000
b1001111001 E
1*
18
#188760000
0*
08
#188770000
b1001111010 E
1*
18
#188780000
0*
08
#188790000
b1001111011 E
1*
18
#188800000
0*
08
#188810000
b1001111100 E
1*
18
#188820000
0*
08
#188830000
b1001111101 E
1*
18
#188840000
0*
08
#188850000
b1001111110 E
1*
18
#188860000
0*
08
#188870000
b1001111111 E
1*
18
#188880000
0*
08
#188890000
b1010000000 E
1*
18
#188900000
0*
08
#188910000
b1010000001 E
1*
18
#188920000
0*
08
#188930000
b1010000010 E
1*
18
#188940000
0*
08
#188950000
b1010000011 E
1*
18
#188960000
0*
08
#188970000
b1010000100 E
1*
18
#188980000
0*
08
#188990000
b1010000101 E
1*
18
#189000000
0*
08
#189010000
b1010000110 E
1*
18
#189020000
0*
08
#189030000
b1010000111 E
1*
18
#189040000
0*
08
#189050000
b1010001000 E
1*
18
#189060000
0*
08
#189070000
b1010001001 E
1*
18
#189080000
0*
08
#189090000
b1010001010 E
1*
18
#189100000
0*
08
#189110000
b1010001011 E
1*
18
#189120000
0*
08
#189130000
b1010001100 E
1*
18
#189140000
0*
08
#189150000
b1010001101 E
1*
18
#189160000
0*
08
#189170000
b1010001110 E
1*
18
#189180000
0*
08
#189190000
b1010001111 E
1*
18
#189200000
0*
08
#189210000
b1010010000 E
1*
18
#189220000
0*
08
#189230000
b1010010001 E
1*
18
#189240000
0*
08
#189250000
b1010010010 E
1*
18
#189260000
0*
08
#189270000
b1010010011 E
1*
18
#189280000
0*
08
#189290000
b1010010100 E
1*
18
#189300000
0*
08
#189310000
b1010010101 E
1*
18
#189320000
0*
08
#189330000
b1010010110 E
1*
18
#189340000
0*
08
#189350000
b1010010111 E
1*
18
#189360000
0*
08
#189370000
b1010011000 E
1*
18
#189380000
0*
08
#189390000
b1010011001 E
1*
18
#189400000
0*
08
#189410000
b1010011010 E
1*
18
#189420000
0*
08
#189430000
b1010011011 E
1*
18
#189440000
0*
08
#189450000
b1010011100 E
1*
18
#189460000
0*
08
#189470000
b1010011101 E
1*
18
#189480000
0*
08
#189490000
b1010011110 E
1*
18
#189500000
0*
08
#189510000
b1010011111 E
1*
18
#189520000
0*
08
#189530000
b1010100000 E
1*
18
#189540000
0*
08
#189550000
b1010100001 E
1*
18
#189560000
0*
08
#189570000
b1010100010 E
1*
18
#189580000
0*
08
#189590000
b1010100011 E
1*
18
#189600000
0*
08
#189610000
b1010100100 E
1*
18
#189620000
0*
08
#189630000
b1010100101 E
1*
18
#189640000
0*
08
#189650000
b1010100110 E
1*
18
#189660000
0*
08
#189670000
b1010100111 E
1*
18
#189680000
0*
08
#189690000
b1010101000 E
1*
18
#189700000
0*
08
#189710000
b1010101001 E
1*
18
#189720000
0*
08
#189730000
b1010101010 E
1*
18
#189740000
0*
08
#189750000
b1010101011 E
1*
18
#189760000
0*
08
#189770000
b1010101100 E
1*
18
#189780000
0*
08
#189790000
b1010101101 E
1*
18
#189800000
0*
08
#189810000
b1010101110 E
1*
18
#189820000
0*
08
#189830000
b1010101111 E
1*
18
#189840000
0*
08
#189850000
b1010110000 E
1*
18
#189860000
0*
08
#189870000
b1010110001 E
1*
18
#189880000
0*
08
#189890000
b1010110010 E
1*
18
#189900000
0*
08
#189910000
b1010110011 E
1*
18
#189920000
0*
08
#189930000
b1010110100 E
1*
18
#189940000
0*
08
#189950000
b1010110101 E
1*
18
#189960000
0*
08
#189970000
b1010110110 E
1*
18
#189980000
0*
08
#189990000
b1010110111 E
1*
18
#190000000
0*
08
#190010000
b1010111000 E
1*
18
#190020000
0*
08
#190030000
b1010111001 E
1*
18
#190040000
0*
08
#190050000
b1010111010 E
1*
18
#190060000
0*
08
#190070000
b1010111011 E
1*
18
#190080000
0*
08
#190090000
b1010111100 E
1*
18
#190100000
0*
08
#190110000
b1010111101 E
1*
18
#190120000
0*
08
#190130000
b1010111110 E
1*
18
#190140000
0*
08
#190150000
b1010111111 E
1*
18
#190160000
0*
08
#190170000
b1011000000 E
1*
18
#190180000
0*
08
#190190000
b1011000001 E
1*
18
#190200000
0*
08
#190210000
b1011000010 E
1*
18
#190220000
0*
08
#190230000
b1011000011 E
1*
18
#190240000
0*
08
#190250000
b1011000100 E
1*
18
#190260000
0*
08
#190270000
b1011000101 E
1*
18
#190280000
0*
08
#190290000
b1011000110 E
1*
18
#190300000
0*
08
#190310000
b1011000111 E
1*
18
#190320000
0*
08
#190330000
b1011001000 E
1*
18
#190340000
0*
08
#190350000
b1011001001 E
1*
18
#190360000
0*
08
#190370000
b1011001010 E
1*
18
#190380000
0*
08
#190390000
b1011001011 E
1*
18
#190400000
0*
08
#190410000
b1011001100 E
1*
18
#190420000
0*
08
#190430000
b1011001101 E
1*
18
#190440000
0*
08
#190450000
b1011001110 E
1*
18
#190460000
0*
08
#190470000
b1011001111 E
1*
18
#190480000
0*
08
#190490000
b1011010000 E
1*
18
#190500000
0*
08
#190510000
b1011010001 E
1*
18
#190520000
0*
08
#190530000
b1011010010 E
1*
18
#190540000
0*
08
#190550000
b1011010011 E
1*
18
#190560000
0*
08
#190570000
b1011010100 E
1*
18
#190580000
0*
08
#190590000
b1011010101 E
1*
18
#190600000
0*
08
#190610000
b1011010110 E
1*
18
#190620000
0*
08
#190630000
b1011010111 E
1*
18
#190640000
0*
08
#190650000
b1011011000 E
1*
18
#190660000
0*
08
#190670000
b1011011001 E
1*
18
#190680000
0*
08
#190690000
b1011011010 E
1*
18
#190700000
0*
08
#190710000
b1011011011 E
1*
18
#190720000
0*
08
#190730000
b1011011100 E
1*
18
#190740000
0*
08
#190750000
b1011011101 E
1*
18
#190760000
0*
08
#190770000
b1011011110 E
1*
18
#190780000
0*
08
#190790000
b1011011111 E
1*
18
#190800000
0*
08
#190810000
b1011100000 E
1*
18
#190820000
0*
08
#190830000
b1011100001 E
1*
18
#190840000
0*
08
#190850000
b1011100010 E
1*
18
#190860000
0*
08
#190870000
b1011100011 E
1*
18
#190880000
0*
08
#190890000
b1011100100 E
1*
18
#190900000
0*
08
#190910000
b1011100101 E
1*
18
#190920000
0*
08
#190930000
b1011100110 E
1*
18
#190940000
0*
08
#190950000
b1011100111 E
1*
18
#190960000
0*
08
#190970000
b1011101000 E
1*
18
#190980000
0*
08
#190990000
b1011101001 E
1*
18
#191000000
0*
08
#191010000
b1011101010 E
1*
18
#191020000
0*
08
#191030000
b1011101011 E
1*
18
#191040000
0*
08
#191050000
b1011101100 E
1*
18
#191060000
0*
08
#191070000
b1011101101 E
1*
18
#191080000
0*
08
#191090000
b1011101110 E
1*
18
#191100000
0*
08
#191110000
b1011101111 E
1*
18
#191120000
0*
08
#191130000
b1011110000 E
1*
18
#191140000
0*
08
#191150000
b1011110001 E
1*
18
#191160000
0*
08
#191170000
b1011110010 E
1*
18
#191180000
0*
08
#191190000
b1011110011 E
1*
18
#191200000
0*
08
#191210000
b1011110100 E
1*
18
#191220000
0*
08
#191230000
b1011110101 E
1*
18
#191240000
0*
08
#191250000
b1011110110 E
1*
18
#191260000
0*
08
#191270000
b1011110111 E
1*
18
#191280000
0*
08
#191290000
b1011111000 E
1*
18
#191300000
0*
08
#191310000
b1011111001 E
1*
18
#191320000
0*
08
#191330000
b1011111010 E
1*
18
#191340000
0*
08
#191350000
b1011111011 E
1*
18
#191360000
0*
08
#191370000
b1011111100 E
1*
18
#191380000
0*
08
#191390000
b1011111101 E
1*
18
#191400000
0*
08
#191410000
b1011111110 E
1*
18
#191420000
0*
08
#191430000
b1011111111 E
1*
18
#191440000
0*
08
#191450000
b1100000000 E
1*
18
#191460000
0*
08
#191470000
b1100000001 E
1*
18
#191480000
0*
08
#191490000
b1100000010 E
1*
18
#191500000
0*
08
#191510000
b1100000011 E
1*
18
#191520000
0*
08
#191530000
b1100000100 E
1*
18
#191540000
0*
08
#191550000
b1100000101 E
1*
18
#191560000
0*
08
#191570000
b1100000110 E
1*
18
#191580000
0*
08
#191590000
b1100000111 E
1*
18
#191600000
0*
08
#191610000
b1100001000 E
1*
18
#191620000
0*
08
#191630000
b1100001001 E
1*
18
#191640000
0*
08
#191650000
b1100001010 E
1*
18
#191660000
0*
08
#191670000
b1100001011 E
1*
18
#191680000
0*
08
#191690000
b1100001100 E
1*
18
#191700000
0*
08
#191710000
b1100001101 E
1*
18
#191720000
0*
08
#191730000
b1100001110 E
1*
18
#191740000
0*
08
#191750000
b1100001111 E
1*
18
#191760000
0*
08
#191770000
b1100010000 E
1*
18
#191780000
0*
08
#191790000
b1100010001 E
1*
18
#191800000
0*
08
#191810000
b1100010010 E
1*
18
#191820000
0*
08
#191830000
b1100010011 E
1*
18
#191840000
0*
08
#191850000
b1100010100 E
1*
18
#191860000
0*
08
#191870000
b1100010101 E
1*
18
#191880000
0*
08
#191890000
b1100010110 E
1*
18
#191900000
0*
08
#191910000
b1100010111 E
1*
18
#191920000
0*
08
#191930000
b1100011000 E
1*
18
#191940000
0*
08
#191950000
b1100011001 E
1*
18
#191960000
0*
08
#191970000
b1100011010 E
1*
18
#191980000
0*
08
#191990000
b1100011011 E
1*
18
#192000000
0*
08
#192010000
b1100011100 E
1*
18
#192020000
0*
08
#192030000
b1100011101 E
1*
18
#192040000
0*
08
#192050000
b1100011110 E
1*
18
#192060000
0*
08
#192070000
b1100011111 E
1*
18
#192080000
0*
08
#192090000
0B
b0 E
b1100 N
1*
18
#192100000
0*
08
#192110000
b1 E
0K
1*
18
#192120000
0*
08
#192130000
0G
0"
b10 E
1*
18
#192140000
0*
08
#192150000
b11 E
1*
18
#192160000
0*
08
#192170000
b100 E
1*
18
#192180000
0*
08
#192190000
b101 E
1*
18
#192200000
0*
08
#192210000
b110 E
1*
18
#192220000
0*
08
#192230000
b111 E
1*
18
#192240000
0*
08
#192250000
b1000 E
1*
18
#192260000
0*
08
#192270000
b1001 E
1*
18
#192280000
0*
08
#192290000
b1010 E
1*
18
#192300000
0*
08
#192310000
b1011 E
1*
18
#192320000
0*
08
#192330000
b1100 E
1*
18
#192340000
0*
08
#192350000
b1101 E
1*
18
#192360000
0*
08
#192370000
b1110 E
1*
18
#192380000
0*
08
#192390000
b1111 E
1*
18
#192400000
0*
08
#192410000
b10000 E
1*
18
#192420000
0*
08
#192430000
b10001 E
1*
18
#192440000
0*
08
#192450000
b10010 E
1*
18
#192460000
0*
08
#192470000
b10011 E
1*
18
#192480000
0*
08
#192490000
b10100 E
1*
18
#192500000
0*
08
#192510000
b10101 E
1*
18
#192520000
0*
08
#192530000
b10110 E
1*
18
#192540000
0*
08
#192550000
b10111 E
1*
18
#192560000
0*
08
#192570000
b11000 E
1*
18
#192580000
0*
08
#192590000
b11001 E
1*
18
#192600000
0*
08
#192610000
b11010 E
1*
18
#192620000
0*
08
#192630000
b11011 E
1*
18
#192640000
0*
08
#192650000
b11100 E
1*
18
#192660000
0*
08
#192670000
b11101 E
1*
18
#192680000
0*
08
#192690000
b11110 E
1*
18
#192700000
0*
08
#192710000
b11111 E
1*
18
#192720000
0*
08
#192730000
b100000 E
1*
18
#192740000
0*
08
#192750000
b100001 E
1*
18
#192760000
0*
08
#192770000
b100010 E
1*
18
#192780000
0*
08
#192790000
b100011 E
1*
18
#192800000
0*
08
#192810000
b100100 E
1*
18
#192820000
0*
08
#192830000
b100101 E
1*
18
#192840000
0*
08
#192850000
b100110 E
1*
18
#192860000
0*
08
#192870000
b100111 E
1*
18
#192880000
0*
08
#192890000
b101000 E
1*
18
#192900000
0*
08
#192910000
b101001 E
1*
18
#192920000
0*
08
#192930000
b101010 E
1*
18
#192940000
0*
08
#192950000
b101011 E
1*
18
#192960000
0*
08
#192970000
b101100 E
1*
18
#192980000
0*
08
#192990000
b101101 E
1*
18
#193000000
0*
08
#193010000
b101110 E
1*
18
#193020000
0*
08
#193030000
b101111 E
1*
18
#193040000
0*
08
#193050000
b110000 E
1*
18
#193060000
0*
08
#193070000
b110001 E
1*
18
#193080000
0*
08
#193090000
b110010 E
1*
18
#193100000
0*
08
#193110000
b110011 E
1*
18
#193120000
0*
08
#193130000
b110100 E
1*
18
#193140000
0*
08
#193150000
b110101 E
1*
18
#193160000
0*
08
#193170000
b110110 E
1*
18
#193180000
0*
08
#193190000
b110111 E
1*
18
#193200000
0*
08
#193210000
b111000 E
1*
18
#193220000
0*
08
#193230000
b111001 E
1*
18
#193240000
0*
08
#193250000
b111010 E
1*
18
#193260000
0*
08
#193270000
b111011 E
1*
18
#193280000
0*
08
#193290000
b111100 E
1*
18
#193300000
0*
08
#193310000
b111101 E
1*
18
#193320000
0*
08
#193330000
b111110 E
1*
18
#193340000
0*
08
#193350000
b111111 E
1*
18
#193360000
0*
08
#193370000
b1000000 E
1*
18
#193380000
0*
08
#193390000
b1000001 E
1*
18
#193400000
0*
08
#193410000
b1000010 E
1*
18
#193420000
0*
08
#193430000
b1000011 E
1*
18
#193440000
0*
08
#193450000
b1000100 E
1*
18
#193460000
0*
08
#193470000
b1000101 E
1*
18
#193480000
0*
08
#193490000
b1000110 E
1*
18
#193500000
0*
08
#193510000
b1000111 E
1*
18
#193520000
0*
08
#193530000
b1001000 E
1*
18
#193540000
0*
08
#193550000
b1001001 E
1*
18
#193560000
0*
08
#193570000
b1001010 E
1*
18
#193580000
0*
08
#193590000
b1001011 E
1*
18
#193600000
0*
08
#193610000
b1001100 E
1*
18
#193620000
0*
08
#193630000
b1001101 E
1*
18
#193640000
0*
08
#193650000
b1001110 E
1*
18
#193660000
0*
08
#193670000
b1001111 E
1*
18
#193680000
0*
08
#193690000
b1010000 E
1*
18
#193700000
0*
08
#193710000
b1010001 E
1*
18
#193720000
0*
08
#193730000
b1010010 E
1*
18
#193740000
0*
08
#193750000
b1010011 E
1*
18
#193760000
0*
08
#193770000
b1010100 E
1*
18
#193780000
0*
08
#193790000
b1010101 E
1*
18
#193800000
0*
08
#193810000
b1010110 E
1*
18
#193820000
0*
08
#193830000
b1010111 E
1*
18
#193840000
0*
08
#193850000
b1011000 E
1*
18
#193860000
0*
08
#193870000
b1011001 E
1*
18
#193880000
0*
08
#193890000
b1011010 E
1*
18
#193900000
0*
08
#193910000
b1011011 E
1*
18
#193920000
0*
08
#193930000
b1011100 E
1*
18
#193940000
0*
08
#193950000
b1011101 E
1*
18
#193960000
0*
08
#193970000
b1011110 E
1*
18
#193980000
0*
08
#193990000
b1011111 E
1*
18
#194000000
0*
08
#194010000
1B
b1100000 E
1*
18
#194020000
0*
08
#194030000
b1100001 E
1K
1*
18
#194040000
0*
08
#194050000
1G
1"
b1100010 E
1*
18
#194060000
0*
08
#194070000
b1100011 E
1*
18
#194080000
0*
08
#194090000
b1100100 E
1*
18
#194100000
0*
08
#194110000
b1100101 E
1*
18
#194120000
0*
08
#194130000
b1100110 E
1*
18
#194140000
0*
08
#194150000
b1100111 E
1*
18
#194160000
0*
08
#194170000
b1101000 E
1*
18
#194180000
0*
08
#194190000
b1101001 E
1*
18
#194200000
0*
08
#194210000
b1101010 E
1*
18
#194220000
0*
08
#194230000
b1101011 E
1*
18
#194240000
0*
08
#194250000
b1101100 E
1*
18
#194260000
0*
08
#194270000
b1101101 E
1*
18
#194280000
0*
08
#194290000
b1101110 E
1*
18
#194300000
0*
08
#194310000
b1101111 E
1*
18
#194320000
0*
08
#194330000
b1110000 E
1*
18
#194340000
0*
08
#194350000
b1110001 E
1*
18
#194360000
0*
08
#194370000
b1110010 E
1*
18
#194380000
0*
08
#194390000
b1110011 E
1*
18
#194400000
0*
08
#194410000
b1110100 E
1*
18
#194420000
0*
08
#194430000
b1110101 E
1*
18
#194440000
0*
08
#194450000
b1110110 E
1*
18
#194460000
0*
08
#194470000
b1110111 E
1*
18
#194480000
0*
08
#194490000
b1111000 E
1*
18
#194500000
0*
08
#194510000
b1111001 E
1*
18
#194520000
0*
08
#194530000
b1111010 E
1*
18
#194540000
0*
08
#194550000
b1111011 E
1*
18
#194560000
0*
08
#194570000
b1111100 E
1*
18
#194580000
0*
08
#194590000
b1111101 E
1*
18
#194600000
0*
08
#194610000
b1111110 E
1*
18
#194620000
0*
08
#194630000
b1111111 E
1*
18
#194640000
0*
08
#194650000
b10000000 E
1*
18
#194660000
0*
08
#194670000
b10000001 E
1*
18
#194680000
0*
08
#194690000
b10000010 E
1*
18
#194700000
0*
08
#194710000
b10000011 E
1*
18
#194720000
0*
08
#194730000
b10000100 E
1*
18
#194740000
0*
08
#194750000
b10000101 E
1*
18
#194760000
0*
08
#194770000
b10000110 E
1*
18
#194780000
0*
08
#194790000
b10000111 E
1*
18
#194800000
0*
08
#194810000
b10001000 E
1*
18
#194820000
0*
08
#194830000
b10001001 E
1*
18
#194840000
0*
08
#194850000
b10001010 E
1*
18
#194860000
0*
08
#194870000
b10001011 E
1*
18
#194880000
0*
08
#194890000
b10001100 E
1*
18
#194900000
0*
08
#194910000
b10001101 E
1*
18
#194920000
0*
08
#194930000
b10001110 E
1*
18
#194940000
0*
08
#194950000
b10001111 E
1*
18
#194960000
0*
08
#194970000
b10010000 E
1*
18
#194980000
0*
08
#194990000
b10010001 E
1*
18
#195000000
0*
08
#195010000
b10010010 E
1*
18
#195020000
0*
08
#195030000
b10010011 E
1*
18
#195040000
0*
08
#195050000
b10010100 E
1*
18
#195060000
0*
08
#195070000
b10010101 E
1*
18
#195080000
0*
08
#195090000
b10010110 E
1*
18
#195100000
0*
08
#195110000
b10010111 E
1*
18
#195120000
0*
08
#195130000
b10011000 E
1*
18
#195140000
0*
08
#195150000
b10011001 E
1*
18
#195160000
0*
08
#195170000
b10011010 E
1*
18
#195180000
0*
08
#195190000
b10011011 E
1*
18
#195200000
0*
08
#195210000
b10011100 E
1*
18
#195220000
0*
08
#195230000
b10011101 E
1*
18
#195240000
0*
08
#195250000
b10011110 E
1*
18
#195260000
0*
08
#195270000
b10011111 E
1*
18
#195280000
0*
08
#195290000
b10100000 E
1*
18
#195300000
0*
08
#195310000
b10100001 E
1*
18
#195320000
0*
08
#195330000
b10100010 E
1*
18
#195340000
0*
08
#195350000
b10100011 E
1*
18
#195360000
0*
08
#195370000
b10100100 E
1*
18
#195380000
0*
08
#195390000
b10100101 E
1*
18
#195400000
0*
08
#195410000
b10100110 E
1*
18
#195420000
0*
08
#195430000
b10100111 E
1*
18
#195440000
0*
08
#195450000
b10101000 E
1*
18
#195460000
0*
08
#195470000
b10101001 E
1*
18
#195480000
0*
08
#195490000
b10101010 E
1*
18
#195500000
0*
08
#195510000
b10101011 E
1*
18
#195520000
0*
08
#195530000
b10101100 E
1*
18
#195540000
0*
08
#195550000
b10101101 E
1*
18
#195560000
0*
08
#195570000
b10101110 E
1*
18
#195580000
0*
08
#195590000
b10101111 E
1*
18
#195600000
0*
08
#195610000
b10110000 E
1*
18
#195620000
0*
08
#195630000
b10110001 E
1*
18
#195640000
0*
08
#195650000
b10110010 E
1*
18
#195660000
0*
08
#195670000
b10110011 E
1*
18
#195680000
0*
08
#195690000
b10110100 E
1*
18
#195700000
0*
08
#195710000
b10110101 E
1*
18
#195720000
0*
08
#195730000
b10110110 E
1*
18
#195740000
0*
08
#195750000
b10110111 E
1*
18
#195760000
0*
08
#195770000
b10111000 E
1*
18
#195780000
0*
08
#195790000
b10111001 E
1*
18
#195800000
0*
08
#195810000
b10111010 E
1*
18
#195820000
0*
08
#195830000
b10111011 E
1*
18
#195840000
0*
08
#195850000
b10111100 E
1*
18
#195860000
0*
08
#195870000
b10111101 E
1*
18
#195880000
0*
08
#195890000
b10111110 E
1*
18
#195900000
0*
08
#195910000
b10111111 E
1*
18
#195920000
0*
08
#195930000
b11000000 E
1*
18
#195940000
0*
08
#195950000
b11000001 E
1*
18
#195960000
0*
08
#195970000
b11000010 E
1*
18
#195980000
0*
08
#195990000
b11000011 E
1*
18
#196000000
0*
08
#196010000
b11000100 E
1*
18
#196020000
0*
08
#196030000
b11000101 E
1*
18
#196040000
0*
08
#196050000
b11000110 E
1*
18
#196060000
0*
08
#196070000
b11000111 E
1*
18
#196080000
0*
08
#196090000
b11001000 E
1*
18
#196100000
0*
08
#196110000
b11001001 E
1*
18
#196120000
0*
08
#196130000
b11001010 E
1*
18
#196140000
0*
08
#196150000
b11001011 E
1*
18
#196160000
0*
08
#196170000
b11001100 E
1*
18
#196180000
0*
08
#196190000
b11001101 E
1*
18
#196200000
0*
08
#196210000
b11001110 E
1*
18
#196220000
0*
08
#196230000
b11001111 E
1*
18
#196240000
0*
08
#196250000
b11010000 E
1*
18
#196260000
0*
08
#196270000
b11010001 E
1*
18
#196280000
0*
08
#196290000
b11010010 E
1*
18
#196300000
0*
08
#196310000
b11010011 E
1*
18
#196320000
0*
08
#196330000
b11010100 E
1*
18
#196340000
0*
08
#196350000
b11010101 E
1*
18
#196360000
0*
08
#196370000
b11010110 E
1*
18
#196380000
0*
08
#196390000
b11010111 E
1*
18
#196400000
0*
08
#196410000
b11011000 E
1*
18
#196420000
0*
08
#196430000
b11011001 E
1*
18
#196440000
0*
08
#196450000
b11011010 E
1*
18
#196460000
0*
08
#196470000
b11011011 E
1*
18
#196480000
0*
08
#196490000
b11011100 E
1*
18
#196500000
0*
08
#196510000
b11011101 E
1*
18
#196520000
0*
08
#196530000
b11011110 E
1*
18
#196540000
0*
08
#196550000
b11011111 E
1*
18
#196560000
0*
08
#196570000
b11100000 E
1*
18
#196580000
0*
08
#196590000
b11100001 E
1*
18
#196600000
0*
08
#196610000
b11100010 E
1*
18
#196620000
0*
08
#196630000
b11100011 E
1*
18
#196640000
0*
08
#196650000
b11100100 E
1*
18
#196660000
0*
08
#196670000
b11100101 E
1*
18
#196680000
0*
08
#196690000
b11100110 E
1*
18
#196700000
0*
08
#196710000
b11100111 E
1*
18
#196720000
0*
08
#196730000
b11101000 E
1*
18
#196740000
0*
08
#196750000
b11101001 E
1*
18
#196760000
0*
08
#196770000
b11101010 E
1*
18
#196780000
0*
08
#196790000
b11101011 E
1*
18
#196800000
0*
08
#196810000
b11101100 E
1*
18
#196820000
0*
08
#196830000
b11101101 E
1*
18
#196840000
0*
08
#196850000
b11101110 E
1*
18
#196860000
0*
08
#196870000
b11101111 E
1*
18
#196880000
0*
08
#196890000
b11110000 E
1*
18
#196900000
0*
08
#196910000
b11110001 E
1*
18
#196920000
0*
08
#196930000
b11110010 E
1*
18
#196940000
0*
08
#196950000
b11110011 E
1*
18
#196960000
0*
08
#196970000
b11110100 E
1*
18
#196980000
0*
08
#196990000
b11110101 E
1*
18
#197000000
0*
08
#197010000
b11110110 E
1*
18
#197020000
0*
08
#197030000
b11110111 E
1*
18
#197040000
0*
08
#197050000
b11111000 E
1*
18
#197060000
0*
08
#197070000
b11111001 E
1*
18
#197080000
0*
08
#197090000
b11111010 E
1*
18
#197100000
0*
08
#197110000
b11111011 E
1*
18
#197120000
0*
08
#197130000
b11111100 E
1*
18
#197140000
0*
08
#197150000
b11111101 E
1*
18
#197160000
0*
08
#197170000
b11111110 E
1*
18
#197180000
0*
08
#197190000
b11111111 E
1*
18
#197200000
0*
08
#197210000
b100000000 E
1*
18
#197220000
0*
08
#197230000
b100000001 E
1*
18
#197240000
0*
08
#197250000
b100000010 E
1*
18
#197260000
0*
08
#197270000
b100000011 E
1*
18
#197280000
0*
08
#197290000
b100000100 E
1*
18
#197300000
0*
08
#197310000
b100000101 E
1*
18
#197320000
0*
08
#197330000
b100000110 E
1*
18
#197340000
0*
08
#197350000
b100000111 E
1*
18
#197360000
0*
08
#197370000
b100001000 E
1*
18
#197380000
0*
08
#197390000
b100001001 E
1*
18
#197400000
0*
08
#197410000
b100001010 E
1*
18
#197420000
0*
08
#197430000
b100001011 E
1*
18
#197440000
0*
08
#197450000
b100001100 E
1*
18
#197460000
0*
08
#197470000
b100001101 E
1*
18
#197480000
0*
08
#197490000
b100001110 E
1*
18
#197500000
0*
08
#197510000
b100001111 E
1*
18
#197520000
0*
08
#197530000
b100010000 E
1*
18
#197540000
0*
08
#197550000
b100010001 E
1*
18
#197560000
0*
08
#197570000
b100010010 E
1*
18
#197580000
0*
08
#197590000
b100010011 E
1*
18
#197600000
0*
08
#197610000
b100010100 E
1*
18
#197620000
0*
08
#197630000
b100010101 E
1*
18
#197640000
0*
08
#197650000
b100010110 E
1*
18
#197660000
0*
08
#197670000
b100010111 E
1*
18
#197680000
0*
08
#197690000
b100011000 E
1*
18
#197700000
0*
08
#197710000
b100011001 E
1*
18
#197720000
0*
08
#197730000
b100011010 E
1*
18
#197740000
0*
08
#197750000
b100011011 E
1*
18
#197760000
0*
08
#197770000
b100011100 E
1*
18
#197780000
0*
08
#197790000
b100011101 E
1*
18
#197800000
0*
08
#197810000
b100011110 E
1*
18
#197820000
0*
08
#197830000
b100011111 E
1*
18
#197840000
0*
08
#197850000
b100100000 E
1*
18
#197860000
0*
08
#197870000
b100100001 E
1*
18
#197880000
0*
08
#197890000
b100100010 E
1*
18
#197900000
0*
08
#197910000
b100100011 E
1*
18
#197920000
0*
08
#197930000
b100100100 E
1*
18
#197940000
0*
08
#197950000
b100100101 E
1*
18
#197960000
0*
08
#197970000
b100100110 E
1*
18
#197980000
0*
08
#197990000
b100100111 E
1*
18
#198000000
0*
08
#198010000
b100101000 E
1*
18
#198020000
0*
08
#198030000
b100101001 E
1*
18
#198040000
0*
08
#198050000
b100101010 E
1*
18
#198060000
0*
08
#198070000
b100101011 E
1*
18
#198080000
0*
08
#198090000
b100101100 E
1*
18
#198100000
0*
08
#198110000
b100101101 E
1*
18
#198120000
0*
08
#198130000
b100101110 E
1*
18
#198140000
0*
08
#198150000
b100101111 E
1*
18
#198160000
0*
08
#198170000
b100110000 E
1*
18
#198180000
0*
08
#198190000
b100110001 E
1*
18
#198200000
0*
08
#198210000
b100110010 E
1*
18
#198220000
0*
08
#198230000
b100110011 E
1*
18
#198240000
0*
08
#198250000
b100110100 E
1*
18
#198260000
0*
08
#198270000
b100110101 E
1*
18
#198280000
0*
08
#198290000
b100110110 E
1*
18
#198300000
0*
08
#198310000
b100110111 E
1*
18
#198320000
0*
08
#198330000
b100111000 E
1*
18
#198340000
0*
08
#198350000
b100111001 E
1*
18
#198360000
0*
08
#198370000
b100111010 E
1*
18
#198380000
0*
08
#198390000
b100111011 E
1*
18
#198400000
0*
08
#198410000
b100111100 E
1*
18
#198420000
0*
08
#198430000
b100111101 E
1*
18
#198440000
0*
08
#198450000
b100111110 E
1*
18
#198460000
0*
08
#198470000
b100111111 E
1*
18
#198480000
0*
08
#198490000
b101000000 E
1*
18
#198500000
0*
08
#198510000
b101000001 E
1*
18
#198520000
0*
08
#198530000
b101000010 E
1*
18
#198540000
0*
08
#198550000
b101000011 E
1*
18
#198560000
0*
08
#198570000
b101000100 E
1*
18
#198580000
0*
08
#198590000
b101000101 E
1*
18
#198600000
0*
08
#198610000
b101000110 E
1*
18
#198620000
0*
08
#198630000
b101000111 E
1*
18
#198640000
0*
08
#198650000
b101001000 E
1*
18
#198660000
0*
08
#198670000
b101001001 E
1*
18
#198680000
0*
08
#198690000
b101001010 E
1*
18
#198700000
0*
08
#198710000
b101001011 E
1*
18
#198720000
0*
08
#198730000
b101001100 E
1*
18
#198740000
0*
08
#198750000
b101001101 E
1*
18
#198760000
0*
08
#198770000
b101001110 E
1*
18
#198780000
0*
08
#198790000
b101001111 E
1*
18
#198800000
0*
08
#198810000
b101010000 E
1*
18
#198820000
0*
08
#198830000
b101010001 E
1*
18
#198840000
0*
08
#198850000
b101010010 E
1*
18
#198860000
0*
08
#198870000
b101010011 E
1*
18
#198880000
0*
08
#198890000
b101010100 E
1*
18
#198900000
0*
08
#198910000
b101010101 E
1*
18
#198920000
0*
08
#198930000
b101010110 E
1*
18
#198940000
0*
08
#198950000
b101010111 E
1*
18
#198960000
0*
08
#198970000
b101011000 E
1*
18
#198980000
0*
08
#198990000
b101011001 E
1*
18
#199000000
0*
08
#199010000
b101011010 E
1*
18
#199020000
0*
08
#199030000
b101011011 E
1*
18
#199040000
0*
08
#199050000
b101011100 E
1*
18
#199060000
0*
08
#199070000
b101011101 E
1*
18
#199080000
0*
08
#199090000
b101011110 E
1*
18
#199100000
0*
08
#199110000
b101011111 E
1*
18
#199120000
0*
08
#199130000
b101100000 E
1*
18
#199140000
0*
08
#199150000
b101100001 E
1*
18
#199160000
0*
08
#199170000
b101100010 E
1*
18
#199180000
0*
08
#199190000
b101100011 E
1*
18
#199200000
0*
08
#199210000
b101100100 E
1*
18
#199220000
0*
08
#199230000
b101100101 E
1*
18
#199240000
0*
08
#199250000
b101100110 E
1*
18
#199260000
0*
08
#199270000
b101100111 E
1*
18
#199280000
0*
08
#199290000
b101101000 E
1*
18
#199300000
0*
08
#199310000
b101101001 E
1*
18
#199320000
0*
08
#199330000
b101101010 E
1*
18
#199340000
0*
08
#199350000
b101101011 E
1*
18
#199360000
0*
08
#199370000
b101101100 E
1*
18
#199380000
0*
08
#199390000
b101101101 E
1*
18
#199400000
0*
08
#199410000
b101101110 E
1*
18
#199420000
0*
08
#199430000
b101101111 E
1*
18
#199440000
0*
08
#199450000
b101110000 E
1*
18
#199460000
0*
08
#199470000
b101110001 E
1*
18
#199480000
0*
08
#199490000
b101110010 E
1*
18
#199500000
0*
08
#199510000
b101110011 E
1*
18
#199520000
0*
08
#199530000
b101110100 E
1*
18
#199540000
0*
08
#199550000
b101110101 E
1*
18
#199560000
0*
08
#199570000
b101110110 E
1*
18
#199580000
0*
08
#199590000
b101110111 E
1*
18
#199600000
0*
08
#199610000
b101111000 E
1*
18
#199620000
0*
08
#199630000
b101111001 E
1*
18
#199640000
0*
08
#199650000
b101111010 E
1*
18
#199660000
0*
08
#199670000
b101111011 E
1*
18
#199680000
0*
08
#199690000
b101111100 E
1*
18
#199700000
0*
08
#199710000
b101111101 E
1*
18
#199720000
0*
08
#199730000
b101111110 E
1*
18
#199740000
0*
08
#199750000
b101111111 E
1*
18
#199760000
0*
08
#199770000
b110000000 E
1*
18
#199780000
0*
08
#199790000
b110000001 E
1*
18
#199800000
0*
08
#199810000
b110000010 E
1*
18
#199820000
0*
08
#199830000
b110000011 E
1*
18
#199840000
0*
08
#199850000
b110000100 E
1*
18
#199860000
0*
08
#199870000
b110000101 E
1*
18
#199880000
0*
08
#199890000
b110000110 E
1*
18
#199900000
0*
08
#199910000
b110000111 E
1*
18
#199920000
0*
08
#199930000
b110001000 E
1*
18
#199940000
0*
08
#199950000
b110001001 E
1*
18
#199960000
0*
08
#199970000
b110001010 E
1*
18
#199980000
0*
08
#199990000
b110001011 E
1*
18
#200000000
0*
08
